addbmm,torch.addbmm,1,1,1,1,1
adaptive_avg_pool2d,torch.nn.functional.adaptive_avg_pool2d,1,1,0,0,0
adaptive_max_pool2d,torch.nn.functional.adaptive_max_pool2d,1,0,0,0,0
addcdiv,torch.addcdiv,1,0,0,0,0
addmm,torch.addmm,0,0,0,0,0
addmv,torch.addmv,0,0,0,0,0
addr,torch.addr,1,0,0,0,0
allclose,torch.allclose,1,0,0,0,0
alpha_dropout,torch.nn.functional.alpha_dropout,0,0,0,0,0
amax,torch.amax,1,1,0,0,0
as_strided,torch.as_strided,0,0,0,0,0
atan2,torch.atan2,0,0,0,0,0
baddbmm,torch.baddbmm,1,1,0,0,0
batch_norm,torch.nn.functional.batch_norm,1,0,0,0,0
binaryCrossEntropyWithLogits,torch.nn.functional.binary_cross_entropy_with_logits,1,1,0,0,0
bincount,torch.bincount,0,0,0,0,0
bitwise_and,torch.bitwise_and,0,0,0,0,0
bitwise_or,torch.bitwise_or,0,0,0,0,0
bitwise_xor,torch.bitwise_xor,0,0,0,0,0
bmm,torch.bmm,0,0,0,0,0
broadcast_shapes,torch.broadcast_shapes,0,0,0,0,0
broadcast_to,torch.broadcast_to,0,0,0,0,0
cat,torch.cat,0,0,0,0,0
cdist,torch.cdist,1,0,0,0,0
cholesky_inverse,torch.cholesky_inverse,1,0,0,0,0
cholesky_solve,torch.cholesky_solve,1,1,1,1,1
chunk,torch.chunk,0,0,0,0,0
complex,torch.complex,1,0,0,0,0
copysign,torch.copysign,0,0,0,0,0
cosine_similarity,torch.nn.functional.cosine_similarity,0,0,0,0,0
countNonzero,torch.count_nonzero,1,0,0,0,0
cross_entropy,torch.nn.functional.cross_entropy,1,1,1,1,0
cross,torch.cross,1,0,0,0,0
dist,torch.dist,1,0,0,0,0
dot,torch.dot,1,0,0,0,0
einsum,torch.einsum,0,0,0,0,0
embedding_bag,torch.nn.functional.embedding_bag,1,0,0,0,0
empty_strided,torch.empty_strided,0,0,0,0,0
eq,torch.eq,0,0,0,0,0
flatten_,torch.flatten,0,0,0,0,0
Flatten,torch.nn.Flatten,1,0,0,0,0
flip,torch.flip,0,0,0,0,0
float_power,torch.float_power,0,0,0,0,0
floor_divide,torch.floor_divide,0,0,0,0,0
fmin,torch.fmin,0,0,0,0,0
FractionalMaxPool2d,torch.nn.FractionalMaxPool2d,1,0,0,0,0
full,torch.full,0,0,0,0,0
ge,torch.ge,0,0,0,0,0
ger,torch.ger,1,1,1,0,0
GroupNorm,torch.nn.GroupNorm,0,0,0,0,0
gt,torch.gt,0,0,0,0,0
heaviside,torch.heaviside,0,0,0,0,0
hypot,torch.hypot,1,0,0,0,0
igamma,torch.igamma,1,0,0,0,0
index_select,torch.index_select,1,1,1,1,1
inner,torch.inner,0,0,0,0,0
interpolate,torch.nn.functional.interpolate,1,1,1,0,0
isclose,torch.isclose,0,0,0,0,0
is_nonzero,torch.is_nonzero,1,0,0,0,0
l1_loss,torch.nn.functional.l1_loss,1,1,0,0,0
L1Loss,torch.nn.L1Loss,1,1,1,0,0
layer_norm,torch.nn.functional.layer_norm,1,0,0,0,0
LayerNorm,torch.nn.LayerNorm,0,0,0,0,0
lcm,torch.lcm,0,0,0,0,0
le,torch.le,0,0,0,0,0
lerp,torch.lerp,1,1,1,1,1
linear_,torch.nn.functional.linear,0,0,0,0,0
Linear,torch.nn.Linear,1,0,0,0,0
linspace,torch.linspace,1,1,0,0,0
logcumsumexp,torch.logcumsumexp,0,0,0,0,0
logspace,torch.logspace,1,0,0,0,0
LSTMCell,torch.nn.LSTMCell,1,1,1,1,1
lstsq,torch.lstsq,1,0,0,0,0
lu_solve,torch.lu_solve,1,0,0,0,0
margin_ranking_loss,torch.nn.functional.margin_ranking_loss,1,0,0,0,0
MarginRankingLoss,torch.nn.MarginRankingLoss,1,1,1,0,0
matrix_rank,torch.matrix_rank,1,1,1,1,1
max_pool1d,torch.nn.functional.max_pool1d,1,0,0,0,0
max_pool2d,torch.nn.functional.max_pool2d,1,0,0,0,0
MaxPool2d,torch.nn.MaxPool2d,0,0,0,0,0
max_pool3d,torch.nn.functional.max_pool3d,1,1,1,1,1
MaxPool3d,torch.nn.MaxPool3d,0,0,0,0,0
max_unpool2d,torch.nn.functional.max_unpool2d,1,1,1,1,1
MaxUnpool2d,torch.nn.MaxUnpool2d,1,1,1,1,1
mean,torch.mean,1,1,1,0,0
mm,torch.mm,0,0,0,0,0
movedim,torch.movedim,0,0,0,0,0
mse_loss,torch.nn.functional.mse_loss,1,1,0,0,0
MSELoss,torch.nn.MSELoss,1,1,1,0,0
multiheadAttentionClass,torch.nn.MultiheadAttention,1,1,1,1,1
multilabel_soft_margin_loss,torch.nn.functional.multilabel_soft_margin_loss,0,0,0,0,0
MultiLabelSoftMarginLoss,torch.nn.MultiLabelSoftMarginLoss,1,0,0,0,0
MultiMarginLoss,torch.nn.MultiMarginLoss,0,0,0,0,0
mv,torch.mv,0,0,0,0,0
nansum,torch.nansum,1,1,0,0,0
narrow,torch.narrow,0,0,0,0,0
nll_loss,torch.nn.functional.nll_loss,1,1,1,1,0
NLLLoss,torch.nn.NLLLoss,1,0,0,0,0
normalize,torch.nn.functional.normalize,0,0,0,0,0
ones,torch.ones,1,0,0,0,0
pad,torch.nn.functional.pad,1,1,1,1,1
PairwiseDistance,torch.nn.PairwiseDistance,0,0,0,0,0
pixel_shuffle,torch.nn.functional.pixel_shuffle,1,0,0,0,0
PixelShuffle,torch.nn.PixelShuffle,0,0,0,0,0
poisson_nll_loss,torch.nn.functional.poisson_nll_loss,1,0,0,0,0
PoissonNLLLoss,torch.nn.PoissonNLLLoss,1,0,0,0,0
polar,torch.polar,0,0,0,0,0
pow,torch.pow,1,0,0,0,0
prelu,torch.nn.functional.prelu,0,0,0,0,0
PReLU_,torch.nn.PReLU,1,1,0,0,0
rand_like,torch.rand_like,1,1,1,1,1
rand,torch.rand,0,0,0,0,0
repeat_interleave,torch.repeat_interleave,1,1,1,1,1
reshape,torch.reshape,0,0,0,0,0
rot90,torch.rot90,0,0,0,0,0
scatter_add,torch.scatter_add,1,1,1,1,1
Softmax,torch.nn.Softmax,0,0,0,0,0
Softmin,torch.nn.Softmin,1,0,0,0,0
solve,torch.solve,1,1,1,0,0
sparse_coo_tensor,torch.sparse_coo_tensor,1,1,1,1,1
split,torch.split,0,0,0,0,0
std_mean,torch.std_mean,1,0,0,0,0
std,torch.std,1,0,0,0,0
sub,torch.sub,1,0,0,0,0
tensordot,torch.tensordot,0,0,0,0,0
transpose,torch.transpose,0,0,0,0,0
trapz,torch.trapz,1,1,0,0,0
triangular_solve,torch.triangular_solve,1,1,1,0,0
unsqueeze,torch.unsqueeze,1,1,1,1,1
var_mean,torch.var_mean,1,0,0,0,0
var,torch.var,1,0,0,0,0
where,torch.where,0,0,0,0,0
zeros,torch.zeros,1,0,0,0,0
addbmm,torch.addbmm,1,0,0,0,0
cholesky_solve,torch.cholesky_solve,0,0,0,0,0
index_select,torch.index_select,1,1,1,1,1
lerp,torch.lerp,1,1,1,1,1
LSTMCell,torch.nn.LSTMCell,0,0,0,0,0
matrix_rank,torch.matrix_rank,1,1,0,0,0
max_pool3d,torch.nn.functional.max_pool3d,1,0,0,0,0
max_unpool2d,torch.nn.functional.max_unpool2d,1,0,0,0,0
MaxUnpool2d,torch.nn.MaxUnpool2d,0,0,0,0,0
multiheadAttentionClass,torch.nn.MultiheadAttention,1,1,1,1,1
pad,torch.nn.functional.pad,1,0,0,0,0
rand_like,torch.rand_like,0,0,0,0,0
repeat_interleave,torch.repeat_interleave,1,1,1,0,0
scatter_add,torch.scatter_add,1,1,1,1,1
sparse_coo_tensor,torch.sparse_coo_tensor,1,1,1,0,0
unsqueeze,torch.unsqueeze,0,0,0,0,0
matrix_exp,torch.matrix_exp,0,0,0,0,0
annotate,torch.jit.annotate,0,0,0,0,0
meshgrid,torch.meshgrid,1,0,0,0,0
cholesky_ex,torch.linalg.cholesky_ex,1,1,1,1,1
modified_bessel_i1,torch.special.modified_bessel_i1,1,1,1,1,1
tan_,torch.tan_,1,0,0,0,0
cudnn_affine_grid_generator,torch.cudnn_affine_grid_generator,1,1,1,1,1
softmax,torch.special.softmax,0,0,0,0,0
CELU,torch.nn.CELU,0,0,0,0,0
moveaxis,torch.moveaxis,0,0,0,0,0
UninitializedBuffer,torch.nn.UninitializedBuffer,1,1,1,1,1
clear_autocast_cache,torch.clear_autocast_cache,0,0,0,0,0
set_autocast_cpu_enabled,torch.set_autocast_cpu_enabled,0,0,0,0,0
native_channel_shuffle,torch.native_channel_shuffle,0,0,0,0,0
rfftfreq,torch.fft.rfftfreq,0,0,0,0,0
empty,torch.empty,1,1,1,0,0
fake_quantize_per_channel_affine,torch.fake_quantize_per_channel_affine,1,1,1,1,1
eig,torch.eig,0,0,0,0,0
is_floating_point,torch.is_floating_point,0,0,0,0,0
script_if_tracing,torch.jit.script_if_tracing,1,1,1,1,1
svdvals,torch.linalg.svdvals,0,0,0,0,0
Error,torch.jit.Error,0,0,0,0,0
BCELoss,torch.nn.BCELoss,1,1,1,1,1
Tanhshrink,torch.nn.Tanhshrink,1,1,0,0,0
erfc_,torch.erfc_,0,0,0,0,0
arcsinh_,torch.arcsinh_,1,0,0,0,0
arctanh,torch.arctanh,0,0,0,0,0
solve_ex,torch.linalg.solve_ex,1,0,0,0,0
sin_,torch.sin_,0,0,0,0,0
is_scripting,torch.jit.is_scripting,1,1,0,0,0
ldexp,torch.ldexp,0,0,0,0,0
adjoint,torch.adjoint,0,0,0,0,0
acos_,torch.acos_,0,0,0,0,0
wait,torch.jit.wait,1,1,1,1,1
set_anomaly_enabled,torch.set_anomaly_enabled,0,0,0,0,0
enable_onednn_fusion,torch.jit.enable_onednn_fusion,1,1,1,1,1
arccosh,torch.arccosh,0,0,0,0,0
AvgPool1d,torch.nn.AvgPool1d,1,1,1,1,1
compile,torch.compile,1,1,1,1,1
MaxUnpool1d,torch.nn.MaxUnpool1d,1,1,1,1,1
DoubleStorage,torch.DoubleStorage,1,1,1,1,1
FractionalMaxPool3d,torch.nn.FractionalMaxPool3d,1,1,0,0,0
is_autocast_enabled,torch.is_autocast_enabled,0,0,0,0,0
spherical_bessel_j0,torch.special.spherical_bessel_j0,1,0,0,0,0
all,torch.all,0,0,0,0,0
quantize_per_tensor,torch.quantize_per_tensor,1,1,0,0,0
matrix_power,torch.matrix_power,0,0,0,0,0
Mish,torch.nn.Mish,1,0,0,0,0
cosh_,torch.cosh_,1,0,0,0,0
data_parallel,torch.nn.parallel.data_parallel,1,1,1,1,1
use_deterministic_algorithms,torch.use_deterministic_algorithms,0,0,0,0,0
isreal,torch.isreal,0,0,0,0,0
AdaptiveAvgPool3d,torch.nn.AdaptiveAvgPool3d,1,1,0,0,0
any,torch.any,0,0,0,0,0
tensorinv,torch.linalg.tensorinv,1,1,1,1,1
parse_type_comment,torch.parse_type_comment,1,1,1,1,1
ReLU,torch.nn.ReLU,1,1,0,0,0
lu_unpack,torch.lu_unpack,1,1,0,0,0
BCEWithLogitsLoss,torch.nn.BCEWithLogitsLoss,1,1,0,0,0
clamp_max,torch.clamp_max,0,0,0,0,0
ndtr,torch.special.ndtr,1,1,1,1,1
PixelUnshuffle,torch.nn.PixelUnshuffle,0,0,0,0,0
bessel_y1,torch.special.bessel_y1,1,1,1,1,1
log_ndtr,torch.special.log_ndtr,1,1,1,1,1
eigvals,torch.linalg.eigvals,0,0,0,0,0
prepare_multiprocessing_environment,torch.prepare_multiprocessing_environment,1,1,1,1,0
get_device,torch.get_device,0,0,0,0,0
arccos,torch.arccos,0,0,0,0,0
gather,torch.gather,1,0,0,0,0
is_autocast_cache_enabled,torch.is_autocast_cache_enabled,0,0,0,0,0
set_grad_enabled,torch.set_grad_enabled,1,1,1,1,0
SmoothL1Loss,torch.nn.SmoothL1Loss,1,1,0,0,0
asinh_,torch.asinh_,1,0,0,0,0
multi_dot,torch.linalg.multi_dot,1,1,0,0,0
Identity,torch.nn.Identity,1,1,0,0,0
ShortStorage,torch.ShortStorage,1,1,1,1,1
enable_grad,torch.enable_grad,1,1,1,1,1
ModuleDict,torch.nn.ModuleDict,1,1,1,1,1
narrow_copy,torch.narrow_copy,1,0,0,0,0
LazyInstanceNorm1d,torch.nn.LazyInstanceNorm1d,1,1,0,0,0
diff,torch.diff,0,0,0,0,0
is_inference,torch.is_inference,1,1,1,1,1
bilinear,torch.bilinear,1,0,0,0,0
concat,torch.concat,0,0,0,0,0
index_add,torch.index_add,1,1,1,1,1
lerp,torch.lerp,1,1,0,0,0
square_,torch.square_,0,0,0,0,0
unravel_index,torch.unravel_index,0,0,0,0,0
pinv,torch.linalg.pinv,0,0,0,0,0
index_put,torch.index_put,1,0,0,0,0
spmm,torch.spmm,1,1,1,1,1
no_grad,torch.no_grad,1,1,1,1,1
Threshold,torch.nn.Threshold,1,0,0,0,0
unsafe_split_with_sizes,torch.unsafe_split_with_sizes,1,1,1,1,1
get_default_dtype,torch.get_default_dtype,0,0,0,0,0
scatter_reduce,torch.scatter_reduce,0,0,0,0,0
quantile,torch.quantile,1,0,0,0,0
gammainc,torch.special.gammainc,1,1,1,1,1
clip_,torch.clip_,1,0,0,0,0
Tanh,torch.nn.Tanh,1,1,0,0,0
histogram,torch.histogram,0,0,0,0,0
Unflatten,torch.nn.Unflatten,1,1,1,0,0
equal,torch.equal,0,0,0,0,0
isin,torch.isin,0,0,0,0,0
set_autocast_enabled,torch.set_autocast_enabled,1,0,0,0,0
frexp,torch.frexp,0,0,0,0,0
set_autocast_xla_enabled,torch.set_autocast_xla_enabled,0,0,0,0,0
matrix_rank,torch.matrix_rank,1,1,1,0,0
inv,torch.linalg.inv,0,0,0,0,0
expit,torch.special.expit,0,0,0,0,0
MaxUnpool3d,torch.nn.MaxUnpool3d,1,1,1,1,1
set_autocast_ipu_dtype,torch.set_autocast_ipu_dtype,1,1,1,1,1
channel_shuffle,torch.channel_shuffle,1,1,1,1,1
set_deterministic_debug_mode,torch.set_deterministic_debug_mode,0,0,0,0,0
remove_weight_norm,torch.nn.utils.remove_weight_norm,1,1,1,1,1
negative,torch.negative,0,0,0,0,0
arcsin,torch.arcsin,1,1,1,0,0
aminmax,torch.aminmax,1,0,0,0,0
index_select,torch.index_select,1,0,0,0,0
true_divide,torch.true_divide,0,0,0,0,0
hspmm,torch.hspmm,1,1,0,0,0
slogdet,torch.slogdet,1,1,0,0,0
erfcx,torch.special.erfcx,0,0,0,0,0
multiheadAttentionClass,torch.nn.MultiheadAttention,1,1,1,1,1
LazyBatchNorm1d,torch.nn.LazyBatchNorm1d,1,1,1,1,1
sqrt_,torch.sqrt_,0,0,0,0,0
sinc,torch.special.sinc,1,1,1,1,1
freeze,torch.jit.freeze,1,0,0,0,0
arcsin_,torch.arcsin_,0,0,0,0,0
put,torch.put,1,1,1,1,1
is_storage,torch.is_storage,0,0,0,0,0
cross,torch.cross,0,0,0,0,0
autocast_decrement_nesting,torch.autocast_decrement_nesting,1,1,1,1,1
Parameter,torch.nn.Parameter,1,0,0,0,0
celu,torch.celu,0,0,0,0,0
is_tracing,torch.jit.is_tracing,1,1,0,0,0
ScriptWarning,torch.jit.ScriptWarning,1,0,0,0,0
parse_schema,torch.parse_schema,1,1,1,1,1
gammaln,torch.special.gammaln,1,1,1,1,1
entr,torch.special.entr,1,0,0,0,0
conj_physical_,torch.conj_physical_,0,0,0,0,0
replicate,torch.nn.parallel.replicate,1,1,1,1,1
is_same_size,torch.is_same_size,1,1,1,1,1
is_warn_always_enabled,torch.is_warn_always_enabled,0,0,0,0,0
atan_,torch.atan_,1,0,0,0,0
fft2,torch.fft.fft2,1,0,0,0,0
ceil_,torch.ceil_,0,0,0,0,0
script,torch.jit.script,1,1,1,1,1
masked_scatter,torch.masked_scatter,0,0,0,0,0
row_stack,torch.row_stack,0,0,0,0,0
psi,torch.special.psi,1,1,1,1,1
are_deterministic_algorithms_enabled,torch.are_deterministic_algorithms_enabled,0,0,0,0,0
set_module,torch.jit.set_module,0,0,0,0,0
celu_,torch.nn.functional.celu,1,0,0,0,0
scatter_add,torch.scatter_add,1,0,0,0,0
relu_,torch.relu_,0,0,0,0,0
fmax,torch.fmax,0,0,0,0,0
nan_to_num,torch.nan_to_num,1,0,0,0,0
randn_like,torch.randn_like,1,0,0,0,0
cosine_similarity,torch.nn.functional.cosine_similarity,1,0,0,0,0
is_inference_mode_enabled,torch.is_inference_mode_enabled,0,0,0,0,0
LazyInstanceNorm2d,torch.nn.LazyInstanceNorm2d,1,1,0,0,0
modified_bessel_k0,torch.special.modified_bessel_k0,1,1,1,1,1
set_fusion_strategy,torch.jit.set_fusion_strategy,1,1,1,1,1
vecdot,torch.linalg.vecdot,1,0,0,0,0
fork,torch.jit.fork,1,1,1,1,1
gammaincc,torch.special.gammaincc,1,0,0,0,0
CircularPad1d,torch.nn.CircularPad1d,1,1,0,0,0
CosineSimilarity,torch.nn.CosineSimilarity,1,0,0,0,0
hsplit,torch.hsplit,1,0,0,0,0
multiply,torch.multiply,0,0,0,0,0
addmv_,torch.addmv_,1,0,0,0,0
get_num_threads,torch.get_num_threads,0,0,0,0,0
fftshift,torch.fft.fftshift,0,0,0,0,0
parameters_to_vector,torch.nn.utils.parameters_to_vector,0,0,0,0,0
set_default_device,torch.set_default_device,0,0,0,0,0
alias_copy,torch.alias_copy,0,0,0,0,0
set_default_tensor_type,torch.set_default_tensor_type,1,1,1,1,1
solve_triangular,torch.linalg.solve_triangular,1,1,0,0,0
lu,torch.linalg.lu,1,0,0,0,0
vsplit,torch.vsplit,0,0,0,0,0
ZeroPad2d,torch.nn.ZeroPad2d,1,1,0,0,0
KLDivLoss,torch.nn.KLDivLoss,0,0,0,0,0
LazyBatchNorm2d,torch.nn.LazyBatchNorm2d,1,1,1,1,1
set_autocast_ipu_enabled,torch.set_autocast_ipu_enabled,0,0,0,0,0
det,torch.det,1,0,0,0,0
TripletMarginLoss,torch.nn.TripletMarginLoss,1,1,0,0,0
autocast,torch.autocast,1,1,1,1,1
typename,torch.typename,0,0,0,0,0
tile,torch.tile,0,0,0,0,0
flatten,torch.flatten,0,0,0,0,0
RReLU,torch.nn.RReLU,1,1,1,1,1
get_default_device,torch.get_default_device,0,0,0,0,0
HingeEmbeddingLoss,torch.nn.HingeEmbeddingLoss,1,1,1,1,1
arccos_,torch.arccos_,0,0,0,0,0
concatenate,torch.concatenate,1,0,0,0,0
embedding_bag,torch.nn.functional.embedding_bag,1,0,0,0,0
modified_bessel_i0,torch.special.modified_bessel_i0,1,1,1,1,1
permute,torch.permute,0,0,0,0,0
Softplus,torch.nn.Softplus,1,0,0,0,0
is_autocast_cpu_enabled,torch.is_autocast_cpu_enabled,0,0,0,0,0
ifftshift,torch.fft.ifftshift,0,0,0,0,0
fake_quantize_per_tensor_affine,torch.fake_quantize_per_tensor_affine,0,0,0,0,0
set_num_threads,torch.set_num_threads,1,1,0,0,0
ndtri,torch.special.ndtri,1,1,1,1,1
LocalResponseNorm,torch.nn.LocalResponseNorm,1,1,1,0,0
column_stack,torch.column_stack,0,0,0,0,0
subtract,torch.subtract,1,0,0,0,0
iinfo,torch.iinfo,1,1,1,1,1
is_autocast_ipu_enabled,torch.is_autocast_ipu_enabled,0,0,0,0,0
rsqrt_,torch.rsqrt_,0,0,0,0,0
asarray,torch.asarray,1,1,1,1,1
reciprocal_,torch.reciprocal_,1,0,0,0,0
fix,torch.fix,1,0,0,0,0
arctan,torch.arctan,0,0,0,0,0
BatchNorm1d,torch.nn.BatchNorm1d,1,1,1,1,1
rsub,torch.rsub,1,0,0,0,0
CosineEmbeddingLoss,torch.nn.CosineEmbeddingLoss,1,0,0,0,0
less_equal,torch.less_equal,0,0,0,0,0
select,torch.select,0,0,0,0,0
ones_like,torch.ones_like,0,0,0,0,0
cholesky,torch.cholesky,0,0,0,0,0
optimize_for_inference,torch.jit.optimize_for_inference,0,0,0,0,0
clone,torch.clone,0,0,0,0,0
ZeroPad1d,torch.nn.ZeroPad1d,1,1,0,0,0
ReflectionPad3d,torch.nn.ReflectionPad3d,1,1,0,0,0
smm,torch.smm,1,1,1,1,1
strict_fusion,torch.jit.strict_fusion,1,1,1,1,0
bartlett_window,torch.bartlett_window,0,0,0,0,0
abs_,torch.abs_,1,1,0,0,0
fftn,torch.fft.fftn,1,0,0,0,0
arcsinh,torch.arcsinh,0,0,0,0,0
positive,torch.positive,0,0,0,0,0
arctan_,torch.arctan_,1,0,0,0,0
acosh_,torch.acosh_,0,0,0,0,0
eigh,torch.linalg.eigh,0,0,0,0,0
ModuleList,torch.nn.ModuleList,0,0,0,0,0
count_nonzero,torch.count_nonzero,0,0,0,0,0
hamming_window,torch.hamming_window,0,0,0,0,0
set_num_interop_threads,torch.set_num_interop_threads,1,1,0,0,0
arctanh_,torch.arctanh_,0,0,0,0,0
multigammaln,torch.special.multigammaln,0,0,0,0,0
view_as_real,torch.view_as_real,0,0,0,0,0
is_grad_enabled,torch.is_grad_enabled,0,0,0,0,0
sspaddmm,torch.sspaddmm,1,1,1,1,1
sym_fresh_size,torch.sym_fresh_size,1,1,1,1,1
select_copy,torch.select_copy,0,0,0,0,0
pdist,torch.pdist,1,1,1,1,1
autocast_increment_nesting,torch.autocast_increment_nesting,0,0,0,0,0
native_dropout,torch.native_dropout,1,0,0,0,0
QFunctional,torch.nn.quantized.QFunctional,1,1,1,1,1
get_autocast_xla_dtype,torch.get_autocast_xla_dtype,1,1,1,1,1
floor_,torch.floor_,0,0,0,0,0
bessel_y0,torch.special.bessel_y0,1,1,1,1,1
quantize_per_channel,torch.quantize_per_channel,1,1,1,1,1
CrossEntropyLoss,torch.nn.CrossEntropyLoss,0,0,0,0,0
frombuffer,torch.frombuffer,1,1,1,1,1
LogSoftmax,torch.nn.LogSoftmax,1,0,0,0,0
rfft,torch.fft.rfft,0,0,0,0,0
vitals_enabled,torch.vitals_enabled,1,1,1,1,1
is_anomaly_check_nan_enabled,torch.is_anomaly_check_nan_enabled,0,0,0,0,0
negative_,torch.negative_,0,0,0,0,0
stft,torch.stft,0,0,0,0,0
absolute,torch.absolute,0,0,0,0,0
sym_float,torch.sym_float,1,1,1,1,1
index_copy,torch.index_copy,1,0,0,0,0
greater,torch.greater,0,0,0,0,0
IntStorage,torch.IntStorage,1,1,1,1,1
as_strided_copy,torch.as_strided_copy,1,0,0,0,0
run_frozen_optimizations,torch.jit.run_frozen_optimizations,1,1,1,1,1
is_deterministic_algorithms_warn_only_enabled,torch.is_deterministic_algorithms_warn_only_enabled,1,1,1,1,1
gradient,torch.gradient,1,1,1,1,1
get_total_norm,torch.nn.utils.get_total_norm,1,0,0,0,0
divide,torch.divide,0,0,0,0,0
get_file_path,torch.get_file_path,1,1,1,1,1
save,torch.save,0,0,0,0,0
view_as_complex_copy,torch.view_as_complex_copy,0,0,0,0,0
GaussianNLLLoss,torch.nn.GaussianNLLLoss,1,0,0,0,0
vstack,torch.vstack,1,0,0,0,0
CompilationUnit,torch.jit.CompilationUnit,1,1,1,1,1
argwhere,torch.argwhere,0,0,0,0,0
Sigmoid,torch.nn.Sigmoid,1,1,0,0,0
SyncBatchNorm,torch.nn.SyncBatchNorm,1,1,1,1,1
crow_indices_copy,torch.crow_indices_copy,1,1,1,1,0
tanh,torch.tanh,0,0,0,0,0
cos_,torch.cos_,0,0,0,0,0
vector_to_parameters,torch.nn.utils.vector_to_parameters,1,1,1,1,1
expand_copy,torch.expand_copy,1,1,1,1,1
less,torch.less,0,0,0,0,0
nanmean,torch.nanmean,1,0,0,0,0
vander,torch.vander,0,0,0,0,0
xlog1py,torch.special.xlog1py,1,1,1,1,1
fft,torch.fft.fft,0,0,0,0,0
dsplit,torch.dsplit,0,0,0,0,0
bessel_j1,torch.special.bessel_j1,1,1,1,1,1
Hardsigmoid,torch.nn.Hardsigmoid,0,0,0,0,0
i0e,torch.special.i0e,1,1,1,1,1
vdot,torch.vdot,0,0,0,0,0
log_softmax,torch.nn.functional.log_softmax,0,0,0,0,0
igammac,torch.igammac,0,0,0,0,0
ParameterList,torch.nn.ParameterList,1,1,1,1,1
ConstantPad1d,torch.nn.ConstantPad1d,1,1,0,0,0
cond,torch.cond,0,0,0,0,0
diagonal,torch.diagonal,0,0,0,0,0
erf_,torch.erf_,0,0,0,0,0
set_default_dtype,torch.set_default_dtype,1,1,1,1,1
bitwise_left_shift,torch.bitwise_left_shift,1,0,0,0,0
sparse_bsr_tensor,torch.sparse_bsr_tensor,1,1,1,1,1
conj_physical,torch.conj_physical,0,0,0,0,0
ignore,torch.jit.ignore,1,1,1,1,1
is_autocast_xla_enabled,torch.is_autocast_xla_enabled,0,0,0,0,0
threshold,torch.threshold,0,0,0,0,0
miopen_batch_norm,torch.miopen_batch_norm,0,0,0,0,0
BatchNorm2d,torch.nn.BatchNorm2d,1,1,1,1,1
sym_int,torch.sym_int,1,1,1,1,1
greater_equal,torch.greater_equal,0,0,0,0,0
from_numpy,torch.from_numpy,1,1,1,1,1
vector_norm,torch.linalg.vector_norm,1,1,0,0,0
DataParallel,torch.nn.DataParallel,1,1,1,1,1
is_anomaly_enabled,torch.is_anomaly_enabled,0,0,0,0,0
view_as_complex,torch.view_as_complex,0,0,0,0,0
get_autocast_cpu_dtype,torch.get_autocast_cpu_dtype,0,0,0,0,0
get_deterministic_debug_mode,torch.get_deterministic_debug_mode,0,0,0,0,0
gcd_,torch.gcd_,0,0,0,0,0
qr,torch.qr,1,0,0,0,0
swapaxes,torch.swapaxes,0,0,0,0,0
rfft2,torch.fft.rfft2,0,0,0,0,0
manual_seed,torch.manual_seed,0,0,0,0,0
dequantize,torch.dequantize,1,1,1,1,1
isinstance,torch.jit.isinstance,1,1,1,1,1
swapdims,torch.swapdims,0,0,0,0,0
set_autocast_cache_enabled,torch.set_autocast_cache_enabled,0,0,0,0,0
set_autocast_cpu_dtype,torch.set_autocast_cpu_dtype,1,1,1,1,1
hermite_polynomial_he,torch.special.hermite_polynomial_he,1,1,1,1,1
trunc_,torch.trunc_,0,0,0,0,0
hann_window,torch.hann_window,0,0,0,0,0
finfo,torch.finfo,1,1,1,1,1
layer_norm,torch.nn.functional.layer_norm,1,0,0,0,0
corrcoef,torch.corrcoef,0,0,0,0,0
atanh_,torch.atanh_,0,0,0,0,0
HuberLoss,torch.nn.HuberLoss,1,1,0,0,0
take,torch.take,0,0,0,0,0
optimized_execution,torch.jit.optimized_execution,1,1,1,1,1
asin_,torch.asin_,0,0,0,0,0
set_warn_always,torch.set_warn_always,0,0,0,0,0
get_rng_state,torch.get_rng_state,0,0,0,0,0
fftfreq,torch.fft.fftfreq,0,0,0,0,0
SoftMarginLoss,torch.nn.SoftMarginLoss,1,1,0,0,0
clip,torch.clip,0,0,0,0,0
load,torch.jit.load,0,0,0,0,0
solve,torch.solve,1,1,1,1,1
not_equal,torch.not_equal,0,0,0,0,0
i1,torch.special.i1,1,1,1,1,1
logit_,torch.logit_,0,0,0,0,0
RMSNorm,torch.nn.RMSNorm,1,1,1,1,1
sigmoid_,torch.sigmoid_,1,0,0,0,0
log_,torch.log_,0,0,0,0,0
UninitializedParameter,torch.nn.UninitializedParameter,1,1,1,0,0
ldexp_,torch.ldexp_,0,0,0,0,0
from_dlpack,torch.from_dlpack,1,1,1,1,1
bitwise_right_shift,torch.bitwise_right_shift,0,0,0,0,0
Unfold,torch.nn.Unfold,1,1,1,1,1
multinomial,torch.multinomial,1,0,0,0,0
softmax_,torch.nn.functional.softmax,0,0,0,0,0
softmin_,torch.nn.functional.softmin,1,0,0,0,0
matrix_exp,torch.matrix_exp,0,0,0,0,0
matrix_power,torch.matrix_power,0,0,0,0,0
logdet,torch.logdet,1,1,0,0,0
logSoftmaxClass,torch.nn.LogSoftmax,0,0,0,0,0
slogdet,torch.slogdet,1,1,0,0,0
symeig,torch.symeig,0,0,0,0,0
remainder,torch.remainder,0,0,0,0,0
lt,torch.lt,0,0,0,0,0
logaddexp2,torch.logaddexp2,1,0,0,0,0
logaddexp,torch.logaddexp,1,0,0,0,0
maximum,torch.maximum,0,0,0,0,0
minimum,torch.minimum,0,0,0,0,0
nextafter,torch.nextafter,1,0,0,0,0
inverse,torch.inverse,1,0,0,0,0
avg_pool1d,torch.nn.functional.avg_pool1d,1,1,1,1,1
chain_matmul,torch.chain_matmul,0,0,0,0,0
cumsum,torch.cumsum,0,0,0,0,0
avg_pool2d,torch.nn.functional.avg_pool2d,1,0,0,0,0
cumprod,torch.cumprod,0,0,0,0,0
det,torch.det,1,1,0,0,0
amin,torch.amin,1,0,0,0,0
argmax,torch.argmax,1,0,0,0,0
argmin,torch.argmin,1,0,0,0,0
argsort,torch.argsort,0,0,0,0,0
unique,torch.unique,1,1,1,1,1
unique_consecutive,torch.unique_consecutive,0,0,0,0,0
logsumexp,torch.logsumexp,0,0,0,0,0
max,torch.max,0,0,0,0,0
prod,torch.prod,0,0,0,0,0
squeeze,torch.squeeze,0,0,0,0,0
log_softmax,torch.nn.functional.log_softmax,0,0,0,0,0
pairwise_distance,torch.nn.functional.pairwise_distance,0,0,0,0,0
mul,torch.mul,0,0,0,0,0
ne,torch.ne,0,0,0,0,0
eig,torch.eig,0,0,0,0,0
grucell,torch.nn.GRUCell,0,0,0,0,0
add,torch.add,1,0,0,0,0
stack,torch.stack,1,0,0,0,0
unbind,torch.unbind,0,0,0,0,0
logical_or,torch.logical_or,0,0,0,0,0
masked_select,torch.masked_select,1,0,0,0,0
logical_and,torch.logical_and,0,0,0,0,0
logical_xor,torch.logical_xor,0,0,0,0,0
cartesian_prod,torch.cartesian_prod,1,0,0,0,0
avg_pool1d,torch.nn.functional.avg_pool1d,1,1,1,1,1
unique,torch.unique,0,0,0,0,0
cholesky_ex,torch.linalg.cholesky_ex,1,1,1,1,1
modified_bessel_i1,torch.special.modified_bessel_i1,1,1,1,1,1
cudnn_affine_grid_generator,torch.cudnn_affine_grid_generator,1,1,1,1,1
UninitializedBuffer,torch.nn.UninitializedBuffer,1,1,1,1,1
fake_quantize_per_channel_affine,torch.fake_quantize_per_channel_affine,1,1,1,1,1
script_if_tracing,torch.jit.script_if_tracing,1,1,1,1,1
BCELoss,torch.nn.BCELoss,1,1,1,1,1
wait,torch.jit.wait,1,1,1,1,1
enable_onednn_fusion,torch.jit.enable_onednn_fusion,1,1,1,1,1
AvgPool1d,torch.nn.AvgPool1d,1,1,1,1,1
compile,torch.compile,1,1,1,1,1
MaxUnpool1d,torch.nn.MaxUnpool1d,1,1,1,1,1
DoubleStorage,torch.DoubleStorage,1,1,1,0,0
data_parallel,torch.nn.parallel.data_parallel,1,1,1,1,1
tensorinv,torch.linalg.tensorinv,1,1,1,1,1
parse_type_comment,torch.parse_type_comment,1,1,1,1,1
ndtr,torch.special.ndtr,1,1,1,1,1
bessel_y1,torch.special.bessel_y1,1,1,1,1,1
log_ndtr,torch.special.log_ndtr,1,1,1,1,1
ShortStorage,torch.ShortStorage,1,1,0,0,0
enable_grad,torch.enable_grad,1,1,1,1,0
ModuleDict,torch.nn.ModuleDict,1,1,1,1,1
is_inference,torch.is_inference,1,1,1,1,1
index_add,torch.index_add,1,1,1,1,1
spmm,torch.spmm,1,1,1,1,1
no_grad,torch.no_grad,1,1,1,1,1
unsafe_split_with_sizes,torch.unsafe_split_with_sizes,1,1,1,1,1
gammainc,torch.special.gammainc,1,1,1,1,1
MaxUnpool3d,torch.nn.MaxUnpool3d,1,1,1,1,1
set_autocast_ipu_dtype,torch.set_autocast_ipu_dtype,1,1,1,1,1
channel_shuffle,torch.channel_shuffle,1,1,1,1,1
remove_weight_norm,torch.nn.utils.remove_weight_norm,1,1,1,1,1
multiheadAttentionClass,torch.nn.MultiheadAttention,1,1,1,1,1
LazyBatchNorm1d,torch.nn.LazyBatchNorm1d,1,1,1,1,1
sinc,torch.special.sinc,1,1,1,1,1
put,torch.put,1,1,1,1,1
autocast_decrement_nesting,torch.autocast_decrement_nesting,1,1,1,1,1
parse_schema,torch.parse_schema,1,1,1,1,1
gammaln,torch.special.gammaln,1,1,1,1,1
replicate,torch.nn.parallel.replicate,1,1,1,1,1
is_same_size,torch.is_same_size,1,1,1,1,1
script,torch.jit.script,1,1,1,1,1
psi,torch.special.psi,1,1,1,1,1
modified_bessel_k0,torch.special.modified_bessel_k0,1,1,1,1,1
set_fusion_strategy,torch.jit.set_fusion_strategy,1,1,1,1,1
fork,torch.jit.fork,1,1,1,1,1
set_default_tensor_type,torch.set_default_tensor_type,1,1,1,1,1
LazyBatchNorm2d,torch.nn.LazyBatchNorm2d,1,1,1,1,1
autocast,torch.autocast,1,1,1,1,1
RReLU,torch.nn.RReLU,1,1,1,1,1
HingeEmbeddingLoss,torch.nn.HingeEmbeddingLoss,0,0,0,0,0
modified_bessel_i0,torch.special.modified_bessel_i0,1,1,1,1,1
ndtri,torch.special.ndtri,1,1,1,1,1
iinfo,torch.iinfo,1,1,1,1,1
asarray,torch.asarray,1,1,1,1,0
BatchNorm1d,torch.nn.BatchNorm1d,1,1,1,1,1
smm,torch.smm,1,1,1,1,1
sspaddmm,torch.sspaddmm,1,1,0,0,0
sym_fresh_size,torch.sym_fresh_size,1,1,1,1,1
pdist,torch.pdist,1,1,1,1,1
QFunctional,torch.nn.quantized.QFunctional,1,1,1,1,1
get_autocast_xla_dtype,torch.get_autocast_xla_dtype,1,1,1,1,1
bessel_y0,torch.special.bessel_y0,1,1,1,1,1
quantize_per_channel,torch.quantize_per_channel,1,1,1,1,1
frombuffer,torch.frombuffer,1,1,1,1,1
vitals_enabled,torch.vitals_enabled,1,1,1,0,0
sym_float,torch.sym_float,1,1,1,1,1
IntStorage,torch.IntStorage,1,1,1,1,1
run_frozen_optimizations,torch.jit.run_frozen_optimizations,1,1,1,1,1
is_deterministic_algorithms_warn_only_enabled,torch.is_deterministic_algorithms_warn_only_enabled,1,1,1,1,1
gradient,torch.gradient,1,1,1,1,1
get_file_path,torch.get_file_path,1,1,1,1,1
CompilationUnit,torch.jit.CompilationUnit,1,1,1,1,1
SyncBatchNorm,torch.nn.SyncBatchNorm,1,1,1,1,1
vector_to_parameters,torch.nn.utils.vector_to_parameters,1,1,1,1,1
expand_copy,torch.expand_copy,1,1,1,1,1
xlog1py,torch.special.xlog1py,1,1,1,1,1
bessel_j1,torch.special.bessel_j1,1,1,1,1,1
i0e,torch.special.i0e,1,1,1,1,1
ParameterList,torch.nn.ParameterList,1,1,1,1,1
set_default_dtype,torch.set_default_dtype,1,1,1,1,1
sparse_bsr_tensor,torch.sparse_bsr_tensor,1,1,1,1,1
ignore,torch.jit.ignore,1,1,1,1,1
BatchNorm2d,torch.nn.BatchNorm2d,1,1,1,1,1
sym_int,torch.sym_int,1,1,1,1,1
from_numpy,torch.from_numpy,1,1,1,1,1
DataParallel,torch.nn.DataParallel,1,1,1,1,1
dequantize,torch.dequantize,1,1,1,1,1
isinstance,torch.jit.isinstance,1,1,1,1,1
set_autocast_cpu_dtype,torch.set_autocast_cpu_dtype,1,1,1,1,1
hermite_polynomial_he,torch.special.hermite_polynomial_he,1,1,1,1,1
finfo,torch.finfo,1,1,1,1,1
optimized_execution,torch.jit.optimized_execution,1,1,1,1,1
i1,torch.special.i1,1,1,1,1,1
RMSNorm,torch.nn.RMSNorm,1,1,1,1,1
from_dlpack,torch.from_dlpack,1,1,1,1,1
Unfold,torch.nn.Unfold,1,1,1,1,1
cross_entropy,torch.nn.functional.cross_entropy,1,1,1,0,0
cross_entropy,torch.nn.functional.cross_entropy,1,1,0,0,0
cross_entropy,torch.nn.functional.cross_entropy,1,1,1,0,0
conv_transpose2d,torch.nn.functional.conv_transpose2d,1,0,0,0,0
UninitializedParameter,torch.nn.UninitializedParameter,1,1,1,1,1
adaptive_max_pool2d,torch.nn.functional.adaptive_max_pool2d,1,0,0,0,0
cdist,torch.cdist,0,0,0,0,0
cross,torch.cross,0,0,0,0,0
diagonal,torch.diagonal,1,1,1,1,1
eigh,torch.linalg.eigh,0,0,0,0,0
gammainc,torch.special.gammainc,1,1,1,1,1
interpolate,torch.nn.functional.interpolate,1,0,0,0,0
is_tracing,torch.jit.is_tracing,1,1,0,0,0
layer_norm,torch.nn.functional.layer_norm,1,1,0,0,0
log_softmax,torch.nn.functional.log_softmax,0,0,0,0,0
outer,torch.outer,0,0,0,0,0
sspaddmm,torch.sspaddmm,1,1,1,1,1
strict_fusion,torch.jit.strict_fusion,1,1,1,0,0
add,torch.add,1,1,0,0,0
UninitializedParameter,torch.nn.UninitializedParameter,1,1,1,1,1
gammainc,torch.special.gammainc,1,1,1,1,1
sspaddmm,torch.sspaddmm,1,1,1,1,1
torch.nn.Flatten,None,1,1,1,1,1
torch.nn.Flatten,None,1,1,1,1,1
torch.nn.FractionalMaxPool2d,None,1,1,1,1,1
torch.nn.FractionalMaxPool2d,None,1,1,1,1,1
torch.nn.Flatten,None,0,0,0,0,0
torch.nn.FractionalMaxPool2d,None,0,0,0,0,0
torch.nn.FractionalMaxPool2d,None,0,0,0,0,0
torch.nn.GroupNorm,None,1,1,1,1,1
torch.nn.Hardshrink,None,1,0,0,0,0
torch.nn.Hardswish,None,0,0,0,0,0
torch.nn.Hardtanh,None,0,0,0,0,0
torch.nn.InstanceNorm1d,None,1,1,1,1,1
torch.nn.GroupNorm,None,1,1,1,1,1
torch.nn.InstanceNorm1d,None,1,0,0,0,0
torch.nn.InstanceNorm2d,None,1,0,0,0,0
torch.nn.InstanceNorm3d,None,1,0,0,0,0
torch.nn.L1Loss,None,1,1,0,0,0
torch.nn.LPPool1d,None,0,0,0,0,0
torch.nn.LPPool2d,None,0,0,0,0,0
torch.nn.LPPool2d,None,1,0,0,0,0
torch.nn.Flatten,None,0,0,0,0,0
torch.nn.FractionalMaxPool2d,None,1,0,0,0,0
torch.nn.L1Loss,None,1,1,0,0,0
torch.nn.LSTMCell,None,1,1,1,1,1
torch.nn.LayerNorm,None,1,0,0,0,0
torch.nn.LayerNorm,None,1,0,0,0,0
torch.nn.LayerNorm,None,1,0,0,0,0
torch.nn.L1Loss,None,1,1,0,0,0
torch.nn.LSTMCell,None,1,1,1,1,1
torch.nn.LeakyReLU,None,0,0,0,0,0
torch.nn.Linear,None,1,0,0,0,0
torch.nn.LogSigmoid,None,0,0,0,0,0
torch.nn.MSELoss,None,1,1,0,0,0
torch.nn.MarginRankingLoss,None,0,0,0,0,0
torch.nn.MaxPool2d,None,1,0,0,0,0
torch.nn.MaxPool2d,None,1,0,0,0,0
torch.nn.MaxPool2d,None,0,0,0,0,0
torch.nn.MaxPool2d,None,1,1,0,0,0
torch.nn.MaxPool2d,None,0,0,0,0,0
torch.nn.MaxPool2d,None,1,1,1,0,0
torch.nn.MaxPool2d,None,1,0,0,0,0
torch.nn.MaxPool2d,None,1,0,0,0,0
torch.nn.MaxPool2d,None,1,0,0,0,0
torch.nn.MaxPool2d,None,1,0,0,0,0
torch.nn.MaxPool2d,None,1,1,1,1,1
torch.nn.MaxPool2d,None,1,0,0,0,0
torch.nn.MaxPool2d,None,1,0,0,0,0
torch.nn.MaxPool3d,None,1,0,0,0,0
torch.nn.MaxPool3d,None,1,0,0,0,0
torch.nn.MaxUnpool2d,None,1,0,0,0,0
torch.nn.MaxUnpool2d,None,1,0,0,0,0
torch.nn.MultiLabelSoftMarginLoss,None,0,0,0,0,0
torch.nn.MultiMarginLoss,None,1,0,0,0,0
torch.nn.NLLLoss,None,1,1,1,1,0
torch.nn.PReLU,None,1,0,0,0,0
torch.nn.PairwiseDistance,None,1,0,0,0,0
torch.nn.PixelShuffle,None,0,0,0,0,0
torch.nn.PoissonNLLLoss,None,1,0,0,0,0
torch.nn.ReLU6,None,1,0,0,0,0
torch.nn.LSTMCell,None,1,1,1,1,1
torch.nn.MaxPool2d,None,1,0,0,0,0
torch.nn.ReLU,None,0,0,0,0,0
torch.nn.ReflectionPad1d,None,1,0,0,0,0
torch.nn.ReflectionPad1d,None,1,0,0,0,0
torch.nn.ReflectionPad2d,None,0,0,0,0,0
torch.nn.ReflectionPad2d,None,1,0,0,0,0
torch.nn.ReplicationPad1d,None,0,0,0,0,0
torch.nn.ReplicationPad1d,None,1,0,0,0,0
torch.nn.ReplicationPad3d,None,0,0,0,0,0
torch.nn.ReplicationPad3d,None,0,0,0,0,0
torch.nn.SELU,None,1,0,0,0,0
torch.nn.SiLU,None,1,0,0,0,0
torch.nn.Sigmoid,None,0,0,0,0,0
torch.nn.Softmax,None,1,1,0,0,0
torch.nn.Softmax2d,None,1,0,0,0,0
torch.nn.Softmin,None,0,0,0,0,0
torch.nn.Softplus,None,1,0,0,0,0
torch.nn.Softshrink,None,1,0,0,0,0
torch.nn.Softsign,None,0,0,0,0,0
torch.nn.LSTMCell,None,1,1,1,1,1
torch.abs,None,1,1,1,1,1
torch.acos,None,1,1,1,1,1
torch.acosh,None,1,1,1,1,1
torch.nn.functional.adaptive_avg_pool1d,None,1,0,0,0,0
torch.nn.functional.adaptive_avg_pool1d,None,1,0,0,0,0
torch.nn.functional.adaptive_avg_pool2d,None,1,0,0,0,0
torch.nn.functional.adaptive_avg_pool2d,None,1,1,1,0,0
torch.nn.functional.adaptive_max_pool1d,None,0,0,0,0,0
torch.nn.functional.adaptive_max_pool1d,None,1,0,0,0,0
torch.nn.functional.adaptive_max_pool2d,None,1,1,0,0,0
torch.nn.functional.adaptive_max_pool2d,None,1,1,0,0,0
torch.add,None,1,1,0,0,0
torch.add,None,1,0,0,0,0
torch.addbmm,None,1,0,0,0,0
torch.addcdiv,None,1,1,0,0,0
torch.addcmul,None,0,0,0,0,0
torch.addmm,None,1,0,0,0,0
torch.addmv,None,0,0,0,0,0
torch.addr,None,1,1,0,0,0
torch.allclose,None,0,0,0,0,0
torch.nn.functional.alpha_dropout,None,0,0,0,0,0
torch.amax,None,1,1,0,0,0
torch.amax,None,1,1,1,1,1
torch.amin,None,1,1,1,1,1
torch.amin,None,1,1,1,1,1
torch.angle,None,1,1,1,1,1
torch.arange,None,1,1,1,1,0
torch.argmax,None,1,0,0,0,0
torch.argmax,None,0,0,0,0,0
torch.argmin,None,0,0,0,0,0
torch.argsort,None,1,0,0,0,0
torch.as_strided,None,1,1,0,0,0
torch.as_tensor,None,0,0,0,0,0
torch.as_tensor,None,0,0,0,0,0
torch.as_tensor,None,0,0,0,0,0
torch.as_tensor,None,0,0,0,0,0
torch.as_tensor,None,0,0,0,0,0
torch.asin,None,1,1,1,1,1
torch.asinh,None,1,1,1,1,1
torch.atan,None,1,0,0,0,0
torch.atan2,None,1,0,0,0,0
torch.atanh,None,1,1,1,1,1
torch.atleast_1d,None,0,0,0,0,0
torch.atleast_1d,None,0,0,0,0,0
torch.atleast_2d,None,0,0,0,0,0
torch.atleast_2d,None,0,0,0,0,0
torch.atleast_3d,None,0,0,0,0,0
torch.atleast_3d,None,0,0,0,0,0
torch.nn.functional.avg_pool1d,None,1,1,1,1,1
torch.nn.functional.avg_pool1d,None,1,1,1,1,1
torch.nn.functional.avg_pool2d,None,1,1,0,0,0
torch.nn.functional.avg_pool2d,None,1,0,0,0,0
torch.baddbmm,None,1,0,0,0,0
torch.nn.functional.batch_norm,None,0,0,0,0,0
torch.bernoulli,None,0,0,0,0,0
torch.nn.functional.binary_cross_entropy_with_logits,None,1,1,1,0,0
torch.bincount,None,0,0,0,0,0
torch.bitwise_and,None,0,0,0,0,0
torch.bitwise_not,None,1,1,1,1,1
torch.bitwise_or,None,1,0,0,0,0
torch.bitwise_xor,None,0,0,0,0,0
torch.bitwise_xor,None,0,0,0,0,0
torch.bitwise_xor,None,1,0,0,0,0
torch.block_diag,None,1,1,1,1,1
torch.bmm,None,1,0,0,0,0
torch.broadcast_shapes,None,0,0,0,0,0
torch.broadcast_tensors,None,1,1,1,1,1
torch.broadcast_to,None,1,0,0,0,0
torch.bucketize,None,0,0,0,0,0
torch.cartesian_prod,None,1,1,1,1,1
torch.cat,None,1,0,0,0,0
torch.cdist,None,1,0,0,0,0
torch.ceil,None,1,1,1,1,1
torch.nn.functional.celu,None,1,0,0,0,0
torch.chain_matmul,None,1,1,1,1,1
torch.cholesky,None,1,1,1,1,1
torch.cholesky_inverse,None,0,0,0,0,0
torch.cholesky_solve,None,1,0,0,0,0
torch.chunk,None,1,0,0,0,0
torch.clamp,None,1,0,0,0,0
torch.clamp,None,0,0,0,0,0
torch.clamp,None,1,1,1,0,0
torch.clamp,None,1,1,0,0,0
torch.nn.utils.clip_grad_norm_,None,1,1,1,1,1
torch.nn.utils.clip_grad_norm_,None,0,0,0,0,0
torch.combinations,None,0,0,0,0,0
torch.complex,None,1,1,1,1,1
torch.conj,None,1,0,0,0,0
torch.nn.functional.conv_transpose2d,None,1,1,0,0,0
torch.copysign,None,1,0,0,0,0
torch.cos,None,1,1,1,1,1
torch.cosh,None,1,1,1,1,1
torch.nn.functional.cosine_similarity,None,1,0,0,0,0
torch.count_nonzero,None,1,0,0,0,0
torch.cross,None,0,0,0,0,0
torch.nn.functional.cross_entropy,None,1,1,1,1,1
torch.nn.functional.cross_entropy,None,1,0,0,0,0
torch.nn.functional.cross_entropy,None,0,0,0,0,0
torch.cummax,None,1,1,1,1,1
torch.cummin,None,1,1,1,1,1
torch.cumprod,None,1,1,1,1,1
torch.cumsum,None,1,0,0,0,0
torch.deg2rad,None,1,1,1,1,1
torch.det,None,1,0,0,0,0
torch.diag,None,1,0,0,0,0
torch.diag_embed,None,1,0,0,0,0
torch.diagflat,None,0,0,0,0,0
torch.diagonal,None,1,0,0,0,0
torch.digamma,None,1,1,1,1,1
torch.dist,None,1,0,0,0,0
torch.div,None,1,0,0,0,0
torch.div,None,1,0,0,0,0
torch.dot,None,1,1,1,1,1
torch.dstack,None,1,1,1,1,0
torch.linalg.eig,None,1,1,1,1,1
torch.einsum,None,1,0,0,0,0
torch.einsum,None,1,1,1,1,1
torch.nn.functional.embedding,None,1,0,0,0,0
torch.nn.functional.embedding_bag,None,1,1,1,0,0
torch.nn.functional.embedding_bag,None,1,0,0,0,0
torch.nn.functional.embedding_bag,None,1,1,1,1,1
torch.nn.functional.embedding_bag,None,1,1,1,1,1
torch.empty_like,None,0,0,0,0,0
torch.empty_strided,None,1,1,1,1,1
torch.eq,None,1,0,0,0,0
torch.erf,None,1,1,1,1,1
torch.erfc,None,1,1,1,1,1
torch.special.erfinv,None,1,1,1,1,1
torch.exp,None,1,1,1,1,1
torch.exp2,None,1,1,1,1,1
torch.expm1,None,1,1,1,1,1
torch.eye,None,1,1,1,1,1
torch.flatten,None,0,0,0,0,0
torch.flip,None,0,0,0,0,0
torch.fliplr,None,1,0,0,0,0
torch.flipud,None,0,0,0,0,0
torch.float_power,None,0,0,0,0,0
torch.floor,None,1,1,1,1,1
torch.floor_divide,None,0,0,0,0,0
torch.floor_divide,None,0,0,0,0,0
torch.fmin,None,0,0,0,0,0
torch.frac,None,1,1,1,1,1
torch.full,None,1,1,0,0,0
torch.full_like,None,0,0,0,0,0
torch.nn.functional.hardsigmoid,None,0,0,0,0,0
torch.nn.functional.relu6,None,0,0,0,0,0
torch.ge,None,0,0,0,0,0
torch.nn.functional.gelu,None,0,0,0,0,0
torch.outer,None,0,0,0,0,0
torch.nn.GRUCell,None,1,0,0,0,0
torch.gt,None,1,0,0,0,0
torch.gt,None,0,0,0,0,0
torch.nn.functional.hardshrink,None,0,0,0,0,0
torch.nn.functional.hardswish,None,1,0,0,0,0
torch.heaviside,None,1,1,1,1,1
torch.histc,None,1,1,1,1,1
torch.hstack,None,1,1,0,0,0
torch.hypot,None,1,1,0,0,0
torch.i0,None,1,1,1,1,1
torch.special.gammainc,None,0,0,0,0,0
torch.imag,None,0,0,0,0,0
torch.index_select,None,1,1,0,0,0
torch.inner,None,1,0,0,0,0
torch.nn.functional.interpolate,None,1,0,0,0,0
torch.nn.functional.interpolate,None,0,0,0,0,0
torch.nn.functional.interpolate,None,1,0,0,0,0
torch.inverse,None,1,1,1,1,1
torch.is_nonzero,None,1,0,0,0,0
torch.is_tensor,None,0,0,0,0,0
torch.isclose,None,1,0,0,0,0
torch.isfinite,None,1,0,0,0,0
torch.isinf,None,0,0,0,0,0
torch.isnan,None,0,0,0,0,0
torch.isneginf,None,1,1,1,1,1
torch.isposinf,None,1,1,1,1,1
torch.isreal,None,0,0,0,0,0
torch.kron,None,1,0,0,0,0
torch.kthvalue,None,1,1,1,1,1
torch.nn.functional.l1_loss,None,1,0,0,0,0
torch.nn.functional.layer_norm,None,1,1,1,1,1
torch.lcm,None,1,0,0,0,0
torch.le,None,0,0,0,0,0
torch.nn.functional.leaky_relu,None,1,0,0,0,0
torch.lerp,None,1,0,0,0,0
torch.lgamma,None,1,1,1,1,1
torch.nn.functional.linear,None,1,1,0,0,0
torch.linspace,None,1,1,0,0,0
torch.log,None,1,1,1,1,1
torch.log10,None,1,1,1,1,1
torch.log1p,None,1,1,1,1,1
torch.log2,None,0,0,0,0,0
torch.nn.LogSoftmax,None,0,0,0,0,0
torch.nn.functional.log_softmax,None,1,0,0,0,0
torch.nn.functional.log_softmax,None,1,1,1,1,1
torch.logaddexp,None,1,0,0,0,0
torch.logaddexp2,None,1,1,0,0,0
torch.logcumsumexp,None,1,1,1,1,1
torch.logdet,None,1,0,0,0,0
torch.logical_and,None,1,0,0,0,0
torch.logical_not,None,1,1,1,1,1
torch.logical_or,None,1,0,0,0,0
torch.logical_xor,None,0,0,0,0,0
torch.logit,None,0,0,0,0,0
torch.nn.functional.logsigmoid,None,0,0,0,0,0
torch.logspace,None,1,1,0,0,0
torch.logsumexp,None,1,1,1,1,1
torch.logsumexp,None,0,0,0,0,0
torch.logsumexp,None,0,0,0,0,0
torch.logsumexp,None,1,1,1,1,1
torch.logsumexp,None,0,0,0,0,0
torch.nn.functional.lp_pool1d,None,1,0,0,0,0
torch.nn.functional.lp_pool2d,None,1,1,1,1,1
torch.linalg.lstsq,None,1,0,0,0,0
torch.lt,None,0,0,0,0,0
torch.lu_solve,None,1,1,0,0,0
torch.lu_unpack,None,1,1,0,0,0
torch.nn.functional.margin_ranking_loss,None,1,1,1,1,1
torch.masked_select,None,1,0,0,0,0
torch.matmul,None,1,1,1,1,1
torch.matrix_exp,None,1,0,0,0,0
torch.matrix_power,None,0,0,0,0,0
torch.linalg.matrix_rank,None,1,1,1,1,1
torch.linalg.matrix_rank,None,1,1,1,1,1
torch.max,None,0,0,0,0,0
torch.max,None,1,0,0,0,0
torch.max,None,1,1,1,0,0
torch.max,None,1,1,0,0,0
torch.nn.functional.max_pool1d,None,1,1,0,0,0
torch.nn.functional.max_pool2d,None,1,1,0,0,0
torch.nn.functional.max_pool2d,None,1,0,0,0,0
torch.nn.functional.max_pool2d,None,1,0,0,0,0
torch.nn.functional.max_pool2d,None,1,0,0,0,0
torch.nn.functional.max_pool3d,None,1,1,0,0,0
torch.nn.functional.max_pool3d,None,1,0,0,0,0
torch.nn.functional.max_unpool2d,None,1,1,1,0,0
torch.maximum,None,0,0,0,0,0
torch.mean,None,0,0,0,0,0
torch.mean,None,1,0,0,0,0
torch.mean,None,0,0,0,0,0
torch.median,None,1,0,0,0,0
torch.median,None,1,1,1,1,1
torch.min,None,0,0,0,0,0
torch.min,None,1,0,0,0,0
torch.min,None,0,0,0,0,0
torch.minimum,None,0,0,0,0,0
torch.mm,None,1,0,0,0,0
torch.movedim,None,0,0,0,0,0
torch.movedim,None,1,0,0,0,0
torch.nn.functional.mse_loss,None,1,1,0,0,0
torch.msort,None,1,1,1,1,1
torch.mul,None,1,0,0,0,0
torch.mul,None,1,0,0,0,0
torch.mul,None,1,0,0,0,0
torch.nn.MultiheadAttention,None,1,1,1,0,0
torch.nn.functional.multilabel_soft_margin_loss,None,1,1,0,0,0
torch.multinomial,None,1,0,0,0,0
torch.mv,None,0,0,0,0,0
torch.special.multigammaln,None,1,1,1,1,1
torch.nanmedian,None,0,0,0,0,0
torch.nanmedian,None,1,1,0,0,0
torch.nansum,None,0,0,0,0,0
torch.nansum,None,1,0,0,0,0
torch.nansum,None,1,0,0,0,0
torch.narrow,None,1,0,0,0,0
torch.ne,None,1,0,0,0,0
torch.neg,None,1,1,1,1,1
torch.nextafter,None,1,0,0,0,0
torch.nn.functional.nll_loss,None,1,1,0,0,0
torch.nn.functional.nll_loss,None,1,1,1,1,1
torch.nonzero,None,0,0,0,0,0
torch.norm,None,1,1,1,0,0
torch.norm,None,1,0,0,0,0
torch.norm,None,1,1,0,0,0
torch.norm,None,1,1,0,0,0
torch.norm,None,1,0,0,0,0
torch.norm,None,1,1,0,0,0
torch.norm,None,1,1,0,0,0
torch.norm,None,1,0,0,0,0
torch.norm,None,1,0,0,0,0
torch.norm,None,1,1,0,0,0
torch.norm,None,1,1,0,0,0
torch.norm,None,1,1,0,0,0
torch.norm,None,1,1,0,0,0
torch.norm,None,1,1,0,0,0
torch.norm,None,1,0,0,0,0
torch.nn.functional.normalize,None,0,0,0,0,0
torch.numel,None,0,0,0,0,0
torch.ones,None,1,1,1,1,1
torch.ones,None,1,1,1,1,1
torch.ones,None,1,1,0,0,0
torch.ones_like,None,1,1,1,1,1
torch.outer,None,0,0,0,0,0
torch.nn.functional.pad,None,1,1,1,1,0
torch.nn.utils.rnn.pad_sequence,None,1,1,1,1,1
torch.nn.functional.pairwise_distance,None,1,0,0,0,0
torch.pinverse,None,1,0,0,0,0
torch.nn.functional.pixel_shuffle,None,1,1,0,0,0
torch.poisson,None,1,1,1,1,1
torch.nn.functional.poisson_nll_loss,None,1,1,0,0,0
torch.polar,None,1,0,0,0,0
torch.polygamma,None,1,0,0,0,0
torch.pow,None,1,0,0,0,0
torch.pow,None,1,1,1,1,1
torch.pow,None,1,0,0,0,0
torch.nn.functional.prelu,None,1,0,0,0,0
torch.prod,None,0,0,0,0,0
torch.prod,None,0,0,0,0,0
torch.promote_types,None,1,1,0,0,0
torch.qr,None,0,0,0,0,0
torch.rad2deg,None,1,1,1,1,1
torch.rand,None,1,1,1,1,1
torch.device,None,1,0,0,0,0
torch.device,None,0,0,0,0,0
torch.randperm,None,1,0,0,0,0
torch.range,None,1,1,1,1,1
torch.ravel,None,0,0,0,0,0
torch.real,None,0,0,0,0,0
torch.reciprocal,None,1,0,0,0,0
torch.nn.functional.relu,None,1,0,0,0,0
torch.remainder,None,0,0,0,0,0
torch.repeat_interleave,None,1,1,1,1,1
torch.repeat_interleave,None,1,1,1,1,1
torch.reshape,None,0,0,0,0,0
torch.result_type,None,0,0,0,0,0
torch.result_type,None,1,1,0,0,0
torch.roll,None,0,0,0,0,0
torch.roll,None,0,0,0,0,0
torch.rot90,None,1,0,0,0,0
torch.round,None,1,1,0,0,0
torch.nn.functional.rrelu,None,0,0,0,0,0
torch.nn.LSTMCell,None,1,1,1,1,1
torch.abs,None,1,1,1,1,1
torch.acos,None,1,1,1,1,1
torch.acosh,None,1,1,1,1,1
torch.amax,None,1,0,0,0,0
torch.amin,None,0,0,0,0,0
torch.amin,None,1,0,0,0,0
torch.angle,None,1,1,1,1,1
torch.asin,None,1,1,1,1,1
torch.asinh,None,1,1,1,1,1
torch.atanh,None,1,1,1,1,1
torch.nn.functional.avg_pool1d,None,1,1,1,1,1
torch.nn.functional.avg_pool1d,None,1,1,1,1,1
torch.bitwise_not,None,1,1,1,0,0
torch.block_diag,None,1,1,1,1,1
torch.broadcast_tensors,None,1,1,1,1,1
torch.cartesian_prod,None,1,1,1,1,1
torch.ceil,None,1,1,1,1,1
torch.chain_matmul,None,1,1,1,1,1
torch.cholesky,None,0,0,0,0,0
torch.nn.utils.clip_grad_norm_,None,1,0,0,0,0
torch.complex,None,1,1,1,1,1
torch.cos,None,1,1,1,1,1
torch.cosh,None,1,1,1,1,1
torch.nn.functional.cross_entropy,None,1,1,0,0,0
torch.cummax,None,1,1,1,1,1
torch.cummin,None,1,1,1,1,1
torch.cumprod,None,0,0,0,0,0
torch.deg2rad,None,1,1,1,1,1
torch.digamma,None,1,1,1,1,1
torch.dot,None,0,0,0,0,0
torch.linalg.eig,None,1,1,1,1,1
torch.einsum,None,1,1,1,1,1
torch.nn.functional.embedding_bag,None,1,1,1,1,1
torch.nn.functional.embedding_bag,None,1,1,1,1,1
torch.empty_strided,None,1,1,1,1,1
torch.erf,None,1,1,1,1,1
torch.erfc,None,1,1,1,1,1
torch.special.erfinv,None,1,1,1,1,1
torch.exp,None,1,1,1,1,1
torch.exp2,None,1,1,1,1,1
torch.expm1,None,1,1,1,1,1
torch.eye,None,1,1,1,1,1
torch.floor,None,1,1,1,1,1
torch.frac,None,1,1,1,1,1
torch.heaviside,None,1,1,1,1,1
torch.histc,None,1,1,1,1,1
torch.i0,None,1,1,1,1,1
torch.inverse,None,1,1,1,1,1
torch.isneginf,None,1,1,1,1,1
torch.isposinf,None,1,1,1,1,1
torch.kthvalue,None,1,0,0,0,0
torch.nn.functional.layer_norm,None,1,1,1,1,1
torch.lgamma,None,1,1,1,1,1
torch.log,None,1,1,1,1,1
torch.log10,None,1,1,1,1,1
torch.log1p,None,1,1,1,1,1
torch.nn.functional.log_softmax,None,1,1,1,1,1
torch.logcumsumexp,None,1,1,1,1,1
torch.logical_not,None,1,1,1,1,1
torch.logsumexp,None,1,0,0,0,0
torch.logsumexp,None,0,0,0,0,0
torch.nn.functional.lp_pool2d,None,1,1,1,1,1
torch.nn.functional.margin_ranking_loss,None,1,1,0,0,0
torch.matmul,None,1,1,0,0,0
torch.linalg.matrix_rank,None,1,1,1,1,1
torch.linalg.matrix_rank,None,1,1,1,1,1
torch.msort,None,1,1,1,1,1
torch.special.multigammaln,None,1,1,1,1,1
torch.neg,None,1,1,1,1,1
torch.nn.functional.nll_loss,None,1,1,1,1,1
torch.ones,None,1,1,1,1,1
torch.ones,None,1,1,1,1,1
torch.ones_like,None,1,1,1,1,1
torch.nn.utils.rnn.pad_sequence,None,1,1,1,1,1
torch.poisson,None,1,1,1,1,1
torch.pow,None,0,0,0,0,0
torch.rad2deg,None,1,1,1,1,1
torch.rand,None,0,0,0,0,0
torch.range,None,1,1,1,1,1
torch.repeat_interleave,None,1,1,1,1,1
torch.repeat_interleave,None,1,1,1,1,1
torch.nn.functional.rrelu_,None,1,1,1,1,1
torch.rsqrt,None,1,1,1,1,1
torch.save,None,1,1,1,1,1
torch.scatter,None,0,0,0,0,0
torch.scatter_add,None,1,1,1,1,1
torch.searchsorted,None,1,0,0,0,0
torch.nn.functional.selu,None,1,1,0,0,0
torch.set_flush_denormal,None,0,0,0,0,0
torch.sgn,None,1,1,1,1,1
torch.sigmoid,None,1,1,1,1,1
torch.sign,None,1,1,1,1,1
torch.signbit,None,1,1,1,1,1
torch.nn.functional.silu,None,1,0,0,0,0
torch.sin,None,1,1,1,1,1
torch.sinh,None,1,1,1,1,1
torch.slogdet,None,0,0,0,0,0
torch.nn.functional.softmax,None,1,0,0,0,0
torch.nn.functional.softmin,None,0,0,0,0,0
torch.nn.functional.softplus,None,0,0,0,0,0
torch.nn.functional.softshrink,None,0,0,0,0,0
torch.nn.functional.softsign,None,1,0,0,0,0
torch.linalg.solve,None,1,1,0,0,0
torch.sort,None,1,0,0,0,0
torch.sparse_coo_tensor,None,1,1,1,1,1
torch.sparse_coo_tensor,None,1,1,1,1,1
torch.sparse_coo_tensor,None,1,1,1,1,1
torch.split,None,0,0,0,0,0
torch.split,None,1,0,0,0,0
torch.sqrt,None,1,1,1,1,1
torch.square,None,1,1,1,1,1
torch.squeeze,None,0,0,0,0,0
torch.squeeze,None,0,0,0,0,0
torch.squeeze,None,0,0,0,0,0
torch.stack,None,0,0,0,0,0
torch.std,None,1,0,0,0,0
torch.std,None,1,0,0,0,0
torch.std,None,1,0,0,0,0
torch.std,None,1,0,0,0,0
torch.std_mean,None,1,1,1,1,1
torch.std_mean,None,1,1,1,1,1
torch.std_mean,None,1,1,1,1,1
torch.std_mean,None,1,1,1,1,1
torch.sub,None,1,1,0,0,0
torch.sub,None,1,0,0,0,0
torch.sum,None,1,0,0,0,0
torch.sum,None,0,0,0,0,0
torch.sum,None,0,0,0,0,0
torch.svd,None,0,0,0,0,0
torch.linalg.eigh,None,1,0,0,0,0
torch.t,None,1,0,0,0,0
torch.tan,None,1,1,1,1,1
torch.tanh,None,1,1,1,1,1
torch.tensordot,None,1,1,1,1,1
torch.tensordot,None,1,1,1,1,0
torch.tensordot,None,1,0,0,0,0
torch.tensordot,None,1,1,0,0,0
torch.topk,None,1,1,1,1,1
torch.transpose,None,0,0,0,0,0
torch.trapz,None,1,1,1,1,0
torch.triangular_solve,None,1,1,0,0,0
torch.tril,None,1,1,1,1,1
torch.tril_indices,None,1,0,0,0,0
torch.triu,None,1,0,0,0,0
torch.triu_indices,None,1,1,0,0,0
torch.trunc,None,1,1,1,1,1
torch.unbind,None,0,0,0,0,0
torch.unique,None,1,0,0,0,0
torch.unique_consecutive,None,0,0,0,0,0
torch.unique_consecutive,None,1,0,0,0,0
torch.unsqueeze,None,0,0,0,0,0
torch.var,None,1,0,0,0,0
torch.var,None,1,0,0,0,0
torch.var,None,1,0,0,0,0
torch.var,None,1,1,0,0,0
torch.var_mean,None,1,1,1,1,1
torch.var_mean,None,1,1,1,1,1
torch.var_mean,None,1,1,1,1,1
torch.var_mean,None,1,1,1,1,1
torch.where,None,1,1,0,0,0
torch.where,None,1,1,1,1,1
torch.zeros,None,1,1,1,0,0
torch.zeros,None,1,1,1,1,0
torch.zeros,None,1,1,0,0,0
torch.zeros_like,None,0,0,0,0,0
torch.arctan_,None,1,0,0,0,0
torch.nn.UninitializedParameter,None,1,1,1,1,1
torch.get_default_device,None,0,0,0,0,0
torch.tile,None,0,0,0,0,0
torch.is_autocast_cache_enabled,None,0,0,0,0,0
torch.log_,None,0,0,0,0,0
torch.special.log_ndtr,None,0,0,0,0,0
torch.view_as_complex_copy,None,1,0,0,0,0
torch.take,None,0,0,0,0,0
torch.is_autocast_enabled,None,0,0,0,0,0
torch.swapdims,None,0,0,0,0,0
torch.linalg.lu,None,1,0,0,0,0
torch.crow_indices_copy,None,1,1,1,1,1
torch.threshold,None,1,1,1,1,1
torch.fft.fft,None,0,0,0,0,0
torch.iinfo,None,1,0,0,0,0
torch.celu,None,1,1,1,1,1
torch.set_deterministic_debug_mode,None,1,1,0,0,0
torch.special.ndtr,None,1,0,0,0,0
torch.special.spherical_bessel_j0,None,0,0,0,0,0
torch.special.softmax,None,1,0,0,0,0
torch.negative_,None,1,1,1,1,1
torch.abs_,None,0,0,0,0,0
torch.arccos,None,0,0,0,0,0
torch.rsqrt_,None,0,0,0,0,0
torch.fft.rfft2,None,1,0,0,0,0
torch.frexp,None,1,1,1,1,1
torch.jit.Error,None,0,0,0,0,0
torch.finfo,None,1,0,0,0,0
torch.linalg.multi_dot,None,1,0,0,0,0
torch.nn.ConstantPad1d,None,1,0,0,0,0
torch.nn.ConstantPad1d,None,0,0,0,0,0
torch.cos_,None,0,0,0,0,0
torch.stft,None,1,1,1,1,1
torch.special.i1,None,1,1,0,0,0
torch.cond,None,0,0,0,0,0
torch.empty,None,0,0,0,0,0
torch.empty,None,1,1,1,1,1
torch.empty,None,1,1,0,0,0
torch.jit.optimized_execution,None,1,1,1,1,1
torch.cosh_,None,1,0,0,0,0
torch.view_as_complex,None,0,0,0,0,0
torch.autocast_increment_nesting,None,0,0,0,0,0
torch.linalg.solve_triangular,None,1,1,1,1,1
torch.IntStorage,None,0,0,0,0,0
torch.IntStorage,None,0,0,0,0,0
torch.IntStorage,None,1,0,0,0,0
torch.IntStorage,None,1,1,1,1,0
torch.IntStorage,None,1,0,0,0,0
torch.nn.AdaptiveAvgPool3d,None,1,0,0,0,0
torch.nn.AdaptiveAvgPool3d,None,0,0,0,0,0
torch.clear_autocast_cache,None,0,0,0,0,0
torch.floor_,None,0,0,0,0,0
torch.narrow_copy,None,0,0,0,0,0
torch.is_deterministic_algorithms_warn_only_enabled,None,0,0,0,0,0
torch.nn.CosineSimilarity,None,0,0,0,0,0
torch.set_autocast_ipu_enabled,None,1,0,0,0,0
torch.linalg.eigh,None,1,0,0,0,0
torch.acosh_,None,1,0,0,0,0
torch.argwhere,None,0,0,0,0,0
torch.fft.fftn,None,1,0,0,0,0
torch.nn.UninitializedBuffer,None,1,1,1,1,1
torch.linalg.inv,None,1,1,1,1,1
torch.reciprocal_,None,0,0,0,0,0
torch.nn.PixelUnshuffle,None,0,0,0,0,0
torch.set_autocast_enabled,None,1,1,0,0,0
torch.sqrt_,None,0,0,0,0,0
torch.enable_grad,None,1,1,1,1,1
torch.set_default_device,None,0,0,0,0,0
torch.linalg.svdvals,None,1,0,0,0,0
torch.nn.BatchNorm2d,None,1,0,0,0,0
torch.put,None,1,0,0,0,0
torch.index_put,None,1,1,1,1,1
torch.index_put,None,1,1,1,1,1
torch.conj_physical,None,1,1,1,1,1
torch.vander,None,0,0,0,0,0
torch.absolute,None,0,0,0,0,0
torch.dsplit,None,1,1,0,0,0
torch.dsplit,None,1,0,0,0,0
torch.dsplit,None,0,0,0,0,0
torch.special.modified_bessel_i1,None,1,0,0,0,0
torch.prepare_multiprocessing_environment,None,1,0,0,0,0
torch.permute,None,0,0,0,0,0
torch.set_default_tensor_type,None,1,1,0,0,0
torch.special.gammaln,None,1,1,1,1,1
torch.pdist,None,1,1,0,0,0
torch.get_file_path,None,0,0,0,0,0
torch.equal,None,0,0,0,0,0
torch.get_autocast_xla_dtype,None,1,1,1,1,1
torch.fake_quantize_per_channel_affine,None,1,1,1,1,1
torch.nn.AvgPool1d,None,1,0,0,0,0
torch.nn.AvgPool1d,None,1,0,0,0,0
torch.nn.KLDivLoss,None,1,1,0,0,0
torch.nn.ModuleDict,None,1,1,1,1,1
torch.nn.ModuleDict,None,1,1,1,1,1
torch.special.entr,None,0,0,0,0,0
torch.atanh_,None,1,0,0,0,0
torch.nn.MaxUnpool3d,None,1,1,1,1,1
torch.nn.MaxUnpool3d,None,1,1,1,1,1
torch.get_device,None,1,0,0,0,0
torch.erf_,None,0,0,0,0,0
torch.jit.run_frozen_optimizations,None,1,1,1,1,0
torch.index_add,None,1,1,1,1,1
torch.is_autocast_cpu_enabled,None,0,0,0,0,0
torch.diff,None,1,0,0,0,0
torch.igammac,None,1,1,1,1,1
torch.gather,None,1,0,0,0,0
torch.hamming_window,None,1,1,1,1,1
torch.arctanh_,None,0,0,0,0,0
torch.randn_like,None,1,1,1,1,1
torch.negative,None,1,1,1,1,1
torch.fft.rfftfreq,None,1,0,0,0,0
torch.sin_,None,1,1,0,0,0
torch.special.xlog1py,None,1,0,0,0,0
torch.arcsinh,None,1,1,1,1,1
torch.nn.LazyInstanceNorm1d,None,1,1,1,1,0
torch.nn.parallel.replicate,None,1,1,1,0,0
torch.nn.utils.vector_to_parameters,None,0,0,0,0,0
torch.from_dlpack,None,0,0,0,0,0
torch.nn.GaussianNLLLoss,None,1,1,1,0,0
torch.native_channel_shuffle,None,0,0,0,0,0
torch.arctan,None,1,1,1,1,1
torch.nn.Unfold,None,1,0,0,0,0
torch.nn.Unfold,None,1,0,0,0,0
torch.fft.fftfreq,None,1,0,0,0,0
torch.nn.TripletMarginLoss,None,1,1,0,0,0
torch.less_equal,None,0,0,0,0,0
torch.less_equal,None,0,0,0,0,0
torch.special.bessel_y0,None,0,0,0,0,0
torch.addmv_,None,1,1,1,1,1
torch.get_default_dtype,None,0,0,0,0,0
torch.jit.script,None,1,1,1,1,1
torch.jit.script,None,1,1,1,1,1
torch.hspmm,None,1,1,1,1,1
torch.bilinear,None,1,0,0,0,0
torch.linalg.cholesky_ex,None,1,1,1,0,0
torch.linalg.tensorinv,None,1,1,1,1,1
torch.nn.BCEWithLogitsLoss,None,1,1,0,0,0
torch.set_grad_enabled,None,1,1,1,1,1
torch.nn.RMSNorm,None,0,0,0,0,0
torch.nn.RMSNorm,None,1,1,1,0,0
torch.nn.RMSNorm,None,1,0,0,0,0
torch.is_inference,None,1,1,1,1,1
torch.special.multigammaln,None,1,1,1,1,1
torch.nn.SmoothL1Loss,None,1,0,0,0,0
torch.nn.Parameter,None,1,0,0,0,0
torch.ldexp_,None,1,0,0,0,0
torch.DoubleStorage,None,1,1,1,0,0
torch.DoubleStorage,None,0,0,0,0,0
torch.DoubleStorage,None,1,0,0,0,0
torch.DoubleStorage,None,0,0,0,0,0
torch.is_anomaly_check_nan_enabled,None,0,0,0,0,0
torch.dequantize,None,1,1,1,1,0
torch.dequantize,None,1,1,1,1,1
torch.arcsin_,None,1,0,0,0,0
torch.square_,None,1,0,0,0,0
torch.true_divide,None,0,0,0,0,0
torch.relu_,None,0,0,0,0,0
torch.nn.MaxUnpool1d,None,1,0,0,0,0
torch.nn.MaxUnpool1d,None,1,1,1,1,1
torch.nn.MaxUnpool1d,None,1,1,1,1,1
torch.nn.MaxUnpool1d,None,1,0,0,0,0
torch.linalg.pinv,None,1,0,0,0,0
torch.special.erfcx,None,1,0,0,0,0
torch.manual_seed,None,0,0,0,0,0
torch.special.bessel_j1,None,1,0,0,0,0
torch.subtract,None,1,0,0,0,0
torch.parse_schema,None,1,0,0,0,0
torch.nn.CrossEntropyLoss,None,1,1,0,0,0
torch.tanh,None,1,1,1,1,1
torch.jit.ignore,None,1,1,1,1,1
torch.jit.strict_fusion,None,0,0,0,0,0
torch.nn.ReflectionPad3d,None,1,1,0,0,0
torch.nn.ReflectionPad3d,None,1,1,0,0,0
torch.nn.LocalResponseNorm,None,0,0,0,0,0
torch.unravel_index,None,1,0,0,0,0
torch.unravel_index,None,1,0,0,0,0
torch.arctanh,None,1,1,1,1,1
torch.special.i0e,None,1,0,0,0,0
torch.corrcoef,None,1,1,0,0,0
torch.fft.ifftshift,None,0,0,0,0,0
torch.unsafe_split_with_sizes,None,0,0,0,0,0
torch.nn.FractionalMaxPool3d,None,1,0,0,0,0
torch.nn.FractionalMaxPool3d,None,1,0,0,0,0
torch.nn.FractionalMaxPool3d,None,1,0,0,0,0
torch.nn.FractionalMaxPool3d,None,1,0,0,0,0
torch.nn.FractionalMaxPool3d,None,0,0,0,0,0
torch.nn.FractionalMaxPool3d,None,1,0,0,0,0
torch.nn.FractionalMaxPool3d,None,0,0,0,0,0
torch.nn.FractionalMaxPool3d,None,1,0,0,0,0
torch.expand_copy,None,0,0,0,0,0
torch.is_autocast_xla_enabled,None,0,0,0,0,0
torch.get_autocast_cpu_dtype,None,1,0,0,0,0
torch.concat,None,1,1,0,0,0
torch.nn.CircularPad1d,None,1,0,0,0,0
torch.nn.CircularPad1d,None,1,0,0,0,0
torch.smm,None,1,1,1,1,1
torch.linalg.solve_ex,None,1,0,0,0,0
torch.jit.wait,None,1,1,1,1,0
torch.fake_quantize_per_tensor_affine,None,1,1,0,0,0
torch.aminmax,None,0,0,0,0,0
torch.nn.Threshold,None,0,0,0,0,0
torch.linalg.vecdot,None,1,1,0,0,0
torch.is_storage,None,0,0,0,0,0
torch.fft.fftshift,None,1,1,1,1,1
torch.fft.fftshift,None,1,0,0,0,0
torch.nn.LazyInstanceNorm2d,None,1,0,0,0,0
torch.jit.script_if_tracing,None,1,1,1,1,1
torch.greater,None,0,0,0,0,0
torch.autocast_decrement_nesting,None,0,0,0,0,0
torch.meshgrid,None,1,0,0,0,0
torch.special.hermite_polynomial_he,None,1,1,0,0,0
torch.no_grad,None,1,1,1,1,1
torch.miopen_batch_norm,None,1,1,1,1,1
torch.fmax,None,0,0,0,0,0
torch.nn.RReLU,None,1,0,0,0,0
torch.nn.utils.get_total_norm,None,0,0,0,0,0
torch.nn.utils.get_total_norm,None,1,0,0,0,0
torch.moveaxis,None,1,0,0,0,0
torch.moveaxis,None,1,0,0,0,0
torch.jit.ScriptWarning,None,0,0,0,0,0
torch.from_numpy,None,1,1,1,1,1
torch.nn.HuberLoss,None,1,0,0,0,0
torch.frombuffer,None,1,0,0,0,0
torch.nan_to_num,None,1,1,0,0,0
torch.special.modified_bessel_i0,None,1,0,0,0,0
torch.vstack,None,1,1,0,0,0
torch.nn.Unflatten,None,1,0,0,0,0
torch.sspaddmm,None,1,1,1,1,1
torch.jit.set_fusion_strategy,None,1,1,0,0,0
torch.is_warn_always_enabled,None,0,0,0,0,0
torch.linalg.eigvals,None,1,1,1,1,1
torch.get_deterministic_debug_mode,None,1,0,0,0,0
torch.special.gammaincc,None,1,0,0,0,0
torch.positive,None,0,0,0,0,0
torch.is_autocast_ipu_enabled,None,0,0,0,0,0
torch.select_copy,None,1,1,1,1,0
torch.arcsinh_,None,0,0,0,0,0
torch.nn.utils.remove_weight_norm,None,1,1,1,1,1
torch.all,None,0,0,0,0,0
torch.all,None,0,0,0,0,0
torch.all,None,0,0,0,0,0
torch.nn.utils.parameters_to_vector,None,1,0,0,0,0
torch.nn.Tanhshrink,None,0,0,0,0,0
torch.set_autocast_cpu_dtype,None,0,0,0,0,0
torch.fft.fft2,None,1,1,0,0,0
torch.nn.ZeroPad1d,None,1,0,0,0,0
torch.nn.ZeroPad1d,None,0,0,0,0,0
torch.scatter_reduce,None,0,0,0,0,0
torch.scatter_reduce,None,1,1,1,1,0
torch.scatter_reduce,None,1,1,1,1,1
torch.sym_float,None,1,0,0,0,0
torch.special.psi,None,1,1,1,1,1
torch.nn.HingeEmbeddingLoss,None,1,0,0,0,0
torch.atan_,None,0,0,0,0,0
torch.is_inference_mode_enabled,None,0,0,0,0,0
torch.greater_equal,None,1,0,0,0,0
torch.less,None,0,0,0,0,0
torch.vdot,None,1,1,1,1,1
torch.ceil_,None,0,0,0,0,0
torch.jit.fork,None,1,1,1,1,1
torch.nn.CELU,None,1,0,0,0,0
torch.parse_type_comment,None,1,1,1,1,1
torch.jit.enable_onednn_fusion,None,0,0,0,0,0
torch.hsplit,None,0,0,0,0,0
torch.hsplit,None,1,0,0,0,0
torch.hsplit,None,1,0,0,0,0
torch.compile,None,1,1,1,1,0
torch.compile,None,1,1,1,1,1
torch.concatenate,None,1,0,0,0,0
torch.jit.set_module,None,1,1,1,1,1
torch.bitwise_left_shift,None,0,0,0,0,0
torch.jit.CompilationUnit,None,1,0,0,0,0
torch.get_rng_state,None,0,0,0,0,0
torch.nn.SyncBatchNorm,None,1,1,1,1,1
torch.nn.LazyBatchNorm1d,None,1,1,1,0,0
torch.nn.Tanh,None,0,0,0,0,0
torch.view_as_real,None,0,0,0,0,0
torch.column_stack,None,0,0,0,0,0
torch.set_autocast_cache_enabled,None,0,0,0,0,0
torch.row_stack,None,0,0,0,0,0
torch.adjoint,None,1,1,0,0,0
torch.get_num_threads,None,0,0,0,0,0
torch.divide,None,0,0,0,0,0
torch.sparse_bsr_tensor,None,1,1,1,1,1
torch.sparse_bsr_tensor,None,1,1,1,1,1
torch.sparse_bsr_tensor,None,1,1,1,1,1
torch.sparse_bsr_tensor,None,1,1,1,1,1
torch.swapaxes,None,0,0,0,0,0
torch.nn.parallel.data_parallel,None,1,1,1,1,1
torch.conj_physical_,None,1,0,0,0,0
torch.are_deterministic_algorithms_enabled,None,0,0,0,0,0
torch.is_anomaly_enabled,None,0,0,0,0,0
torch.nn.Mish,None,1,0,0,0,0
torch.nn.BCELoss,None,1,1,1,1,1
torch.select,None,1,0,0,0,0
torch.quantile,None,1,0,0,0,0
torch.quantile,None,1,0,0,0,0
torch.vsplit,None,0,0,0,0,0
torch.vsplit,None,0,0,0,0,0
torch.vsplit,None,0,0,0,0,0
torch.rsub,None,1,1,1,1,1
torch.logit_,None,0,0,0,0,0
torch.set_num_interop_threads,None,1,1,1,0,0
torch.native_dropout,None,1,0,0,0,0
torch.spmm,None,1,1,1,1,1
torch.jit.is_tracing,None,0,0,0,0,0
torch.sigmoid_,None,1,0,0,0,0
torch.arccosh,None,1,1,1,1,1
torch.histogram,None,1,1,1,0,0
torch.histogram,None,1,1,1,1,1
torch.special.ndtri,None,1,0,0,0,0
torch.ldexp,None,1,0,0,0,0
torch.ones_like,None,0,0,0,0,0
torch.jit.is_scripting,None,0,0,0,0,0
torch.vitals_enabled,None,0,0,0,0,0
torch.hann_window,None,1,0,0,0,0
torch.hann_window,None,1,0,0,0,0
torch.set_autocast_ipu_dtype,None,1,1,0,0,0
torch.erfc_,None,0,0,0,0,0
torch.special.sinc,None,0,0,0,0,0
torch.special.modified_bessel_k0,None,1,0,0,0,0
torch.typename,None,0,0,0,0,0
torch.tan_,None,1,1,0,0,0
torch.jit.isinstance,None,0,0,0,0,0
torch.nn.SoftMarginLoss,None,0,0,0,0,0
torch.set_default_dtype,None,1,0,0,0,0
torch.nn.ParameterList,None,1,1,1,1,1
torch.autocast,None,1,1,1,1,1
torch.autocast,None,1,1,1,1,1
torch.fix,None,1,1,1,1,1
torch.nn.Hardsigmoid,None,0,0,0,0,0
torch.channel_shuffle,None,0,0,0,0,0
torch.nn.CosineEmbeddingLoss,None,1,1,0,0,0
torch.acos_,None,0,0,0,0,0
torch.is_floating_point,None,0,0,0,0,0
torch.bitwise_right_shift,None,0,0,0,0,0
torch.sym_fresh_size,None,1,1,1,1,1
torch.clip_,None,1,1,1,1,1
torch.nn.Identity,None,0,0,0,0,0
torch.special.bessel_y1,None,1,1,0,0,0
torch.trunc_,None,0,0,0,0,0
torch.bartlett_window,None,0,0,0,0,0
torch.index_copy,None,1,1,0,0,0
torch.clip,None,1,1,1,1,1
torch.nn.ZeroPad2d,None,0,0,0,0,0
torch.nn.ZeroPad2d,None,0,0,0,0,0
torch.set_num_threads,None,1,0,0,0,0
torch.nn.DataParallel,None,1,1,1,1,1
torch.any,None,1,1,1,1,1
torch.any,None,0,0,0,0,0
torch.any,None,0,0,0,0,0
torch.linalg.vector_norm,None,1,1,0,0,0
torch.linalg.vector_norm,None,1,1,1,1,0
torch.linalg.vector_norm,None,1,1,1,1,0
torch.linalg.vector_norm,None,1,0,0,0,0
torch.linalg.vector_norm,None,1,1,0,0,0
torch.linalg.vector_norm,None,1,0,0,0,0
torch.linalg.vector_norm,None,1,0,0,0,0
torch.linalg.vector_norm,None,1,1,1,0,0
torch.linalg.vector_norm,None,1,1,1,1,0
torch.nn.LazyBatchNorm2d,None,1,0,0,0,0
torch.clone,None,1,1,0,0,0
torch.ShortStorage,None,0,0,0,0,0
torch.ShortStorage,None,0,0,0,0,0
torch.ShortStorage,None,0,0,0,0,0
torch.ShortStorage,None,1,1,1,1,1
torch.ShortStorage,None,1,1,1,1,0
torch.not_equal,None,0,0,0,0,0
torch.not_equal,None,0,0,0,0,0
torch.nn.quantized.QFunctional,None,1,1,1,1,1
torch.asin_,None,1,0,0,0,0
torch.gradient,None,1,1,1,1,1
torch.asinh_,None,0,0,0,0,0
torch.set_warn_always,None,1,0,0,0,0
torch.nanmean,None,1,0,0,0,0
torch.nanmean,None,1,0,0,0,0
torch.nn.BatchNorm1d,None,1,0,0,0,0
torch.asarray,None,1,0,0,0,0
torch.cudnn_affine_grid_generator,None,1,1,1,1,1
torch.as_strided_copy,None,1,0,0,0,0
torch.alias_copy,None,0,0,0,0,0
torch.masked_scatter,None,1,0,0,0,0
torch.manual_seed,None,0,0,0,0,0
torch.special.expit,None,1,1,1,1,1
torch.fft.rfft,None,1,0,0,0,0
torch.multiply,None,0,0,0,0,0
torch.isin,None,1,0,0,0,0
torch.clamp_max,None,0,0,0,0,0
torch.is_grad_enabled,None,0,0,0,0,0
torch.gcd_,None,1,0,0,0,0
torch.set_autocast_xla_enabled,None,1,0,0,0,0
torch.arcsin,None,1,1,1,1,1
torch.set_anomaly_enabled,None,1,0,0,0,0
torch.sym_int,None,1,0,0,0,0
torch.sym_int,None,1,0,0,0,0
torch.arccos_,None,1,0,0,0,0
torch.set_autocast_cpu_enabled,None,0,0,0,0,0
torch.quantize_per_tensor,None,1,1,1,1,1
torch.is_same_size,None,0,0,0,0,0
torch.quantize_per_channel,None,1,1,1,1,1
torch.ShortStorage,None,1,1,1,1,1
torch.abs,None,0,0,0,0,0
torch.acos,None,0,0,0,0,0
torch.acosh,None,1,0,0,0,0
torch.addmv_,None,1,1,1,1,1
torch.angle,None,0,0,0,0,0
torch.any,None,0,0,0,0,0
torch.arccosh,None,0,0,0,0,0
torch.arcsin,None,1,0,0,0,0
torch.arcsinh,None,0,0,0,0,0
torch.arctan,None,0,0,0,0,0
torch.arctanh,None,0,0,0,0,0
torch.asin,None,0,0,0,0,0
torch.asinh,None,1,0,0,0,0
torch.atanh,None,1,0,0,0,0
torch.autocast,None,1,1,1,1,1
torch.autocast,None,1,1,1,1,1
torch.block_diag,None,1,1,1,1,1
torch.broadcast_tensors,None,1,1,1,1,1
torch.cartesian_prod,None,1,1,1,1,1
torch.ceil,None,1,0,0,0,0
torch.celu,None,1,1,1,1,1
torch.chain_matmul,None,1,1,1,1,1
torch.clip,None,0,0,0,0,0
torch.clip_,None,1,0,0,0,0
torch.complex,None,1,0,0,0,0
torch.conj_physical,None,1,0,0,0,0
torch.cos,None,1,0,0,0,0
torch.cosh,None,0,0,0,0,0
torch.crow_indices_copy,None,1,1,1,1,1
torch.cudnn_affine_grid_generator,None,1,1,1,1,1
torch.cummax,None,1,1,0,0,0
torch.cummin,None,1,1,1,1,1
torch.deg2rad,None,0,0,0,0,0
torch.dequantize,None,1,1,1,1,1
torch.digamma,None,0,0,0,0,0
torch.einsum,None,1,1,1,1,1
torch.empty,None,1,1,1,1,1
torch.empty_strided,None,1,1,1,1,1
torch.erf,None,0,0,0,0,0
torch.erfc,None,1,0,0,0,0
torch.exp,None,1,0,0,0,0
torch.exp2,None,1,0,0,0,0
torch.expm1,None,0,0,0,0,0
torch.eye,None,1,1,1,1,1
torch.fake_quantize_per_channel_affine,None,1,1,1,1,1
torch.fft.fftshift,None,1,0,0,0,0
torch.fix,None,1,0,0,0,0
torch.floor,None,1,0,0,0,0
torch.frac,None,1,0,0,0,0
torch.frexp,None,1,1,0,0,0
torch.from_numpy,None,1,1,1,1,1
torch.get_autocast_xla_dtype,None,1,1,1,1,1
torch.gradient,None,1,1,1,1,1
torch.hamming_window,None,1,1,1,1,1
torch.heaviside,None,1,0,0,0,0
torch.histc,None,1,0,0,0,0
torch.histogram,None,1,1,1,1,1
torch.hspmm,None,1,1,1,1,1
torch.i0,None,1,0,0,0,0
torch.igammac,None,0,0,0,0,0
torch.index_put,None,1,1,0,0,0
torch.index_put,None,1,1,0,0,0
torch.inverse,None,1,0,0,0,0
torch.is_inference,None,1,1,1,1,1
torch.isneginf,None,1,0,0,0,0
torch.isposinf,None,1,0,0,0,0
torch.jit.ignore,None,1,1,1,1,1
torch.jit.optimized_execution,None,1,1,1,1,1
torch.jit.script_if_tracing,None,1,1,1,1,1
torch.jit.set_module,None,1,1,0,0,0
torch.lgamma,None,0,0,0,0,0
torch.linalg.eig,None,1,1,1,1,1
torch.linalg.eigvals,None,1,1,1,1,0
torch.linalg.inv,None,0,0,0,0,0
torch.linalg.matrix_rank,None,1,1,1,1,1
torch.linalg.matrix_rank,None,1,1,1,1,1
torch.linalg.solve_triangular,None,1,1,1,1,1
torch.linalg.tensorinv,None,1,0,0,0,0
torch.log,None,0,0,0,0,0
torch.log10,None,0,0,0,0,0
torch.log1p,None,0,0,0,0,0
torch.logcumsumexp,None,1,0,0,0,0
torch.logical_not,None,1,0,0,0,0
torch.miopen_batch_norm,None,1,1,1,1,1
torch.msort,None,0,0,0,0,0
torch.neg,None,0,0,0,0,0
torch.negative,None,1,1,0,0,0
torch.negative_,None,1,1,1,1,1
torch.nn.BCELoss,None,1,0,0,0,0
torch.nn.DataParallel,None,1,1,1,1,1
torch.nn.LSTMCell,None,1,1,1,1,1
torch.nn.MaxUnpool1d,None,1,1,1,1,1
torch.nn.MaxUnpool1d,None,1,1,1,1,1
torch.nn.ModuleDict,None,1,1,1,1,1
torch.nn.ModuleDict,None,1,1,1,1,1
torch.nn.ParameterList,None,1,1,1,1,1
torch.nn.SyncBatchNorm,None,1,1,1,1,1
torch.nn.UninitializedBuffer,None,1,1,1,1,1
torch.nn.UninitializedParameter,None,1,1,1,1,1
torch.nn.functional.avg_pool1d,None,1,1,1,1,1
torch.nn.functional.avg_pool1d,None,1,1,1,1,1
torch.nn.functional.conv_transpose2d,None,1,1,1,0,0
torch.nn.functional.conv_transpose2d,None,1,0,0,0,0
torch.nn.functional.embedding_bag,None,1,1,1,1,1
torch.nn.functional.embedding_bag,None,1,1,1,1,1
torch.nn.functional.layer_norm,None,1,1,1,1,1
torch.nn.functional.log_softmax,None,1,1,1,1,1
torch.nn.functional.lp_pool2d,None,1,1,1,1,1
torch.nn.functional.nll_loss,None,1,1,1,1,1
torch.nn.quantized.QFunctional,None,1,1,1,1,1
torch.nn.utils.remove_weight_norm,None,1,1,1,1,1
torch.nn.utils.rnn.pad_sequence,None,1,1,1,1,1
torch.no_grad,None,1,1,1,1,1
torch.ones,None,1,1,1,1,1
torch.ones,None,1,1,1,1,1
torch.parse_type_comment,None,1,1,1,1,1
torch.poisson,None,1,1,1,1,1
torch.quantize_per_channel,None,1,1,1,1,1
torch.quantize_per_tensor,None,1,1,1,1,1
torch.rad2deg,None,1,1,0,0,0
torch.randn_like,None,1,1,1,1,1
torch.range,None,1,1,1,1,1
torch.repeat_interleave,None,1,1,1,1,1
torch.repeat_interleave,None,1,1,1,1,1
torch.rsqrt,None,1,0,0,0,0
torch.rsub,None,1,1,1,1,1
torch.scatter_reduce,None,1,1,1,1,1
torch.set_grad_enabled,None,1,1,1,1,1
torch.sgn,None,1,1,0,0,0
torch.sigmoid,None,1,0,0,0,0
torch.sign,None,1,1,1,0,0
torch.signbit,None,1,1,0,0,0
torch.sin,None,0,0,0,0,0
torch.sinh,None,0,0,0,0,0
torch.smm,None,1,1,1,1,1
torch.sparse_bsr_tensor,None,1,1,1,1,1
torch.sparse_bsr_tensor,None,1,1,1,1,1
torch.sparse_bsr_tensor,None,1,1,1,1,1
torch.sparse_bsr_tensor,None,1,1,1,1,1
torch.sparse_coo_tensor,None,1,1,1,1,1
torch.sparse_coo_tensor,None,1,1,1,1,1
torch.sparse_coo_tensor,None,1,1,1,1,1
torch.special.erfinv,None,1,0,0,0,0
torch.special.expit,None,1,0,0,0,0
torch.special.gammaln,None,1,0,0,0,0
torch.special.multigammaln,None,1,1,1,1,1
torch.special.psi,None,1,0,0,0,0
torch.spmm,None,1,1,1,1,1
torch.sqrt,None,0,0,0,0,0
torch.square,None,0,0,0,0,0
torch.sspaddmm,None,1,1,1,1,1
torch.std_mean,None,1,1,1,1,1
torch.std_mean,None,1,1,1,1,1
torch.std_mean,None,1,1,1,1,1
torch.std_mean,None,1,1,1,1,1
torch.stft,None,1,1,1,1,1
torch.sym_fresh_size,None,1,1,1,1,1
torch.tan,None,1,0,0,0,0
torch.tanh,None,1,0,0,0,0
torch.tensordot,None,1,1,1,0,0
torch.threshold,None,1,1,1,1,1
torch.topk,None,1,1,1,0,0
torch.tril,None,1,0,0,0,0
torch.trunc,None,0,0,0,0,0
torch.var_mean,None,1,1,1,1,1
torch.var_mean,None,1,1,1,1,1
torch.var_mean,None,1,1,1,1,1
torch.var_mean,None,1,1,1,1,1
torch.vdot,None,1,1,1,0,0
torch.where,None,1,1,1,1,1
tf.CriticalSection,None,1,1,0,0,0
tf.GradientTape,None,0,0,0,0,0
tf.Graph,None,0,0,0,0,0
tf.IndexedSlices,None,1,1,0,0,0
tf.Module,None,1,1,0,0,0
tf.argsort,None,1,1,0,0,0
tf.audio.decode_wav,None,1,1,1,1,1
tf.audio.encode_wav,None,1,0,0,0,0
tf.autodiff.ForwardAccumulator,None,1,1,1,1,1
tf.batch_to_space,None,1,1,1,0,0
tf.bitcast,None,1,1,1,1,1
tf.bitwise.bitwise_and,None,1,1,1,1,1
tf.bitwise.bitwise_or,None,1,1,1,1,1
tf.bitwise.bitwise_xor,None,1,1,1,1,1
tf.bitwise.invert,None,1,1,1,1,1
tf.bitwise.left_shift,None,1,1,0,0,0
tf.bitwise.right_shift,None,1,1,1,1,1
tf.boolean_mask,None,1,0,0,0,0
tf.broadcast_dynamic_shape,None,1,1,1,1,1
tf.broadcast_static_shape,None,1,1,1,1,1
tf.broadcast_to,None,1,1,1,1,1
tf.case,None,1,1,1,1,1
tf.cast,None,1,1,1,1,1
tf.clip_by_global_norm,None,1,1,1,1,1
tf.clip_by_norm,None,1,1,0,0,0
tf.clip_by_value,None,1,1,1,1,1
tf.compat.as_bytes,None,1,0,0,0,0
tf.compat.as_str,None,1,0,0,0,0
tf.compat.as_str_any,None,1,0,0,0,0
tf.compat.as_text,None,1,0,0,0,0
tf.compat.dimension_at_index,None,1,1,1,1,1
tf.compat.dimension_value,None,0,0,0,0,0
tf.compat.forward_compatible,None,1,0,0,0,0
tf.compat.path_to_str,None,1,0,0,0,0
tf.concat,None,1,1,1,1,1
tf.convert_to_tensor,None,1,1,0,0,0
tf.data.experimental.Counter,None,1,0,0,0,0
tf.data.experimental.DistributeOptions,None,1,1,1,0,0
tf.data.experimental.OptimizationOptions,None,1,0,0,0,0
tf.data.experimental.Reducer,None,1,0,0,0,0
tf.data.experimental.TFRecordWriter,None,1,0,0,0,0
tf.data.experimental.ThreadingOptions,None,1,0,0,0,0
tf.data.experimental.assert_cardinality,None,1,1,1,1,1
tf.data.experimental.bucket_by_sequence_length,None,1,1,1,1,1
tf.data.experimental.cardinality,None,1,1,1,1,1
tf.data.experimental.choose_from_datasets,None,1,1,1,1,1
tf.data.experimental.copy_to_device,None,1,1,1,1,1
tf.data.experimental.enumerate_dataset,None,1,1,1,1,1
tf.data.experimental.from_variant,None,1,1,1,1,1
tf.data.experimental.get_single_element,None,1,1,1,1,1
tf.data.experimental.get_structure,None,1,1,1,1,1
tf.data.experimental.group_by_reducer,None,1,1,1,1,1
tf.data.experimental.group_by_window,None,1,1,1,1,1
tf.data.experimental.ignore_errors,None,1,1,1,1,1
tf.data.experimental.load,None,1,1,1,1,1
tf.data.experimental.make_csv_dataset,None,1,1,1,1,1
tf.data.experimental.make_saveable_from_iterator,None,1,1,1,1,1
tf.data.experimental.map_and_batch,None,1,1,1,1,1
tf.data.experimental.prefetch_to_device,None,1,1,1,1,1
tf.data.experimental.sample_from_datasets,None,1,1,1,1,1
tf.data.experimental.save,None,1,1,1,1,1
tf.data.experimental.scan,None,1,1,1,1,1
tf.data.experimental.service.WorkerServer,None,1,1,1,1,1
tf.data.experimental.service.distribute,None,1,1,1,1,1
tf.data.experimental.service.from_dataset_id,None,1,1,1,1,1
tf.data.experimental.service.register_dataset,None,1,1,1,1,1
tf.data.experimental.shuffle_and_repeat,None,1,1,1,1,1
tf.data.experimental.take_while,None,1,1,1,1,1
tf.data.experimental.to_variant,None,1,1,1,1,1
tf.data.experimental.unbatch,None,1,1,0,0,0
tf.data.experimental.unique,None,1,1,1,1,1
tf.device,None,0,0,0,0,0
tf.dtypes.as_dtype,None,1,0,0,0,0
tf.dtypes.complex,None,1,1,0,0,0
tf.dtypes.saturate_cast,None,1,1,1,1,1
tf.dynamic_partition,None,0,0,0,0,0
tf.dynamic_stitch,None,1,1,1,1,1
tf.edit_distance,None,1,1,1,1,1
tf.einsum,None,1,1,1,1,1
tf.ensure_shape,None,1,1,1,1,1
tf.executing_eagerly,None,1,0,0,0,0
tf.expand_dims,None,1,0,0,0,0
tf.experimental.async_clear_error,None,0,0,0,0,0
tf.experimental.dlpack.from_dlpack,None,1,1,1,1,1
tf.experimental.dlpack.to_dlpack,None,1,1,1,1,0
tf.experimental.numpy.abs,None,1,1,0,0,0
tf.experimental.numpy.absolute,None,1,1,1,0,0
tf.experimental.numpy.add,None,1,1,1,0,0
tf.experimental.numpy.all,None,1,1,0,0,0
tf.experimental.numpy.allclose,None,1,1,0,0,0
tf.experimental.numpy.amax,None,1,1,1,0,0
tf.experimental.numpy.amin,None,1,1,1,1,1
tf.experimental.numpy.angle,None,0,0,0,0,0
tf.experimental.numpy.any,None,1,1,0,0,0
tf.experimental.numpy.append,None,1,1,1,0,0
tf.experimental.numpy.arange,None,1,1,1,1,1
tf.experimental.numpy.arccos,None,1,1,0,0,0
tf.experimental.numpy.arccosh,None,1,1,1,0,0
tf.experimental.numpy.arcsin,None,1,1,1,1,1
tf.experimental.numpy.arcsinh,None,1,1,0,0,0
tf.experimental.numpy.arctan,None,1,1,0,0,0
tf.experimental.numpy.arctan2,None,1,1,1,1,0
tf.experimental.numpy.arctanh,None,1,1,0,0,0
tf.experimental.numpy.argmax,None,1,1,1,0,0
tf.experimental.numpy.argmin,None,1,1,0,0,0
tf.experimental.numpy.argsort,None,1,1,1,1,1
tf.experimental.numpy.around,None,1,0,0,0,0
tf.experimental.numpy.array,None,1,1,1,0,0
tf.experimental.numpy.array_equal,None,1,1,1,1,1
tf.experimental.numpy.asanyarray,None,1,1,1,0,0
tf.experimental.numpy.asarray,None,1,0,0,0,0
tf.experimental.numpy.ascontiguousarray,None,1,1,1,0,0
tf.experimental.numpy.atleast_1d,None,1,1,1,1,1
tf.experimental.numpy.atleast_2d,None,1,1,1,1,1
tf.experimental.numpy.atleast_3d,None,1,1,1,1,1
tf.experimental.numpy.average,None,1,1,0,0,0
tf.experimental.numpy.bitwise_and,None,1,1,0,0,0
tf.experimental.numpy.bitwise_not,None,1,1,0,0,0
tf.experimental.numpy.bitwise_or,None,1,1,1,1,1
tf.experimental.numpy.bitwise_xor,None,1,1,0,0,0
tf.experimental.numpy.broadcast_arrays,None,1,1,1,1,1
tf.experimental.numpy.broadcast_to,None,1,1,0,0,0
tf.experimental.numpy.cbrt,None,1,1,0,0,0
tf.experimental.numpy.ceil,None,1,1,0,0,0
tf.experimental.numpy.clip,None,1,1,1,1,1
tf.experimental.numpy.compress,None,1,1,1,0,0
tf.experimental.numpy.concatenate,None,1,1,1,1,1
tf.experimental.numpy.conj,None,1,0,0,0,0
tf.experimental.numpy.conjugate,None,1,1,1,1,1
tf.experimental.numpy.copy,None,1,1,1,0,0
tf.experimental.numpy.cos,None,1,1,0,0,0
tf.experimental.numpy.cosh,None,1,1,0,0,0
tf.experimental.numpy.count_nonzero,None,1,0,0,0,0
tf.experimental.numpy.cross,None,1,1,1,1,1
tf.experimental.numpy.cumprod,None,1,0,0,0,0
tf.experimental.numpy.cumsum,None,1,1,1,1,1
tf.experimental.numpy.deg2rad,None,1,1,0,0,0
tf.experimental.numpy.diag,None,1,1,0,0,0
tf.experimental.numpy.diag_indices,None,0,0,0,0,0
tf.experimental.numpy.diagflat,None,1,1,0,0,0
tf.experimental.numpy.diagonal,None,1,0,0,0,0
tf.experimental.numpy.diff,None,1,1,0,0,0
tf.experimental.numpy.divide,None,1,1,0,0,0
tf.experimental.numpy.divmod,None,1,1,0,0,0
tf.experimental.numpy.dot,None,1,1,0,0,0
tf.experimental.numpy.dsplit,None,1,1,1,1,1
tf.experimental.numpy.dstack,None,1,1,0,0,0
tf.experimental.numpy.einsum,None,1,1,1,1,1
tf.experimental.numpy.empty,None,1,0,0,0,0
tf.experimental.numpy.empty_like,None,1,1,1,0,0
tf.experimental.numpy.equal,None,1,1,1,1,1
tf.experimental.numpy.exp,None,1,1,0,0,0
tf.experimental.numpy.exp2,None,1,1,0,0,0
tf.experimental.numpy.expand_dims,None,1,0,0,0,0
tf.experimental.numpy.expm1,None,1,1,0,0,0
tf.experimental.numpy.eye,None,1,0,0,0,0
tf.experimental.numpy.fabs,None,1,1,0,0,0
tf.experimental.numpy.finfo,None,1,0,0,0,0
tf.experimental.numpy.fix,None,1,1,1,1,1
tf.experimental.numpy.flip,None,1,1,1,1,1
tf.experimental.numpy.fliplr,None,1,1,1,0,0
tf.experimental.numpy.flipud,None,1,1,0,0,0
tf.experimental.numpy.float_power,None,1,1,1,1,1
tf.experimental.numpy.floor,None,1,1,1,1,0
tf.experimental.numpy.floor_divide,None,1,1,1,1,0
tf.experimental.numpy.full,None,1,1,1,0,0
tf.experimental.numpy.full_like,None,1,1,1,1,1
tf.experimental.numpy.gcd,None,1,1,1,0,0
tf.experimental.numpy.geomspace,None,1,1,0,0,0
tf.experimental.numpy.greater,None,1,1,1,0,0
tf.experimental.numpy.greater_equal,None,1,1,0,0,0
tf.experimental.numpy.heaviside,None,1,1,1,1,1
tf.experimental.numpy.hsplit,None,1,0,0,0,0
tf.experimental.numpy.hsplit,None,1,1,1,1,1
tf.experimental.numpy.hstack,None,1,0,0,0,0
tf.experimental.numpy.hypot,None,1,1,0,0,0
tf.experimental.numpy.identity,None,1,0,0,0,0
tf.experimental.numpy.iinfo,None,1,1,1,0,0
tf.experimental.numpy.imag,None,1,1,1,1,1
tf.experimental.numpy.inner,None,1,1,1,1,0
tf.experimental.numpy.isclose,None,1,1,0,0,0
tf.experimental.numpy.iscomplex,None,1,1,1,1,0
tf.experimental.numpy.iscomplexobj,None,1,1,1,1,1
tf.experimental.numpy.isfinite,None,1,1,1,1,0
tf.experimental.numpy.isinf,None,1,1,0,0,0
tf.experimental.numpy.isnan,None,1,1,1,1,1
tf.experimental.numpy.isneginf,None,1,1,0,0,0
tf.experimental.numpy.isposinf,None,1,1,1,1,0
tf.experimental.numpy.isreal,None,1,1,0,0,0
tf.experimental.numpy.isrealobj,None,1,1,1,1,1
tf.experimental.numpy.isscalar,None,1,1,1,0,0
tf.experimental.numpy.issubdtype,None,0,0,0,0,0
tf.experimental.numpy.ix_,None,1,1,1,1,1
tf.experimental.numpy.kron,None,1,1,1,0,0
tf.experimental.numpy.lcm,None,1,1,1,1,1
tf.experimental.numpy.less,None,1,1,0,0,0
tf.experimental.numpy.less_equal,None,1,1,0,0,0
tf.experimental.numpy.linspace,None,1,1,1,1,1
tf.experimental.numpy.log,None,1,1,1,1,1
tf.experimental.numpy.log10,None,1,1,0,0,0
tf.experimental.numpy.log1p,None,1,1,1,0,0
tf.experimental.numpy.log2,None,1,1,1,1,1
tf.experimental.numpy.logaddexp,None,1,1,0,0,0
tf.experimental.numpy.logaddexp2,None,1,1,0,0,0
tf.experimental.numpy.logical_and,None,1,1,1,1,0
tf.experimental.numpy.logical_not,None,1,1,1,1,1
tf.experimental.numpy.logical_or,None,1,1,1,1,0
tf.experimental.numpy.logical_xor,None,1,1,1,1,1
tf.experimental.numpy.logspace,None,1,1,0,0,0
tf.experimental.numpy.matmul,None,1,1,1,1,1
tf.experimental.numpy.max,None,1,1,0,0,0
tf.experimental.numpy.maximum,None,1,1,1,1,1
tf.experimental.numpy.mean,None,1,0,0,0,0
tf.experimental.numpy.meshgrid,None,1,1,1,1,1
tf.experimental.numpy.min,None,1,1,1,1,0
tf.experimental.numpy.min,None,1,1,1,1,1
tf.experimental.numpy.minimum,None,1,1,1,1,1
tf.experimental.numpy.mod,None,1,1,1,0,0
tf.experimental.numpy.moveaxis,None,1,1,0,0,0
tf.experimental.numpy.multiply,None,1,1,0,0,0
tf.experimental.numpy.nanmean,None,1,1,1,1,0
tf.experimental.numpy.nanprod,None,1,0,0,0,0
tf.experimental.numpy.nansum,None,1,1,1,0,0
tf.experimental.numpy.ndim,None,1,1,0,0,0
tf.experimental.numpy.negative,None,1,1,0,0,0
tf.experimental.numpy.nextafter,None,1,1,0,0,0
tf.experimental.numpy.nonzero,None,1,1,0,0,0
tf.experimental.numpy.not_equal,None,1,1,0,0,0
tf.experimental.numpy.ones,None,0,0,0,0,0
tf.experimental.numpy.ones_like,None,1,1,1,1,1
tf.experimental.numpy.outer,None,1,1,0,0,0
tf.experimental.numpy.pad,None,1,0,0,0,0
tf.experimental.numpy.polyval,None,1,0,0,0,0
tf.experimental.numpy.positive,None,1,1,1,1,1
tf.experimental.numpy.power,None,1,1,0,0,0
tf.experimental.numpy.prod,None,1,0,0,0,0
tf.experimental.numpy.promote_types,None,1,0,0,0,0
tf.experimental.numpy.ptp,None,1,0,0,0,0
tf.experimental.numpy.rad2deg,None,1,1,0,0,0
tf.experimental.numpy.random.rand,None,1,0,0,0,0
tf.experimental.numpy.random.randint,None,1,1,0,0,0
tf.experimental.numpy.random.randn,None,1,1,1,1,1
tf.experimental.numpy.random.random,None,1,1,0,0,0
tf.experimental.numpy.random.seed,None,1,0,0,0,0
tf.experimental.numpy.ravel,None,1,1,1,0,0
tf.experimental.numpy.real,None,1,1,0,0,0
tf.experimental.numpy.reciprocal,None,1,1,1,0,0
tf.experimental.numpy.remainder,None,1,1,1,1,1
tf.experimental.numpy.repeat,None,1,0,0,0,0
tf.experimental.numpy.reshape,None,1,1,1,0,0
tf.experimental.numpy.result_type,None,1,1,1,1,1
tf.experimental.numpy.roll,None,1,1,0,0,0
tf.experimental.numpy.rot90,None,1,1,1,0,0
tf.experimental.numpy.round,None,1,1,0,0,0
tf.experimental.numpy.select,None,1,0,0,0,0
tf.experimental.numpy.shape,None,1,1,0,0,0
tf.experimental.numpy.sign,None,1,1,1,1,1
tf.experimental.numpy.signbit,None,1,1,0,0,0
tf.experimental.numpy.sin,None,1,1,1,1,1
tf.experimental.numpy.sinc,None,1,1,0,0,0
tf.experimental.numpy.sinh,None,1,1,1,1,0
tf.experimental.numpy.size,None,1,1,1,1,0
tf.experimental.numpy.sort,None,1,1,1,1,1
tf.experimental.numpy.split,None,1,1,0,0,0
tf.experimental.numpy.sqrt,None,1,1,0,0,0
tf.experimental.numpy.square,None,1,1,1,1,1
tf.experimental.numpy.squeeze,None,1,1,1,1,0
tf.experimental.numpy.stack,None,1,1,1,1,1
tf.experimental.numpy.std,None,1,1,1,0,0
tf.experimental.numpy.subtract,None,1,1,1,1,1
tf.experimental.numpy.sum,None,1,0,0,0,0
tf.experimental.numpy.swapaxes,None,1,1,0,0,0
tf.experimental.numpy.take,None,1,1,1,1,1
tf.experimental.numpy.take_along_axis,None,1,1,1,0,0
tf.experimental.numpy.tan,None,1,1,0,0,0
tf.experimental.numpy.tanh,None,1,1,1,0,0
tf.experimental.numpy.tensordot,None,1,1,1,1,1
tf.experimental.numpy.tile,None,1,1,1,1,1
tf.experimental.numpy.trace,None,1,1,0,0,0
tf.experimental.numpy.transpose,None,1,1,1,1,1
tf.experimental.numpy.tri,None,0,0,0,0,0
tf.experimental.numpy.tril,None,1,1,0,0,0
tf.experimental.numpy.triu,None,1,0,0,0,0
tf.experimental.numpy.true_divide,None,1,1,1,1,1
tf.experimental.numpy.vander,None,1,1,0,0,0
tf.experimental.numpy.var,None,1,1,1,1,1
tf.experimental.numpy.vdot,None,1,1,1,1,1
tf.experimental.numpy.vsplit,None,1,0,0,0,0
tf.experimental.numpy.vstack,None,1,1,1,1,1
tf.experimental.numpy.where,None,1,1,1,1,0
tf.experimental.numpy.zeros,None,1,0,0,0,0
tf.experimental.numpy.zeros_like,None,1,1,0,0,0
tf.experimental.register_filesystem_plugin,None,1,1,1,1,1
tf.experimental.tensorrt.Converter,None,1,1,1,1,1
tf.extract_volume_patches,None,1,1,0,0,0
tf.eye,None,1,0,0,0,0
tf.feature_column.categorical_column_with_hash_bucket,None,1,0,0,0,0
tf.feature_column.categorical_column_with_identity,None,1,0,0,0,0
tf.feature_column.categorical_column_with_vocabulary_file,None,0,0,0,0,0
tf.feature_column.categorical_column_with_vocabulary_list,None,1,1,1,1,1
tf.feature_column.crossed_column,None,1,1,1,1,1
tf.feature_column.embedding_column,None,1,1,1,1,1
tf.feature_column.indicator_column,None,1,1,1,1,1
tf.feature_column.make_parse_example_spec,None,1,1,1,1,1
tf.feature_column.numeric_column,None,1,1,1,1,1
tf.feature_column.sequence_categorical_column_with_hash_bucket,None,1,0,0,0,0
tf.feature_column.sequence_categorical_column_with_identity,None,0,0,0,0,0
tf.feature_column.sequence_categorical_column_with_vocabulary_file,None,1,0,0,0,0
tf.feature_column.sequence_categorical_column_with_vocabulary_list,None,1,1,1,1,1
tf.feature_column.shared_embeddings,None,1,1,1,1,1
tf.feature_column.weighted_categorical_column,None,1,1,1,1,1
tf.fill,None,1,1,1,1,1
tf.fingerprint,None,1,1,0,0,0
tf.gather,None,1,1,1,1,1
tf.gather_nd,None,1,0,0,0,0
tf.get_logger,None,1,0,0,0,0
tf.get_static_value,None,1,1,1,1,1
tf.gradients,None,1,1,1,1,1
tf.group,None,1,1,1,1,1
tf.guarantee_const,None,1,1,0,0,0
tf.hessians,None,1,1,1,1,1
tf.histogram_fixed_width,None,1,1,0,0,0
tf.histogram_fixed_width_bins,None,1,1,1,1,1
tf.identity,None,1,1,1,0,0
tf.identity_n,None,1,1,1,1,1
tf.image.adjust_brightness,None,0,0,0,0,0
tf.image.adjust_contrast,None,1,1,0,0,0
tf.image.adjust_gamma,None,1,0,0,0,0
tf.image.adjust_hue,None,1,0,0,0,0
tf.image.adjust_jpeg_quality,None,1,0,0,0,0
tf.image.adjust_saturation,None,1,0,0,0,0
tf.image.central_crop,None,0,0,0,0,0
tf.image.combined_non_max_suppression,None,1,1,1,1,1
tf.image.convert_image_dtype,None,1,1,1,0,0
tf.image.crop_and_resize,None,0,0,0,0,0
tf.image.crop_to_bounding_box,None,1,1,0,0,0
tf.image.draw_bounding_boxes,None,0,0,0,0,0
tf.image.extract_glimpse,None,1,0,0,0,0
tf.image.extract_patches,None,1,1,1,0,0
tf.image.flip_left_right,None,1,1,0,0,0
tf.image.flip_up_down,None,1,1,1,1,1
tf.image.generate_bounding_box_proposals,None,1,1,1,1,1
tf.image.grayscale_to_rgb,None,1,1,1,1,1
tf.image.hsv_to_rgb,None,1,1,0,0,0
tf.image.image_gradients,None,1,1,0,0,0
tf.image.non_max_suppression,None,0,0,0,0,0
tf.image.non_max_suppression_overlaps,None,1,0,0,0,0
tf.image.non_max_suppression_padded,None,1,1,1,1,1
tf.image.non_max_suppression_with_scores,None,0,0,0,0,0
tf.image.pad_to_bounding_box,None,1,1,0,0,0
tf.image.per_image_standardization,None,1,1,0,0,0
tf.image.psnr,None,0,0,0,0,0
tf.image.random_brightness,None,1,0,0,0,0
tf.image.random_contrast,None,1,1,0,0,0
tf.image.random_crop,None,1,0,0,0,0
tf.image.random_flip_left_right,None,1,1,1,0,0
tf.image.random_flip_up_down,None,1,1,0,0,0
tf.image.random_hue,None,1,0,0,0,0
tf.image.random_jpeg_quality,None,0,0,0,0,0
tf.image.random_saturation,None,1,0,0,0,0
tf.image.resize,None,0,0,0,0,0
tf.image.resize_with_crop_or_pad,None,0,0,0,0,0
tf.image.resize_with_pad,None,1,0,0,0,0
tf.image.rgb_to_grayscale,None,1,1,1,1,0
tf.image.rgb_to_hsv,None,1,1,1,1,1
tf.image.rgb_to_yiq,None,1,1,0,0,0
tf.image.rgb_to_yuv,None,1,1,0,0,0
tf.image.rot90,None,1,1,0,0,0
tf.image.sample_distorted_bounding_box,None,1,1,1,0,0
tf.image.sobel_edges,None,1,0,0,0,0
tf.image.ssim,None,0,0,0,0,0
tf.image.ssim_multiscale,None,1,1,1,1,1
tf.image.stateless_random_brightness,None,0,0,0,0,0
tf.image.stateless_random_contrast,None,1,1,1,1,1
tf.image.stateless_random_crop,None,0,0,0,0,0
tf.image.stateless_random_flip_left_right,None,1,0,0,0,0
tf.image.stateless_random_flip_up_down,None,0,0,0,0,0
tf.image.stateless_random_hue,None,1,1,1,1,1
tf.image.stateless_random_jpeg_quality,None,0,0,0,0,0
tf.image.stateless_random_saturation,None,1,1,1,0,0
tf.image.stateless_sample_distorted_bounding_box,None,0,0,0,0,0
tf.image.total_variation,None,1,1,0,0,0
tf.image.transpose,None,1,1,1,1,0
tf.image.yiq_to_rgb,None,1,1,0,0,0
tf.image.yuv_to_rgb,None,1,1,1,1,1
tf.io.TFRecordOptions,None,1,1,0,0,0
tf.io.TFRecordWriter,None,1,1,0,0,0
tf.io.decode_and_crop_jpeg,None,1,1,1,1,1
tf.io.decode_base64,None,1,1,1,1,1
tf.io.decode_bmp,None,1,1,1,1,1
tf.io.decode_compressed,None,1,0,0,0,0
tf.io.decode_csv,None,1,1,1,1,1
tf.io.decode_gif,None,1,1,1,1,1
tf.io.decode_image,None,1,1,1,1,1
tf.io.decode_jpeg,None,1,1,1,1,1
tf.io.decode_json_example,None,1,1,1,1,1
tf.io.decode_png,None,1,1,1,0,0
tf.io.decode_proto,None,1,1,1,1,1
tf.io.decode_raw,None,1,1,1,1,1
tf.io.deserialize_many_sparse,None,1,1,1,1,1
tf.io.encode_base64,None,1,0,0,0,0
tf.io.encode_jpeg,None,0,0,0,0,0
tf.io.encode_png,None,1,1,0,0,0
tf.io.encode_proto,None,1,1,1,1,1
tf.io.extract_jpeg_shape,None,1,1,1,1,1
tf.io.gfile.GFile,None,1,0,0,0,0
tf.io.gfile.copy,None,1,1,1,1,0
tf.io.gfile.exists,None,0,0,0,0,0
tf.io.gfile.glob,None,1,0,0,0,0
tf.io.gfile.isdir,None,1,0,0,0,0
tf.io.gfile.listdir,None,1,1,1,1,1
tf.io.gfile.makedirs,None,1,0,0,0,0
tf.io.gfile.mkdir,None,1,1,0,0,0
tf.io.gfile.remove,None,1,1,1,0,0
tf.io.gfile.rename,None,1,1,1,1,1
tf.io.gfile.rmtree,None,1,1,1,0,0
tf.io.gfile.stat,None,1,1,1,1,0
tf.io.gfile.walk,None,1,0,0,0,0
tf.io.is_jpeg,None,1,0,0,0,0
tf.io.match_filenames_once,None,1,1,1,1,1
tf.io.matching_files,None,1,0,0,0,0
tf.io.parse_tensor,None,1,1,1,1,1
tf.io.read_file,None,1,1,1,1,1
tf.io.serialize_many_sparse,None,1,1,1,1,1
tf.io.serialize_sparse,None,1,1,1,1,1
tf.io.serialize_tensor,None,1,1,1,1,1
tf.io.write_file,None,1,1,0,0,0
tf.is_tensor,None,1,1,1,1,0
tf.linalg.LinearOperatorAdjoint,None,1,1,1,1,1
tf.linalg.LinearOperatorBlockDiag,None,1,1,1,1,1
tf.linalg.LinearOperatorBlockLowerTriangular,None,1,1,1,1,1
tf.linalg.LinearOperatorCirculant,None,1,1,1,1,1
tf.linalg.LinearOperatorCirculant2D,None,1,1,0,0,0
tf.linalg.LinearOperatorCirculant3D,None,1,1,1,0,0
tf.linalg.LinearOperatorComposition,None,1,1,1,1,1
tf.linalg.LinearOperatorDiag,None,1,1,0,0,0
tf.linalg.LinearOperatorFullMatrix,None,1,0,0,0,0
tf.linalg.LinearOperatorHouseholder,None,1,1,1,1,0
tf.linalg.LinearOperatorIdentity,None,1,1,1,1,1
tf.linalg.LinearOperatorInversion,None,1,1,1,1,1
tf.linalg.LinearOperatorKronecker,None,1,1,1,1,1
tf.linalg.LinearOperatorLowRankUpdate,None,1,1,1,1,1
tf.linalg.LinearOperatorLowerTriangular,None,1,1,1,0,0
tf.linalg.LinearOperatorPermutation,None,1,1,0,0,0
tf.linalg.LinearOperatorScaledIdentity,None,1,1,1,1,0
tf.linalg.LinearOperatorToeplitz,None,1,1,1,1,0
tf.linalg.LinearOperatorTridiag,None,1,1,1,1,1
tf.linalg.LinearOperatorZeros,None,1,1,1,1,0
tf.linalg.adjoint,None,1,1,0,0,0
tf.linalg.band_part,None,1,0,0,0,0
tf.linalg.banded_triangular_solve,None,1,1,1,1,1
tf.linalg.cholesky,None,1,1,1,0,0
tf.linalg.cholesky_solve,None,1,1,1,1,1
tf.linalg.cross,None,1,1,0,0,0
tf.linalg.det,None,1,1,1,0,0
tf.linalg.diag,None,1,1,1,0,0
tf.linalg.diag,None,1,1,1,1,1
tf.linalg.diag_part,None,1,0,0,0,0
tf.linalg.diag_part,None,1,0,0,0,0
tf.linalg.eig,None,1,0,0,0,0
tf.linalg.eigh,None,1,0,0,0,0
tf.linalg.eigvals,None,1,0,0,0,0
tf.linalg.eigvalsh,None,0,0,0,0,0
tf.linalg.experimental.conjugate_gradient,None,1,1,1,1,1
tf.linalg.expm,None,1,1,1,0,0
tf.linalg.global_norm,None,1,1,1,1,1
tf.linalg.inv,None,1,1,0,0,0
tf.linalg.logdet,None,1,1,1,0,0
tf.linalg.logm,None,1,1,1,1,0
tf.linalg.lstsq,None,1,0,0,0,0
tf.linalg.lu,None,1,1,1,1,1
tf.linalg.lu_matrix_inverse,None,1,1,0,0,0
tf.linalg.lu_reconstruct,None,1,1,1,0,0
tf.linalg.lu_solve,None,1,1,0,0,0
tf.linalg.matmul,None,1,0,0,0,0
tf.linalg.matrix_rank,None,1,0,0,0,0
tf.linalg.matrix_transpose,None,1,0,0,0,0
tf.linalg.matvec,None,1,0,0,0,0
tf.linalg.normalize,None,1,1,1,1,1
tf.linalg.pinv,None,1,1,0,0,0
tf.linalg.qr,None,0,0,0,0,0
tf.linalg.set_diag,None,1,1,0,0,0
tf.linalg.slogdet,None,1,1,1,1,1
tf.linalg.solve,None,1,1,1,0,0
tf.linalg.sqrtm,None,1,1,1,0,0
tf.linalg.svd,None,1,0,0,0,0
tf.linalg.tensor_diag,None,1,1,1,0,0
tf.linalg.tensor_diag_part,None,1,1,1,1,0
tf.linalg.trace,None,0,0,0,0,0
tf.linalg.triangular_solve,None,1,1,1,1,1
tf.linalg.tridiagonal_matmul,None,1,1,1,1,1
tf.linalg.tridiagonal_matmul,None,1,0,0,0,0
tf.linalg.tridiagonal_solve,None,1,1,1,1,1
tf.linspace,None,0,0,0,0,0
tf.load_library,None,1,1,1,1,0
tf.load_op_library,None,1,1,1,1,1
tf.lookup.KeyValueTensorInitializer,None,1,1,1,1,1
tf.lookup.StaticHashTable,None,1,1,1,1,1
tf.lookup.StaticVocabularyTable,None,1,1,1,1,1
tf.lookup.TextFileInitializer,None,1,0,0,0,0
tf.lookup.experimental.DenseHashTable,None,1,1,1,1,1
tf.make_ndarray,None,1,1,1,1,1
tf.make_tensor_proto,None,1,0,0,0,0
tf.math.abs,None,1,0,0,0,0
tf.math.accumulate_n,None,1,1,1,1,1
tf.math.acos,None,1,1,1,0,0
tf.math.acosh,None,1,1,1,0,0
tf.math.add,None,1,1,1,1,0
tf.math.add_n,None,1,1,1,1,1
tf.math.angle,None,1,1,0,0,0
tf.math.argmax,None,1,0,0,0,0
tf.math.argmin,None,1,1,1,1,1
tf.math.asin,None,1,1,1,1,1
tf.math.asinh,None,1,1,1,0,0
tf.math.atan,None,1,1,1,0,0
tf.math.atan2,None,1,0,0,0,0
tf.math.atanh,None,1,1,0,0,0
tf.math.bessel_i0,None,1,1,1,0,0
tf.math.bessel_i0e,None,1,1,0,0,0
tf.math.bessel_i1,None,1,1,0,0,0
tf.math.bessel_i1e,None,1,1,1,1,1
tf.math.betainc,None,1,1,0,0,0
tf.math.bincount,None,1,1,0,0,0
tf.math.ceil,None,1,1,1,1,1
tf.math.confusion_matrix,None,1,1,1,0,0
tf.math.conj,None,1,1,1,1,0
tf.math.cos,None,1,1,1,0,0
tf.math.cosh,None,1,1,1,1,1
tf.math.count_nonzero,None,1,1,1,1,1
tf.math.cumprod,None,1,1,0,0,0
tf.math.cumsum,None,1,1,0,0,0
tf.math.cumulative_logsumexp,None,1,0,0,0,0
tf.math.digamma,None,1,1,1,1,1
tf.math.divide,None,1,1,0,0,0
tf.math.divide_no_nan,None,1,1,0,0,0
tf.math.equal,None,1,0,0,0,0
tf.math.erf,None,1,1,0,0,0
tf.math.erfc,None,1,1,1,0,0
tf.math.erfcinv,None,1,1,1,1,1
tf.math.erfinv,None,1,0,0,0,0
tf.math.exp,None,1,1,1,0,0
tf.math.expm1,None,1,1,1,1,1
tf.math.floor,None,1,1,1,1,0
tf.math.floordiv,None,1,1,1,1,0
tf.math.floormod,None,1,1,0,0,0
tf.math.greater,None,1,1,0,0,0
tf.math.greater_equal,None,1,1,0,0,0
tf.math.igamma,None,1,1,0,0,0
tf.math.igammac,None,1,1,1,0,0
tf.math.imag,None,1,1,1,0,0
tf.math.in_top_k,None,1,0,0,0,0
tf.math.invert_permutation,None,1,0,0,0,0
tf.math.is_finite,None,1,1,1,0,0
tf.math.is_inf,None,1,1,1,1,1
tf.math.is_nan,None,1,1,1,1,0
tf.math.is_non_decreasing,None,1,1,1,1,1
tf.math.is_strictly_increasing,None,1,1,1,1,1
tf.math.l2_normalize,None,1,0,0,0,0
tf.math.lbeta,None,1,1,0,0,0
tf.math.less,None,1,1,1,1,1
tf.math.less_equal,None,1,0,0,0,0
tf.math.lgamma,None,1,1,1,1,1
tf.math.log,None,1,1,1,1,0
tf.math.log1p,None,1,1,0,0,0
tf.math.log_sigmoid,None,1,0,0,0,0
tf.math.logical_and,None,1,0,0,0,0
tf.math.logical_not,None,1,0,0,0,0
tf.math.logical_or,None,1,1,0,0,0
tf.math.logical_xor,None,1,0,0,0,0
tf.math.maximum,None,1,1,1,1,1
tf.math.minimum,None,1,1,1,1,1
tf.math.multiply,None,1,1,1,0,0
tf.math.multiply_no_nan,None,1,0,0,0,0
tf.math.ndtri,None,1,0,0,0,0
tf.math.negative,None,1,0,0,0,0
tf.math.nextafter,None,1,1,1,0,0
tf.math.not_equal,None,1,1,0,0,0
tf.math.polygamma,None,1,1,1,0,0
tf.math.polyval,None,1,1,0,0,0
tf.math.pow,None,1,1,1,1,1
tf.math.real,None,1,1,0,0,0
tf.math.reciprocal,None,1,1,1,1,1
tf.math.reciprocal_no_nan,None,1,1,0,0,0
tf.math.reduce_all,None,1,0,0,0,0
tf.math.reduce_any,None,1,0,0,0,0
tf.math.reduce_euclidean_norm,None,1,0,0,0,0
tf.math.reduce_logsumexp,None,1,1,0,0,0
tf.math.reduce_max,None,1,1,1,1,1
tf.math.reduce_mean,None,1,0,0,0,0
tf.math.reduce_min,None,1,0,0,0,0
tf.math.reduce_prod,None,1,0,0,0,0
tf.math.reduce_std,None,0,0,0,0,0
tf.math.reduce_sum,None,0,0,0,0,0
tf.math.reduce_variance,None,0,0,0,0,0
tf.math.rint,None,1,1,0,0,0
tf.math.round,None,1,1,0,0,0
tf.math.rsqrt,None,1,1,1,1,0
tf.math.scalar_mul,None,1,1,0,0,0
tf.math.segment_max,None,1,0,0,0,0
tf.math.segment_mean,None,1,0,0,0,0
tf.math.segment_min,None,1,0,0,0,0
tf.math.segment_prod,None,1,0,0,0,0
tf.math.segment_sum,None,1,1,0,0,0
tf.math.sigmoid,None,1,1,0,0,0
tf.math.sign,None,1,1,1,0,0
tf.math.sin,None,1,1,1,0,0
tf.math.sinh,None,1,1,1,1,1
tf.math.sobol_sample,None,1,0,0,0,0
tf.math.softplus,None,1,1,0,0,0
tf.math.special.bessel_j0,None,1,1,0,0,0
tf.math.special.bessel_j1,None,1,1,1,1,1
tf.math.special.bessel_k0,None,1,0,0,0,0
tf.math.special.bessel_k0e,None,1,1,0,0,0
tf.math.special.bessel_k1,None,1,1,1,1,1
tf.math.special.bessel_k1e,None,1,1,0,0,0
tf.math.special.bessel_y0,None,1,1,0,0,0
tf.math.special.bessel_y1,None,1,1,0,0,0
tf.math.special.dawsn,None,1,1,0,0,0
tf.math.special.expint,None,1,1,0,0,0
tf.math.special.fresnel_cos,None,1,1,0,0,0
tf.math.special.fresnel_sin,None,1,1,0,0,0
tf.math.special.spence,None,1,1,0,0,0
tf.math.sqrt,None,1,1,1,1,1
tf.math.square,None,1,1,1,1,0
tf.math.squared_difference,None,1,1,0,0,0
tf.math.subtract,None,1,1,1,0,0
tf.math.tan,None,1,1,1,0,0
tf.math.tanh,None,1,1,1,1,0
tf.math.top_k,None,1,0,0,0,0
tf.math.truediv,None,1,1,0,0,0
tf.math.unsorted_segment_max,None,1,0,0,0,0
tf.math.unsorted_segment_mean,None,1,0,0,0,0
tf.math.unsorted_segment_min,None,1,0,0,0,0
tf.math.unsorted_segment_prod,None,1,1,0,0,0
tf.math.unsorted_segment_sqrt_n,None,1,0,0,0,0
tf.math.unsorted_segment_sum,None,0,0,0,0,0
tf.math.xdivy,None,1,1,1,1,0
tf.math.xlog1py,None,1,1,0,0,0
tf.math.xlogy,None,1,0,0,0,0
tf.math.zero_fraction,None,1,0,0,0,0
tf.math.zeta,None,1,1,0,0,0
tf.meshgrid,None,1,1,1,1,1
tf.mlir.experimental.convert_function,None,1,1,1,1,1
tf.nest.assert_same_structure,None,1,1,1,1,1
tf.nest.flatten,None,1,1,1,1,0
tf.nest.is_nested,None,1,1,1,1,1
tf.nest.pack_sequence_as,None,1,1,1,1,1
tf.nn.RNNCellDeviceWrapper,None,1,1,1,1,1
tf.nn.RNNCellDropoutWrapper,None,1,1,1,1,1
tf.nn.atrous_conv2d,None,1,1,0,0,0
tf.nn.atrous_conv2d_transpose,None,1,1,1,1,1
tf.nn.avg_pool,None,1,1,0,0,0
tf.nn.avg_pool1d,None,1,1,0,0,0
tf.nn.avg_pool1d,None,1,1,1,1,1
tf.nn.avg_pool2d,None,1,1,1,1,1
tf.nn.avg_pool3d,None,1,1,1,1,1
tf.nn.batch_norm_with_global_normalization,None,0,0,0,0,0
tf.nn.batch_normalization,None,0,0,0,0,0
tf.nn.bias_add,None,1,1,1,0,0
tf.nn.collapse_repeated,None,1,0,0,0,0
tf.nn.compute_accidental_hits,None,1,1,1,1,1
tf.nn.compute_average_loss,None,1,1,1,0,0
tf.nn.conv1d,None,1,1,1,1,1
tf.nn.conv1d,None,1,1,1,1,1
tf.nn.conv1d,None,1,0,0,0,0
tf.nn.conv1d,None,1,1,1,1,1
tf.nn.conv1d_transpose,None,1,1,1,1,1
tf.nn.conv1d_transpose,None,1,1,1,1,1
tf.nn.conv2d,None,1,1,0,0,0
tf.nn.conv2d_transpose,None,1,1,1,1,1
tf.nn.conv3d,None,1,1,1,1,1
tf.nn.conv3d_transpose,None,1,1,1,1,1
tf.nn.conv_transpose,None,1,1,1,1,1
tf.nn.conv_transpose,None,1,1,1,1,1
tf.nn.convolution,None,0,0,0,0,0
tf.nn.crelu,None,1,1,0,0,0
tf.nn.ctc_beam_search_decoder,None,1,1,0,0,0
tf.nn.ctc_greedy_decoder,None,0,0,0,0,0
tf.nn.ctc_loss,None,0,0,0,0,0
tf.nn.depth_to_space,None,1,0,0,0,0
tf.nn.depthwise_conv2d,None,1,1,0,0,0
tf.nn.depthwise_conv2d_backprop_filter,None,1,1,1,0,0
tf.nn.depthwise_conv2d_backprop_input,None,1,1,1,1,0
tf.nn.dilation2d,None,0,0,0,0,0
tf.nn.dropout,None,1,0,0,0,0
tf.nn.elu,None,1,1,1,0,0
tf.nn.embedding_lookup,None,1,1,1,1,1
tf.nn.embedding_lookup_sparse,None,1,1,1,1,1
tf.nn.erosion2d,None,1,0,0,0,0
tf.nn.fractional_avg_pool,None,0,0,0,0,0
tf.nn.fractional_max_pool,None,1,1,0,0,0
tf.nn.gelu,None,1,0,0,0,0
tf.nn.isotonic_regression,None,1,0,0,0,0
tf.nn.l2_loss,None,1,1,0,0,0
tf.nn.leaky_relu,None,1,0,0,0,0
tf.nn.local_response_normalization,None,1,0,0,0,0
tf.nn.log_poisson_loss,None,0,0,0,0,0
tf.nn.log_softmax,None,1,0,0,0,0
tf.nn.max_pool,None,1,0,0,0,0
tf.nn.max_pool1d,None,1,0,0,0,0
tf.nn.max_pool2d,None,1,1,0,0,0
tf.nn.max_pool2d,None,1,1,1,1,1
tf.nn.max_pool2d,None,1,1,0,0,0
tf.nn.max_pool2d,None,1,1,1,1,1
tf.nn.max_pool2d,None,1,1,1,1,1
tf.nn.max_pool2d,None,1,1,1,1,0
tf.nn.max_pool2d,None,1,1,1,1,1
tf.nn.max_pool2d,None,1,1,1,1,1
tf.nn.max_pool3d,None,1,1,1,1,0
tf.nn.max_pool_with_argmax,None,1,0,0,0,0
tf.nn.moments,None,1,1,1,1,1
tf.nn.nce_loss,None,1,1,1,1,1
tf.nn.normalize_moments,None,1,1,1,1,1
tf.nn.pool,None,1,1,1,1,1
tf.nn.relu,None,1,1,1,1,0
tf.nn.relu6,None,1,0,0,0,0
tf.nn.safe_embedding_lookup_sparse,None,1,1,1,1,1
tf.nn.sampled_softmax_loss,None,1,1,1,1,1
tf.nn.scale_regularization_loss,None,1,1,1,1,1
tf.nn.selu,None,1,1,1,1,1
tf.nn.separable_conv2d,None,1,1,1,0,0
tf.nn.separable_conv2d_padding_list,None,1,1,1,1,1
tf.nn.sigmoid_cross_entropy_with_logits,None,1,1,1,0,0
tf.nn.silu,None,1,1,0,0,0
tf.nn.softmax,None,1,0,0,0,0
tf.nn.softmax_cross_entropy_with_logits,None,1,0,0,0,0
tf.nn.softsign,None,1,0,0,0,0
tf.nn.space_to_depth,None,1,1,0,0,0
tf.nn.sparse_softmax_cross_entropy_with_logits,None,0,0,0,0,0
tf.nn.sufficient_statistics,None,1,1,1,1,1
tf.nn.weighted_cross_entropy_with_logits,None,1,0,0,0,0
tf.nn.weighted_moments,None,1,1,1,1,1
tf.nn.with_space_to_batch,None,1,1,1,1,1
tf.no_gradient,None,1,1,0,0,0
tf.no_op,None,0,0,0,0,0
tf.nondifferentiable_batch_function,None,1,1,1,1,1
tf.norm,None,1,1,1,1,1
tf.norm,None,1,1,1,0,0
tf.norm,None,1,1,1,1,1
tf.one_hot,None,1,1,0,0,0
tf.ones,None,1,1,0,0,0
tf.ones_like,None,1,1,1,1,0
tf.pad,None,1,1,0,0,0
tf.parallel_stack,None,1,1,1,1,1
tf.print,None,1,1,1,1,1
tf.quantization.dequantize,None,1,1,1,1,1
tf.quantization.fake_quant_with_min_max_args,None,1,1,0,0,0
tf.quantization.fake_quant_with_min_max_args_gradient,None,1,1,0,0,0
tf.quantization.fake_quant_with_min_max_vars,None,1,1,0,0,0
tf.quantization.fake_quant_with_min_max_vars_gradient,None,1,0,0,0,0
tf.quantization.fake_quant_with_min_max_vars_per_channel,None,0,0,0,0,0
tf.quantization.fake_quant_with_min_max_vars_per_channel_gradient,None,1,0,0,0,0
tf.quantization.quantize,None,1,1,1,0,0
tf.quantization.quantize_and_dequantize,None,1,0,0,0,0
tf.quantization.quantize_and_dequantize_v2,None,1,0,0,0,0
tf.quantization.quantized_concat,None,1,1,1,1,1
tf.queue.FIFOQueue,None,1,1,1,1,1
tf.queue.PaddingFIFOQueue,None,1,1,1,1,1
tf.queue.PriorityQueue,None,1,1,1,1,1
tf.queue.QueueBase,None,1,1,1,1,1
tf.queue.RandomShuffleQueue,None,1,1,1,1,1
tf.ragged.boolean_mask,None,1,1,1,1,1
tf.ragged.constant,None,1,1,1,1,1
tf.ragged.cross,None,1,1,1,1,1
tf.ragged.cross_hashed,None,1,1,1,1,1
tf.ragged.map_flat_values,None,1,1,1,1,1
tf.ragged.range,None,1,1,0,0,0
tf.ragged.row_splits_to_segment_ids,None,1,1,0,0,0
tf.ragged.segment_ids_to_row_splits,None,1,0,0,0,0
tf.ragged.stack,None,1,1,1,1,1
tf.ragged.stack_dynamic_partitions,None,1,1,1,0,0
tf.random.Generator,None,1,1,1,1,1
tf.random.all_candidate_sampler,None,1,1,0,0,0
tf.random.categorical,None,0,0,0,0,0
tf.random.create_rng_state,None,1,0,0,0,0
tf.random.create_rng_state,None,1,0,0,0,0
tf.random.experimental.stateless_fold_in,None,1,1,1,1,1
tf.random.experimental.stateless_split,None,1,1,1,1,1
tf.random.fixed_unigram_candidate_sampler,None,1,1,1,1,1
tf.random.gamma,None,0,0,0,0,0
tf.random.get_global_generator,None,1,1,0,0,0
tf.random.learned_unigram_candidate_sampler,None,0,0,0,0,0
tf.random.log_uniform_candidate_sampler,None,1,0,0,0,0
tf.random.normal,None,1,1,1,1,1
tf.random.poisson,None,0,0,0,0,0
tf.random.set_global_generator,None,1,1,1,1,1
tf.random.set_seed,None,1,0,0,0,0
tf.random.shuffle,None,1,0,0,0,0
tf.random.stateless_binomial,None,1,1,1,1,1
tf.random.stateless_categorical,None,0,0,0,0,0
tf.random.stateless_gamma,None,1,0,0,0,0
tf.random.stateless_normal,None,1,1,1,1,1
tf.random.stateless_parameterized_truncated_normal,None,1,1,1,0,0
tf.random.stateless_poisson,None,1,1,1,1,1
tf.random.stateless_truncated_normal,None,1,1,1,1,1
tf.random.stateless_uniform,None,1,1,1,1,1
tf.random.truncated_normal,None,1,1,1,0,0
tf.random.uniform,None,1,1,1,0,0
tf.random.uniform_candidate_sampler,None,0,0,0,0,0
tf.random_normal_initializer,None,1,1,1,1,1
tf.random_uniform_initializer,None,1,1,1,1,1
tf.rank,None,1,1,0,0,0
tf.realdiv,None,1,1,1,1,1
tf.register_tensor_conversion_function,None,1,1,1,1,1
tf.repeat,None,1,0,0,0,0
tf.required_space_to_batch_paddings,None,1,0,0,0,0
tf.reshape,None,1,1,0,0,0
tf.reverse,None,1,1,0,0,0
tf.reverse_sequence,None,1,0,0,0,0
tf.roll,None,1,1,0,0,0
tf.saved_model.Asset,None,1,0,0,0,0
tf.saved_model.load,None,1,1,1,1,1
tf.scatter_nd,None,1,1,0,0,0
tf.searchsorted,None,1,0,0,0,0
tf.sequence_mask,None,1,0,0,0,0
tf.sets.difference,None,1,1,1,0,0
tf.sets.intersection,None,1,1,1,0,0
tf.sets.size,None,1,1,1,1,1
tf.sets.union,None,1,1,1,1,1
tf.shape,None,1,1,0,0,0
tf.shape_n,None,1,1,1,1,1
tf.signal.dct,None,0,0,0,0,0
tf.signal.fft,None,1,1,1,1,1
tf.signal.fft2d,None,1,0,0,0,0
tf.signal.fft3d,None,1,1,1,1,0
tf.signal.fftshift,None,1,1,1,1,1
tf.signal.fftshift,None,1,1,1,1,1
tf.signal.frame,None,0,0,0,0,0
tf.signal.hamming_window,None,1,1,0,0,0
tf.signal.hann_window,None,1,1,1,1,1
tf.signal.idct,None,1,0,0,0,0
tf.signal.ifft,None,1,1,1,1,1
tf.signal.ifft2d,None,1,0,0,0,0
tf.signal.ifft3d,None,1,1,0,0,0
tf.signal.ifftshift,None,1,1,1,1,1
tf.signal.ifftshift,None,1,1,1,1,1
tf.signal.irfft,None,1,0,0,0,0
tf.signal.irfft2d,None,1,1,0,0,0
tf.signal.irfft3d,None,1,0,0,0,0
tf.signal.kaiser_bessel_derived_window,None,1,1,1,1,1
tf.signal.kaiser_window,None,1,1,0,0,0
tf.signal.linear_to_mel_weight_matrix,None,0,0,0,0,0
tf.signal.mfccs_from_log_mel_spectrograms,None,1,1,1,1,1
tf.signal.overlap_and_add,None,1,0,0,0,0
tf.signal.rfft,None,1,0,0,0,0
tf.signal.rfft2d,None,1,0,0,0,0
tf.signal.rfft3d,None,1,0,0,0,0
tf.signal.vorbis_window,None,1,1,0,0,0
tf.size,None,1,1,1,1,0
tf.slice,None,0,0,0,0,0
tf.sort,None,1,1,0,0,0
tf.space_to_batch,None,1,1,1,1,0
tf.space_to_batch_nd,None,1,1,1,0,0
tf.sparse.SparseTensor,None,1,0,0,0,0
tf.sparse.add,None,1,1,1,1,1
tf.sparse.bincount,None,1,1,1,0,0
tf.sparse.concat,None,1,1,1,1,1
tf.sparse.cross,None,1,1,1,1,1
tf.sparse.cross_hashed,None,1,1,1,1,1
tf.sparse.expand_dims,None,1,1,1,1,1
tf.sparse.eye,None,1,0,0,0,0
tf.sparse.fill_empty_rows,None,1,1,1,1,1
tf.audio.decode_wav,None,1,1,1,1,1
tf.autodiff.ForwardAccumulator,None,1,1,1,0,0
tf.bitcast,None,1,1,0,0,0
tf.bitwise.bitwise_and,None,1,1,1,0,0
tf.bitwise.bitwise_or,None,1,1,1,0,0
tf.bitwise.bitwise_xor,None,1,1,0,0,0
tf.broadcast_dynamic_shape,None,1,1,1,1,1
tf.broadcast_static_shape,None,1,1,1,1,1
tf.case,None,1,1,1,1,1
tf.cast,None,1,1,0,0,0
tf.clip_by_global_norm,None,1,1,1,1,1
tf.compat.dimension_at_index,None,1,1,1,1,1
tf.concat,None,1,1,1,1,1
tf.data.experimental.assert_cardinality,None,1,1,1,1,1
tf.data.experimental.bucket_by_sequence_length,None,1,1,1,1,1
tf.data.experimental.cardinality,None,1,1,1,1,1
tf.data.experimental.choose_from_datasets,None,1,1,1,1,1
tf.data.experimental.copy_to_device,None,1,1,1,1,1
tf.data.experimental.enumerate_dataset,None,1,1,1,1,1
tf.data.experimental.from_variant,None,1,1,1,1,1
tf.data.experimental.get_single_element,None,1,1,1,1,1
tf.data.experimental.get_structure,None,1,1,1,1,1
tf.data.experimental.group_by_reducer,None,1,1,1,1,1
tf.data.experimental.group_by_window,None,1,1,1,1,1
tf.data.experimental.ignore_errors,None,1,1,1,1,1
tf.data.experimental.load,None,1,1,1,1,1
tf.data.experimental.make_csv_dataset,None,1,1,1,1,1
tf.data.experimental.make_saveable_from_iterator,None,1,1,1,1,1
tf.data.experimental.map_and_batch,None,1,1,1,1,1
tf.data.experimental.prefetch_to_device,None,1,1,1,1,1
tf.data.experimental.sample_from_datasets,None,1,1,1,1,1
tf.data.experimental.save,None,1,1,1,1,1
tf.data.experimental.scan,None,1,1,1,1,1
tf.data.experimental.service.WorkerServer,None,1,1,1,1,1
tf.data.experimental.service.distribute,None,1,1,1,1,1
tf.data.experimental.service.from_dataset_id,None,1,1,1,1,1
tf.data.experimental.service.register_dataset,None,1,1,1,1,1
tf.data.experimental.shuffle_and_repeat,None,1,1,1,1,1
tf.data.experimental.take_while,None,1,1,1,1,1
tf.data.experimental.to_variant,None,1,1,1,1,1
tf.data.experimental.unique,None,1,1,1,1,1
tf.dtypes.saturate_cast,None,1,0,0,0,0
tf.dynamic_stitch,None,1,1,1,1,0
tf.edit_distance,None,1,1,1,1,1
tf.einsum,None,1,1,1,1,1
tf.ensure_shape,None,1,1,0,0,0
tf.experimental.dlpack.from_dlpack,None,1,1,1,1,1
tf.experimental.numpy.amin,None,1,0,0,0,0
tf.experimental.numpy.arange,None,1,1,1,1,1
tf.experimental.numpy.arcsin,None,1,0,0,0,0
tf.experimental.numpy.argsort,None,1,1,1,1,1
tf.experimental.numpy.array_equal,None,1,1,1,0,0
tf.experimental.numpy.atleast_1d,None,1,1,1,1,1
tf.experimental.numpy.atleast_2d,None,1,1,1,1,1
tf.experimental.numpy.atleast_3d,None,1,1,1,1,1
tf.experimental.numpy.bitwise_or,None,1,0,0,0,0
tf.experimental.numpy.broadcast_arrays,None,1,1,1,1,1
tf.experimental.numpy.concatenate,None,1,1,1,1,1
tf.experimental.numpy.conjugate,None,1,0,0,0,0
tf.experimental.numpy.cross,None,0,0,0,0,0
tf.experimental.numpy.cumsum,None,1,0,0,0,0
tf.experimental.numpy.dsplit,None,0,0,0,0,0
tf.experimental.numpy.einsum,None,1,1,1,1,1
tf.experimental.numpy.equal,None,1,0,0,0,0
tf.experimental.numpy.fix,None,1,1,1,1,1
tf.experimental.numpy.flip,None,1,0,0,0,0
tf.experimental.numpy.float_power,None,1,0,0,0,0
tf.experimental.numpy.full_like,None,1,1,1,1,1
tf.experimental.numpy.heaviside,None,1,1,0,0,0
tf.experimental.numpy.hsplit,None,0,0,0,0,0
tf.experimental.numpy.imag,None,1,1,1,1,1
tf.experimental.numpy.iscomplexobj,None,1,0,0,0,0
tf.experimental.numpy.isnan,None,1,0,0,0,0
tf.experimental.numpy.isrealobj,None,0,0,0,0,0
tf.experimental.numpy.ix_,None,1,1,1,1,1
tf.experimental.numpy.lcm,None,1,1,0,0,0
tf.experimental.numpy.linspace,None,1,1,0,0,0
tf.experimental.numpy.log,None,1,1,0,0,0
tf.experimental.numpy.log2,None,1,1,1,1,1
tf.experimental.numpy.logical_not,None,1,0,0,0,0
tf.experimental.numpy.logical_xor,None,1,0,0,0,0
tf.experimental.numpy.matmul,None,1,1,1,1,0
tf.experimental.numpy.maximum,None,1,1,0,0,0
tf.experimental.numpy.meshgrid,None,1,1,1,1,1
tf.experimental.numpy.minimum,None,1,1,1,1,1
tf.experimental.numpy.positive,None,1,0,0,0,0
tf.experimental.numpy.random.randn,None,1,1,1,1,1
tf.experimental.numpy.remainder,None,1,1,0,0,0
tf.experimental.numpy.result_type,None,1,1,1,1,1
tf.experimental.numpy.sign,None,1,1,1,1,1
tf.experimental.numpy.sin,None,1,1,0,0,0
tf.experimental.numpy.sort,None,1,1,1,1,1
tf.experimental.numpy.square,None,1,0,0,0,0
tf.experimental.numpy.stack,None,1,1,1,1,1
tf.experimental.numpy.subtract,None,1,1,1,1,1
tf.experimental.numpy.take,None,1,0,0,0,0
tf.experimental.numpy.tensordot,None,1,0,0,0,0
tf.experimental.numpy.transpose,None,1,1,1,1,1
tf.experimental.numpy.true_divide,None,1,1,0,0,0
tf.experimental.numpy.var,None,1,0,0,0,0
tf.experimental.numpy.vdot,None,1,0,0,0,0
tf.experimental.numpy.vstack,None,1,1,0,0,0
tf.experimental.register_filesystem_plugin,None,1,1,1,1,1
tf.experimental.tensorrt.Converter,None,1,1,1,1,1
tf.feature_column.categorical_column_with_vocabulary_list,None,1,1,1,1,1
tf.feature_column.crossed_column,None,1,1,1,1,1
tf.feature_column.embedding_column,None,1,1,1,1,1
tf.feature_column.indicator_column,None,1,1,1,1,1
tf.feature_column.make_parse_example_spec,None,1,1,1,1,1
tf.feature_column.numeric_column,None,1,1,1,1,1
tf.feature_column.sequence_categorical_column_with_vocabulary_list,None,1,1,1,1,1
tf.feature_column.shared_embeddings,None,1,1,1,1,1
tf.feature_column.weighted_categorical_column,None,1,1,1,1,1
tf.fill,None,1,1,1,1,0
tf.get_static_value,None,1,1,0,0,0
tf.gradients,None,1,1,1,1,1
tf.group,None,1,1,1,1,1
tf.hessians,None,1,1,1,1,1
tf.histogram_fixed_width_bins,None,1,1,0,0,0
tf.identity_n,None,1,1,1,1,1
tf.image.combined_non_max_suppression,None,1,1,1,1,1
tf.image.flip_up_down,None,1,1,1,1,1
tf.image.generate_bounding_box_proposals,None,1,1,1,1,1
tf.image.grayscale_to_rgb,None,1,0,0,0,0
tf.image.non_max_suppression_padded,None,1,0,0,0,0
tf.image.rgb_to_hsv,None,0,0,0,0,0
tf.image.ssim_multiscale,None,1,1,1,1,1
tf.image.stateless_random_contrast,None,0,0,0,0,0
tf.image.stateless_random_hue,None,1,0,0,0,0
tf.image.yuv_to_rgb,None,1,1,0,0,0
tf.io.decode_and_crop_jpeg,None,1,1,1,1,1
tf.io.decode_bmp,None,1,1,1,1,1
tf.io.decode_csv,None,1,1,1,1,1
tf.io.decode_gif,None,1,1,1,1,1
tf.io.decode_image,None,1,1,1,1,1
tf.io.decode_jpeg,None,1,1,1,1,1
tf.io.decode_json_example,None,1,1,1,1,1
tf.io.decode_proto,None,1,1,1,1,1
tf.io.decode_raw,None,1,1,1,1,1
tf.io.deserialize_many_sparse,None,1,1,1,1,1
tf.io.encode_proto,None,1,1,1,1,1
tf.io.extract_jpeg_shape,None,1,1,1,1,1
tf.io.gfile.listdir,None,1,1,1,0,0
tf.io.gfile.rename,None,1,1,1,1,1
tf.io.match_filenames_once,None,1,1,1,1,1
tf.io.parse_tensor,None,1,1,1,1,1
tf.io.read_file,None,1,1,1,1,1
tf.io.serialize_many_sparse,None,1,1,1,1,1
tf.io.serialize_sparse,None,1,1,1,1,1
tf.io.serialize_tensor,None,1,1,1,0,0
tf.linalg.LinearOperatorAdjoint,None,1,1,1,1,1
tf.linalg.LinearOperatorBlockDiag,None,1,1,1,1,1
tf.linalg.LinearOperatorBlockLowerTriangular,None,1,1,1,0,0
tf.linalg.LinearOperatorCirculant,None,1,1,0,0,0
tf.linalg.LinearOperatorComposition,None,1,1,1,1,1
tf.linalg.LinearOperatorIdentity,None,1,1,1,1,1
tf.linalg.LinearOperatorInversion,None,1,1,1,1,1
tf.linalg.LinearOperatorKronecker,None,1,1,1,1,1
tf.linalg.LinearOperatorLowRankUpdate,None,1,1,1,1,1
tf.linalg.LinearOperatorTridiag,None,1,1,0,0,0
tf.linalg.banded_triangular_solve,None,1,1,1,1,1
tf.linalg.diag,None,1,1,1,1,1
tf.linalg.experimental.conjugate_gradient,None,1,1,1,1,1
tf.linalg.global_norm,None,1,1,1,1,1
tf.linalg.lu,None,1,1,1,0,0
tf.linalg.normalize,None,1,1,1,1,1
tf.linalg.triangular_solve,None,1,0,0,0,0
tf.linalg.tridiagonal_matmul,None,1,1,1,1,1
tf.linalg.tridiagonal_solve,None,1,1,1,1,1
tf.load_op_library,None,1,1,1,1,1
tf.lookup.KeyValueTensorInitializer,None,1,1,0,0,0
tf.lookup.StaticHashTable,None,1,1,1,1,1
tf.lookup.StaticVocabularyTable,None,1,1,1,1,1
tf.lookup.experimental.DenseHashTable,None,1,1,1,1,1
tf.make_ndarray,None,1,1,1,1,1
tf.math.accumulate_n,None,1,1,1,1,1
tf.math.add_n,None,1,1,1,1,1
tf.math.argmin,None,0,0,0,0,0
tf.math.asin,None,1,1,0,0,0
tf.math.bessel_i1e,None,1,0,0,0,0
tf.math.ceil,None,1,0,0,0,0
tf.math.cosh,None,1,0,0,0,0
tf.math.count_nonzero,None,1,1,1,1,0
tf.math.digamma,None,1,1,0,0,0
tf.math.erfcinv,None,1,0,0,0,0
tf.math.expm1,None,1,1,0,0,0
tf.math.is_inf,None,1,0,0,0,0
tf.math.is_non_decreasing,None,0,0,0,0,0
tf.math.is_strictly_increasing,None,1,0,0,0,0
tf.math.lgamma,None,1,1,1,1,1
tf.math.minimum,None,1,1,0,0,0
tf.math.pow,None,1,1,0,0,0
tf.math.reciprocal,None,1,1,0,0,0
tf.math.reduce_max,None,1,0,0,0,0
tf.math.sinh,None,1,0,0,0,0
tf.math.special.bessel_j1,None,1,0,0,0,0
tf.math.special.bessel_k1,None,0,0,0,0,0
tf.math.sqrt,None,1,0,0,0,0
tf.meshgrid,None,1,1,1,1,1
tf.mlir.experimental.convert_function,None,1,1,1,1,1
tf.nest.assert_same_structure,None,1,1,1,1,1
tf.nest.is_nested,None,1,1,1,1,1
tf.nest.pack_sequence_as,None,1,1,1,1,1
tf.nn.RNNCellDeviceWrapper,None,1,1,1,1,1
tf.nn.RNNCellDropoutWrapper,None,1,1,1,1,1
tf.nn.atrous_conv2d_transpose,None,1,1,1,1,1
tf.nn.avg_pool1d,None,1,0,0,0,0
tf.nn.avg_pool2d,None,1,1,0,0,0
tf.nn.avg_pool3d,None,1,1,0,0,0
tf.nn.conv1d,None,1,0,0,0,0
tf.nn.conv1d,None,1,0,0,0,0
tf.nn.conv1d,None,0,0,0,0,0
tf.nn.conv1d_transpose,None,1,1,1,1,1
tf.nn.conv1d_transpose,None,1,1,1,1,1
tf.nn.conv2d_transpose,None,1,1,1,1,1
tf.nn.conv3d,None,1,1,0,0,0
tf.nn.conv3d_transpose,None,1,1,1,1,1
tf.nn.conv_transpose,None,1,1,1,1,1
tf.nn.conv_transpose,None,1,1,1,1,1
tf.nn.embedding_lookup,None,1,1,1,1,1
tf.nn.embedding_lookup_sparse,None,1,1,1,1,1
tf.nn.max_pool2d,None,1,1,0,0,0
tf.nn.max_pool2d,None,1,0,0,0,0
tf.nn.max_pool2d,None,1,1,1,1,1
tf.nn.max_pool2d,None,1,1,1,1,1
tf.nn.max_pool2d,None,1,1,1,1,1
tf.nn.moments,None,1,0,0,0,0
tf.nn.nce_loss,None,1,1,1,1,1
tf.nn.normalize_moments,None,0,0,0,0,0
tf.nn.pool,None,1,0,0,0,0
tf.nn.safe_embedding_lookup_sparse,None,1,1,1,1,1
tf.nn.sampled_softmax_loss,None,1,1,1,1,1
tf.nn.scale_regularization_loss,None,1,0,0,0,0
tf.nn.separable_conv2d_padding_list,None,1,1,1,1,1
tf.nn.sufficient_statistics,None,1,0,0,0,0
tf.nn.weighted_moments,None,1,1,1,1,1
tf.nn.with_space_to_batch,None,1,1,1,1,1
tf.nondifferentiable_batch_function,None,1,1,1,1,1
tf.norm,None,1,1,1,1,1
tf.norm,None,1,1,1,1,1
tf.parallel_stack,None,1,1,1,1,1
tf.print,None,1,1,1,1,1
tf.quantization.dequantize,None,1,1,1,1,1
tf.quantization.quantized_concat,None,1,1,1,1,1
tf.queue.FIFOQueue,None,1,1,1,1,1
tf.queue.PaddingFIFOQueue,None,1,1,1,1,1
tf.queue.PriorityQueue,None,1,1,1,1,1
tf.queue.QueueBase,None,1,1,1,1,1
tf.queue.RandomShuffleQueue,None,1,1,1,1,1
tf.ragged.boolean_mask,None,1,1,1,1,1
tf.ragged.constant,None,1,1,1,1,1
tf.ragged.cross,None,1,1,1,1,1
tf.ragged.cross_hashed,None,1,1,1,1,1
tf.ragged.map_flat_values,None,1,1,1,1,1
tf.ragged.stack,None,1,1,1,1,1
tf.random.Generator,None,1,1,1,1,1
tf.random.experimental.stateless_fold_in,None,1,0,0,0,0
tf.random.fixed_unigram_candidate_sampler,None,1,1,1,1,1
tf.random.normal,None,0,0,0,0,0
tf.random.set_global_generator,None,1,1,1,1,1
tf.random.stateless_binomial,None,1,1,1,1,1
tf.random.stateless_normal,None,1,1,1,1,1
tf.random.stateless_poisson,None,1,1,1,1,1
tf.random.stateless_uniform,None,1,1,1,1,1
tf.random_normal_initializer,None,1,1,1,1,1
tf.random_uniform_initializer,None,1,1,1,1,1
tf.raw_ops.Abort,None,0,0,0,0,0
tf.raw_ops.Abs,None,1,1,1,1,1
tf.raw_ops.AccumulateNV2,None,1,1,1,1,1
tf.raw_ops.AccumulatorApplyGradient,None,1,1,1,1,1
tf.raw_ops.AccumulatorNumAccumulated,None,1,1,1,1,1
tf.raw_ops.AccumulatorSetGlobalStep,None,1,1,1,1,1
tf.raw_ops.AccumulatorTakeGradient,None,1,1,1,1,1
tf.raw_ops.Acos,None,1,1,1,1,1
tf.raw_ops.Acosh,None,1,1,1,1,1
tf.raw_ops.Add,None,1,1,1,1,1
tf.raw_ops.AddManySparseToTensorsMap,None,1,1,1,1,1
tf.raw_ops.AddSparseToTensorsMap,None,1,1,1,1,1
tf.raw_ops.AddV2,None,1,1,1,1,1
tf.raw_ops.AdjustHue,None,1,1,1,1,1
tf.raw_ops.AdjustSaturation,None,1,1,1,1,1
tf.raw_ops.All,None,1,1,1,1,1
tf.raw_ops.AllCandidateSampler,None,1,1,1,1,1
tf.raw_ops.Angle,None,1,1,1,1,1
tf.raw_ops.Any,None,1,1,1,1,1
tf.raw_ops.ApplyAdadelta,None,1,1,1,1,1
tf.raw_ops.ApplyAdagrad,None,1,1,1,1,1
tf.raw_ops.ApplyAdagradDA,None,1,1,1,1,1
tf.raw_ops.ApplyAdam,None,1,1,1,1,1
tf.raw_ops.ApplyAddSign,None,1,1,1,1,1
tf.raw_ops.ApplyCenteredRMSProp,None,1,1,1,1,1
tf.raw_ops.ApplyFtrl,None,1,1,1,1,1
tf.raw_ops.ApplyFtrlV2,None,1,1,1,1,1
tf.raw_ops.ApplyGradientDescent,None,1,1,1,1,1
tf.raw_ops.ApplyMomentum,None,1,1,1,1,1
tf.raw_ops.ApplyPowerSign,None,1,1,1,1,1
tf.audio.decode_wav,None,1,1,1,0,0
tf.broadcast_dynamic_shape,None,1,0,0,0,0
tf.broadcast_static_shape,None,1,1,1,1,1
tf.case,None,1,1,1,1,1
tf.clip_by_global_norm,None,1,1,1,1,1
tf.compat.dimension_at_index,None,1,1,1,1,1
tf.concat,None,1,1,1,1,1
tf.data.experimental.assert_cardinality,None,1,1,1,1,1
tf.data.experimental.bucket_by_sequence_length,None,1,1,1,1,1
tf.data.experimental.cardinality,None,1,1,1,1,1
tf.data.experimental.choose_from_datasets,None,1,1,1,1,1
tf.broadcast_static_shape,None,1,1,1,1,1
tf.case,None,1,1,1,1,1
tf.clip_by_global_norm,None,1,1,1,1,1
tf.compat.dimension_at_index,None,1,1,1,1,1
tf.concat,None,1,1,1,1,1
tf.data.experimental.assert_cardinality,None,1,1,1,1,1
tf.data.experimental.bucket_by_sequence_length,None,1,1,1,1,1
tf.data.experimental.cardinality,None,1,1,1,1,1
tf.data.experimental.choose_from_datasets,None,1,1,1,1,1
tf.data.experimental.copy_to_device,None,1,1,1,1,1
tf.data.experimental.enumerate_dataset,None,1,1,1,1,1
tf.data.experimental.from_variant,None,1,1,1,1,1
tf.data.experimental.get_single_element,None,1,1,1,1,1
tf.data.experimental.get_structure,None,1,1,1,1,1
tf.data.experimental.group_by_reducer,None,1,1,1,1,1
tf.data.experimental.group_by_window,None,1,1,1,1,1
tf.data.experimental.ignore_errors,None,1,1,1,1,1
tf.data.experimental.load,None,1,1,1,1,1
tf.data.experimental.make_csv_dataset,None,1,1,1,1,1
tf.data.experimental.make_saveable_from_iterator,None,1,1,1,1,1
tf.data.experimental.map_and_batch,None,1,1,1,1,1
tf.data.experimental.prefetch_to_device,None,1,1,1,1,1
tf.data.experimental.sample_from_datasets,None,1,1,1,1,1
tf.data.experimental.save,None,1,1,1,1,1
tf.data.experimental.scan,None,1,1,1,1,1
tf.data.experimental.service.WorkerServer,None,1,1,1,1,1
tf.data.experimental.service.distribute,None,1,1,1,1,1
tf.data.experimental.service.from_dataset_id,None,1,1,1,1,1
tf.broadcast_static_shape,None,1,1,1,1,1
tf.case,None,1,1,1,1,1
tf.clip_by_global_norm,None,1,1,1,1,1
tf.compat.dimension_at_index,None,1,1,1,1,1
tf.concat,None,1,1,1,1,1
tf.data.experimental.assert_cardinality,None,1,1,1,1,1
tf.data.experimental.bucket_by_sequence_length,None,1,1,1,1,1
tf.data.experimental.cardinality,None,1,1,1,1,1
tf.data.experimental.choose_from_datasets,None,1,1,1,1,1
tf.data.experimental.copy_to_device,None,1,1,1,1,1
tf.data.experimental.enumerate_dataset,None,1,1,1,1,1
tf.data.experimental.from_variant,None,1,1,1,1,1
tf.data.experimental.get_single_element,None,1,1,1,1,1
tf.data.experimental.get_structure,None,1,1,1,1,1
tf.data.experimental.group_by_reducer,None,1,1,1,1,1
tf.data.experimental.group_by_window,None,1,1,1,1,1
tf.data.experimental.ignore_errors,None,1,1,1,1,1
tf.data.experimental.load,None,1,1,1,1,1
tf.data.experimental.make_csv_dataset,None,1,1,1,1,1
tf.data.experimental.make_saveable_from_iterator,None,1,1,1,1,1
tf.data.experimental.map_and_batch,None,1,1,1,1,1
tf.data.experimental.prefetch_to_device,None,1,1,1,1,1
tf.data.experimental.sample_from_datasets,None,1,1,1,1,1
tf.data.experimental.save,None,1,1,1,1,1
tf.data.experimental.scan,None,1,1,1,1,1
tf.data.experimental.service.WorkerServer,None,1,1,1,1,1
tf.data.experimental.service.distribute,None,1,1,1,1,1
tf.data.experimental.service.from_dataset_id,None,1,1,1,1,1
tf.data.experimental.service.register_dataset,None,1,1,1,1,1
tf.data.experimental.shuffle_and_repeat,None,1,1,1,1,1
tf.data.experimental.take_while,None,1,1,1,1,1
tf.data.experimental.to_variant,None,1,1,1,1,1
tf.data.experimental.unique,None,1,1,1,1,1
tf.edit_distance,None,1,1,1,1,1
tf.einsum,None,1,1,1,1,1
tf.experimental.dlpack.from_dlpack,None,1,1,1,1,1
tf.experimental.numpy.arange,None,1,1,1,1,1
tf.experimental.numpy.argsort,None,1,1,1,1,1
tf.experimental.numpy.atleast_1d,None,1,1,1,1,1
tf.experimental.numpy.atleast_2d,None,1,1,1,1,1
tf.experimental.numpy.atleast_3d,None,1,1,1,1,1
tf.experimental.numpy.broadcast_arrays,None,1,1,1,1,1
tf.experimental.numpy.concatenate,None,1,1,1,1,1
tf.experimental.numpy.einsum,None,1,1,1,1,1
tf.experimental.numpy.fix,None,1,0,0,0,0
tf.experimental.numpy.full_like,None,1,1,1,1,1
tf.experimental.numpy.imag,None,1,1,1,1,1
tf.experimental.numpy.ix_,None,1,1,1,1,1
tf.experimental.numpy.log2,None,1,0,0,0,0
tf.experimental.numpy.meshgrid,None,1,1,1,1,1
tf.experimental.numpy.minimum,None,0,0,0,0,0
tf.experimental.numpy.random.randn,None,1,1,1,1,1
tf.experimental.numpy.result_type,None,1,1,1,1,1
tf.experimental.numpy.sign,None,1,1,1,1,1
tf.experimental.numpy.sort,None,1,1,1,1,1
tf.experimental.numpy.stack,None,1,1,1,1,1
tf.experimental.numpy.subtract,None,1,1,1,0,0
tf.experimental.numpy.transpose,None,1,1,0,0,0
tf.experimental.register_filesystem_plugin,None,1,1,1,1,1
tf.experimental.tensorrt.Converter,None,1,1,1,1,1
tf.feature_column.categorical_column_with_vocabulary_list,None,1,1,1,1,1
tf.feature_column.crossed_column,None,1,1,1,1,1
tf.feature_column.embedding_column,None,1,1,1,1,1
tf.feature_column.indicator_column,None,1,1,1,1,1
tf.feature_column.make_parse_example_spec,None,1,1,1,1,1
tf.feature_column.numeric_column,None,1,1,1,1,1
tf.feature_column.sequence_categorical_column_with_vocabulary_list,None,1,1,1,1,1
tf.feature_column.shared_embeddings,None,1,1,1,1,1
tf.feature_column.weighted_categorical_column,None,1,1,1,1,1
tf.gradients,None,1,1,1,1,1
tf.group,None,1,1,1,1,1
tf.hessians,None,1,1,1,1,1
tf.identity_n,None,1,1,1,1,1
tf.image.combined_non_max_suppression,None,1,1,1,1,1
tf.image.flip_up_down,None,1,0,0,0,0
tf.image.generate_bounding_box_proposals,None,1,1,1,1,1
tf.image.ssim_multiscale,None,1,1,1,1,1
tf.io.decode_and_crop_jpeg,None,1,1,1,0,0
tf.io.decode_bmp,None,1,1,1,1,1
tf.io.decode_csv,None,1,1,1,1,1
tf.io.decode_gif,None,1,1,1,1,1
tf.io.decode_jpeg,None,1,1,1,1,1
tf.io.decode_json_example,None,1,1,1,1,1
tf.io.decode_proto,None,1,1,1,1,1
tf.io.deserialize_many_sparse,None,1,1,1,1,1
tf.io.encode_proto,None,1,1,1,1,1
tf.io.extract_jpeg_shape,None,1,1,1,1,1
tf.io.match_filenames_once,None,1,1,1,1,1
tf.io.parse_tensor,None,1,1,1,1,1
tf.io.read_file,None,1,1,0,0,0
tf.io.serialize_many_sparse,None,1,1,1,1,1
tf.io.serialize_sparse,None,1,1,1,1,1
tf.linalg.LinearOperatorAdjoint,None,1,1,1,1,1
tf.linalg.LinearOperatorBlockDiag,None,1,1,1,1,1
tf.linalg.LinearOperatorComposition,None,1,1,1,1,1
tf.linalg.LinearOperatorIdentity,None,1,1,1,1,1
tf.linalg.LinearOperatorInversion,None,1,1,1,1,1
tf.linalg.LinearOperatorKronecker,None,1,1,1,1,1
tf.linalg.LinearOperatorLowRankUpdate,None,1,1,1,1,1
tf.linalg.banded_triangular_solve,None,1,1,1,1,1
tf.linalg.diag,None,1,1,1,0,0
tf.linalg.experimental.conjugate_gradient,None,1,1,1,1,1
tf.linalg.global_norm,None,1,1,1,1,1
tf.linalg.normalize,None,1,1,1,1,1
tf.linalg.tridiagonal_matmul,None,1,1,1,1,1
tf.linalg.tridiagonal_solve,None,1,1,1,1,1
tf.load_op_library,None,1,1,1,1,1
tf.lookup.StaticHashTable,None,1,1,1,1,1
tf.lookup.StaticVocabularyTable,None,1,1,1,1,1
tf.lookup.experimental.DenseHashTable,None,1,1,1,1,1
tf.make_ndarray,None,1,1,1,1,1
tf.math.accumulate_n,None,1,1,1,1,1
tf.math.add_n,None,1,1,1,1,1
tf.math.lgamma,None,1,0,0,0,0
tf.meshgrid,None,1,1,1,1,1
tf.mlir.experimental.convert_function,None,1,1,1,1,1
tf.nest.assert_same_structure,None,1,1,1,1,1
tf.nest.is_nested,None,1,1,1,1,0
tf.nest.pack_sequence_as,None,1,1,1,1,1
tf.nn.RNNCellDeviceWrapper,None,1,1,1,1,1
tf.nn.RNNCellDropoutWrapper,None,1,1,1,1,1
tf.nn.conv1d_transpose,None,1,1,1,1,1
tf.nn.conv1d_transpose,None,1,1,1,1,1
tf.nn.conv2d_transpose,None,1,1,1,1,1
tf.nn.conv3d_transpose,None,1,1,1,1,1
tf.nn.conv_transpose,None,1,1,1,1,1
tf.nn.conv_transpose,None,1,1,1,1,1
tf.nn.embedding_lookup,None,1,1,1,1,1
tf.nn.embedding_lookup_sparse,None,1,1,1,1,1
tf.nn.max_pool2d,None,1,1,1,1,1
tf.nn.max_pool2d,None,0,0,0,0,0
tf.nn.max_pool2d,None,1,1,1,1,1
tf.nn.nce_loss,None,1,1,1,1,1
tf.nn.safe_embedding_lookup_sparse,None,1,1,1,1,1
tf.nn.sampled_softmax_loss,None,1,1,1,1,1
tf.nn.separable_conv2d_padding_list,None,1,1,1,1,1
tf.nn.weighted_moments,None,1,1,1,1,1
tf.nn.with_space_to_batch,None,1,1,1,1,1
tf.nondifferentiable_batch_function,None,1,1,1,1,1
tf.norm,None,1,1,1,1,1
tf.norm,None,1,1,1,1,1
tf.parallel_stack,None,1,1,1,1,1
tf.print,None,1,1,1,1,1
tf.quantization.dequantize,None,1,1,1,1,1
tf.quantization.quantized_concat,None,1,1,1,1,1
tf.queue.FIFOQueue,None,1,1,1,1,1
tf.queue.PaddingFIFOQueue,None,1,1,1,1,1
tf.queue.PriorityQueue,None,1,1,1,1,1
tf.queue.QueueBase,None,1,1,1,1,1
tf.queue.RandomShuffleQueue,None,1,1,1,1,1
tf.ragged.boolean_mask,None,1,1,1,0,0
tf.ragged.constant,None,1,1,1,1,1
tf.ragged.cross,None,1,1,1,1,1
tf.ragged.cross_hashed,None,1,1,1,1,1
tf.ragged.map_flat_values,None,1,1,1,1,1
tf.ragged.stack,None,1,1,1,1,1
tf.random.Generator,None,1,1,1,1,1
tf.random.fixed_unigram_candidate_sampler,None,1,1,1,1,1
tf.random.set_global_generator,None,1,1,1,1,1
tf.random.stateless_binomial,None,1,1,1,1,1
tf.random.stateless_normal,None,1,1,1,1,1
tf.random.stateless_poisson,None,1,1,0,0,0
tf.random.stateless_uniform,None,1,1,1,1,1
tf.random_normal_initializer,None,1,1,1,1,1
tf.random_uniform_initializer,None,1,1,1,1,1
tf.raw_ops.Abs,None,1,1,1,1,1
tf.raw_ops.AccumulateNV2,None,1,1,1,1,1
tf.raw_ops.AccumulatorApplyGradient,None,1,1,1,1,1
tf.raw_ops.AccumulatorNumAccumulated,None,1,1,1,1,1
tf.raw_ops.AccumulatorSetGlobalStep,None,1,1,1,1,1
tf.raw_ops.AccumulatorTakeGradient,None,1,1,1,1,1
tf.raw_ops.Acos,None,1,1,1,1,1
tf.raw_ops.Acosh,None,1,1,1,1,1
tf.raw_ops.Add,None,1,1,1,1,1
tf.raw_ops.AddManySparseToTensorsMap,None,1,1,1,1,1
tf.raw_ops.AddSparseToTensorsMap,None,1,1,1,1,1
tf.raw_ops.AddV2,None,1,1,1,1,1
tf.raw_ops.AdjustHue,None,1,1,1,1,1
tf.raw_ops.AdjustSaturation,None,1,1,1,1,1
tf.raw_ops.All,None,1,1,1,1,1
tf.raw_ops.AllCandidateSampler,None,1,1,1,1,1
tf.raw_ops.Angle,None,1,1,1,1,1
tf.raw_ops.Any,None,1,1,1,1,1
tf.raw_ops.ApplyAdadelta,None,1,1,1,1,1
tf.raw_ops.ApplyAdagrad,None,1,1,1,1,1
tf.raw_ops.ApplyAdagradDA,None,1,1,1,1,1
tf.raw_ops.ApplyAdam,None,1,1,1,1,1
tf.raw_ops.ApplyAddSign,None,1,1,1,1,1
tf.raw_ops.ApplyCenteredRMSProp,None,1,1,1,1,1
tf.raw_ops.ApplyFtrl,None,1,1,1,1,1
tf.raw_ops.ApplyFtrlV2,None,1,1,1,1,1
tf.raw_ops.ApplyGradientDescent,None,1,1,1,1,1
tf.raw_ops.ApplyMomentum,None,1,1,1,1,1
tf.raw_ops.ApplyPowerSign,None,1,1,1,1,1
tf.raw_ops.ApplyProximalAdagrad,None,1,1,1,1,1
tf.raw_ops.ApplyProximalGradientDescent,None,1,1,1,1,1
tf.raw_ops.ApplyRMSProp,None,1,1,1,1,1
tf.raw_ops.ApproxTopK,None,1,1,1,1,1
tf.raw_ops.ApproximateEqual,None,1,1,1,1,1
tf.raw_ops.ArgMax,None,1,1,1,1,1
tf.raw_ops.ArgMin,None,1,1,1,1,1
tf.raw_ops.Asin,None,1,1,1,1,1
tf.raw_ops.Asinh,None,1,1,1,1,1
tf.raw_ops.Assign,None,1,1,1,1,1
tf.raw_ops.AssignAdd,None,1,1,1,1,1
tf.raw_ops.AssignSub,None,1,1,1,1,1
tf.raw_ops.Atan,None,1,1,1,1,1
tf.raw_ops.Atan2,None,1,1,1,1,1
tf.raw_ops.Atanh,None,1,1,1,1,1
tf.raw_ops.AvgPool,None,1,1,1,1,1
tf.raw_ops.AvgPool3D,None,1,1,1,1,1
tf.raw_ops.AvgPool3DGrad,None,1,1,1,1,1
tf.raw_ops.Barrier,None,1,1,1,1,1
tf.raw_ops.BarrierClose,None,1,1,1,1,1
tf.raw_ops.BarrierIncompleteSize,None,1,1,1,1,1
tf.raw_ops.BarrierInsertMany,None,1,1,1,1,1
tf.raw_ops.BarrierReadySize,None,1,1,1,1,1
tf.raw_ops.BarrierTakeMany,None,1,1,1,1,1
tf.raw_ops.BatchMatMul,None,1,1,1,1,1
tf.raw_ops.BatchMatMulV2,None,1,1,1,1,1
tf.raw_ops.BatchMatMulV3,None,1,1,1,1,1
tf.raw_ops.BatchToSpace,None,1,1,1,1,1
tf.raw_ops.BatchToSpaceND,None,1,1,1,1,1
tf.raw_ops.Betainc,None,1,1,1,1,1
tf.raw_ops.BiasAdd,None,1,1,1,1,1
tf.raw_ops.BiasAddGrad,None,1,1,1,1,1
tf.raw_ops.Bincount,None,1,1,1,1,1
tf.raw_ops.Bitcast,None,1,1,1,1,1
tf.raw_ops.BroadcastTo,None,1,1,1,1,1
tf.raw_ops.Bucketize,None,1,1,1,1,1
tf.raw_ops.Cast,None,1,1,1,1,1
tf.raw_ops.Ceil,None,1,1,1,1,1
tf.raw_ops.CheckNumerics,None,1,1,1,1,1
tf.raw_ops.ClipByValue,None,1,1,1,1,1
tf.raw_ops.CombinedNonMaxSuppression,None,1,1,1,1,1
tf.raw_ops.Complex,None,1,1,1,1,1
tf.raw_ops.ComplexAbs,None,1,1,1,1,1
tf.raw_ops.ComputeAccidentalHits,None,1,1,1,1,1
tf.raw_ops.ConditionalAccumulator,None,1,1,1,1,1
tf.raw_ops.ConjugateTranspose,None,1,1,1,1,1
tf.raw_ops.ControlTrigger,None,1,0,0,0,0
tf.raw_ops.Conv2D,None,1,1,1,1,1
tf.raw_ops.Conv2DBackpropFilter,None,1,1,1,1,1
tf.raw_ops.Conv2DBackpropInput,None,1,1,1,1,1
tf.raw_ops.Conv3D,None,1,1,1,1,1
tf.raw_ops.Conv3DBackpropFilterV2,None,1,1,1,1,1
tf.raw_ops.Conv3DBackpropInputV2,None,1,1,1,1,1
tf.raw_ops.Cos,None,1,1,1,1,1
tf.raw_ops.Cosh,None,1,1,1,1,1
tf.raw_ops.CountUpTo,None,1,1,1,1,1
tf.raw_ops.CropAndResize,None,1,1,1,1,1
tf.raw_ops.CropAndResizeGradBoxes,None,1,1,1,1,1
tf.raw_ops.CropAndResizeGradImage,None,1,1,1,1,1
tf.raw_ops.Cross,None,1,1,1,1,1
tf.raw_ops.Cumprod,None,1,1,1,1,1
tf.raw_ops.Cumsum,None,1,1,1,1,1
tf.raw_ops.DataFormatDimMap,None,1,1,1,1,1
tf.raw_ops.DataFormatVecPermute,None,1,1,1,1,1
tf.raw_ops.DebugGradientIdentity,None,1,1,1,1,1
tf.raw_ops.DebugGradientRefIdentity,None,1,1,1,1,1
tf.raw_ops.DecodeAndCropJpeg,None,1,1,1,1,1
tf.raw_ops.DecodeBase64,None,1,1,1,1,1
tf.raw_ops.DecodeBmp,None,1,1,1,1,1
tf.raw_ops.DecodeCompressed,None,1,1,1,1,1
tf.raw_ops.DecodeGif,None,1,1,1,1,1
tf.raw_ops.DecodeImage,None,1,1,1,1,1
tf.raw_ops.DecodeJSONExample,None,1,1,1,1,1
tf.raw_ops.DecodeJpeg,None,1,1,1,1,1
tf.raw_ops.DecodePaddedRaw,None,1,1,1,1,1
tf.raw_ops.DecodePng,None,1,1,1,1,1
tf.raw_ops.DecodeRaw,None,1,1,1,1,1
tf.raw_ops.DeepCopy,None,1,1,1,1,1
tf.raw_ops.DeleteSessionTensor,None,1,1,1,1,1
tf.raw_ops.DenseBincount,None,1,1,1,1,1
tf.raw_ops.DepthToSpace,None,1,1,1,1,1
tf.raw_ops.DepthwiseConv2dNative,None,1,1,1,1,1
tf.raw_ops.DepthwiseConv2dNativeBackpropFilter,None,1,1,1,1,1
tf.raw_ops.DepthwiseConv2dNativeBackpropInput,None,1,1,1,1,1
tf.raw_ops.Dequantize,None,1,1,1,1,1
tf.raw_ops.DeserializeManySparse,None,1,1,1,1,1
tf.raw_ops.DestroyTemporaryVariable,None,1,1,1,1,1
tf.raw_ops.Diag,None,1,1,1,1,1
tf.raw_ops.DiagPart,None,1,1,1,1,1
tf.raw_ops.Digamma,None,1,1,1,1,1
tf.raw_ops.Dilation2D,None,1,1,1,1,1
tf.raw_ops.Dilation2DBackpropFilter,None,1,1,1,1,1
tf.raw_ops.Dilation2DBackpropInput,None,1,1,1,1,1
tf.raw_ops.Div,None,1,1,1,1,1
tf.raw_ops.DivNoNan,None,1,1,1,1,1
tf.raw_ops.DrawBoundingBoxes,None,1,1,1,1,1
tf.raw_ops.DrawBoundingBoxesV2,None,1,1,1,1,1
tf.raw_ops.DynamicPartition,None,1,1,1,1,1
tf.raw_ops.DynamicStitch,None,1,1,1,1,1
tf.raw_ops.EditDistance,None,1,1,1,1,1
tf.raw_ops.Elu,None,1,1,1,1,1
tf.raw_ops.Empty,None,1,1,1,1,1
tf.raw_ops.EncodeBase64,None,1,1,1,1,1
tf.raw_ops.EncodeJpeg,None,1,1,1,1,1
tf.raw_ops.EncodeJpegVariableQuality,None,1,1,1,1,1
tf.raw_ops.EncodePng,None,1,1,1,1,1
tf.raw_ops.EnsureShape,None,1,1,1,1,1
tf.raw_ops.Equal,None,1,1,1,1,1
tf.raw_ops.Erf,None,1,1,1,1,1
tf.raw_ops.Erfc,None,1,1,1,1,1
tf.raw_ops.Erfinv,None,1,1,1,1,1
tf.raw_ops.EuclideanNorm,None,1,1,1,1,1
tf.raw_ops.Exp,None,1,1,1,1,1
tf.raw_ops.ExpandDims,None,1,1,1,1,1
tf.raw_ops.Expm1,None,1,1,1,1,1
tf.raw_ops.ExtractGlimpse,None,1,1,1,1,1
tf.raw_ops.ExtractImagePatches,None,1,1,1,1,1
tf.raw_ops.ExtractJpegShape,None,1,1,1,1,1
tf.raw_ops.ExtractVolumePatches,None,1,1,1,1,1
tf.raw_ops.FIFOQueue,None,1,1,1,1,1
tf.raw_ops.Fact,None,1,0,0,0,0
tf.raw_ops.FakeQuantWithMinMaxArgs,None,1,1,1,1,1
tf.raw_ops.FakeQuantWithMinMaxArgsGradient,None,1,1,1,1,1
tf.raw_ops.FakeQuantWithMinMaxVars,None,1,1,1,1,1
tf.raw_ops.FakeQuantWithMinMaxVarsGradient,None,1,1,1,1,1
tf.raw_ops.FakeQuantWithMinMaxVarsPerChannel,None,1,1,1,1,1
tf.raw_ops.FakeQuantWithMinMaxVarsPerChannelGradient,None,1,1,1,1,1
tf.raw_ops.Fill,None,1,1,1,1,1
tf.raw_ops.Fingerprint,None,1,1,1,1,1
tf.raw_ops.FixedUnigramCandidateSampler,None,1,1,1,1,1
tf.raw_ops.Floor,None,1,1,1,1,1
tf.raw_ops.FloorDiv,None,1,1,1,1,1
tf.raw_ops.FloorMod,None,1,1,1,1,1
tf.raw_ops.FractionalAvgPool,None,1,1,1,1,1
tf.raw_ops.FractionalMaxPool,None,1,1,1,1,1
tf.raw_ops.FusedBatchNorm,None,1,1,1,1,1
tf.raw_ops.FusedBatchNormGrad,None,1,1,1,1,1
tf.raw_ops.FusedBatchNormGradV2,None,1,1,1,1,1
tf.raw_ops.FusedBatchNormGradV3,None,1,1,1,1,1
tf.raw_ops.FusedBatchNormV2,None,1,1,1,1,1
tf.raw_ops.FusedBatchNormV3,None,1,1,1,1,1
tf.raw_ops.FusedPadConv2D,None,1,1,1,1,1
tf.raw_ops.FusedResizeAndPadConv2D,None,1,1,1,1,1
tf.raw_ops.Gather,None,1,1,1,1,1
tf.raw_ops.GatherNd,None,1,1,1,1,1
tf.raw_ops.GatherV2,None,1,1,1,1,1
tf.raw_ops.GetSessionHandle,None,1,1,1,1,1
tf.raw_ops.GetSessionHandleV2,None,1,1,1,1,1
tf.raw_ops.GetSessionTensor,None,1,1,1,1,1
tf.raw_ops.Greater,None,1,1,1,1,1
tf.raw_ops.GreaterEqual,None,1,1,1,1,1
tf.raw_ops.GuaranteeConst,None,1,1,1,1,1
tf.raw_ops.HSVToRGB,None,1,1,1,1,1
tf.raw_ops.HistogramFixedWidth,None,1,1,1,1,1
tf.raw_ops.HistogramSummary,None,1,1,1,1,1
tf.raw_ops.Identity,None,1,1,1,1,1
tf.raw_ops.Igamma,None,1,1,1,1,1
tf.raw_ops.Igammac,None,1,1,1,1,1
tf.raw_ops.Imag,None,1,1,1,1,1
tf.raw_ops.ImmutableConst,None,1,1,1,1,1
tf.raw_ops.InTopK,None,1,1,1,1,1
tf.raw_ops.InTopKV2,None,1,1,1,1,1
tf.raw_ops.InplaceAdd,None,1,1,1,1,1
tf.raw_ops.InplaceSub,None,1,1,1,1,1
tf.raw_ops.InplaceUpdate,None,1,1,1,1,1
tf.raw_ops.Inv,None,1,1,1,1,1
tf.raw_ops.InvertPermutation,None,1,1,1,1,1
tf.raw_ops.IsFinite,None,1,1,1,1,1
tf.raw_ops.IsInf,None,1,1,1,1,1
tf.raw_ops.IsNan,None,1,1,1,1,1
tf.raw_ops.IsVariableInitialized,None,1,1,1,1,1
tf.raw_ops.L2Loss,None,1,1,1,1,1
tf.raw_ops.LMDBReader,None,1,1,1,1,1
tf.raw_ops.LRN,None,1,1,1,1,1
tf.raw_ops.LearnedUnigramCandidateSampler,None,1,1,1,1,1
tf.raw_ops.Less,None,1,1,1,1,1
tf.raw_ops.LessEqual,None,1,1,1,1,1
tf.raw_ops.Lgamma,None,1,1,1,1,1
tf.broadcast_static_shape,None,1,1,1,1,1
tf.case,None,1,1,1,1,1
tf.clip_by_global_norm,None,1,1,1,1,1
tf.compat.dimension_at_index,None,1,1,1,1,1
tf.concat,None,1,1,1,1,1
tf.data.experimental.assert_cardinality,None,1,1,1,1,1
tf.data.experimental.bucket_by_sequence_length,None,1,1,1,1,1
tf.data.experimental.cardinality,None,1,1,1,1,1
tf.data.experimental.choose_from_datasets,None,1,1,1,1,1
tf.data.experimental.copy_to_device,None,1,1,1,1,1
tf.data.experimental.enumerate_dataset,None,1,1,1,1,1
tf.data.experimental.from_variant,None,1,1,1,1,1
tf.data.experimental.get_single_element,None,1,1,1,1,1
tf.data.experimental.get_structure,None,1,1,1,1,1
tf.data.experimental.group_by_reducer,None,1,1,1,1,1
tf.data.experimental.group_by_window,None,1,1,1,1,1
tf.data.experimental.ignore_errors,None,1,1,1,1,1
tf.data.experimental.load,None,1,1,1,1,1
tf.data.experimental.make_csv_dataset,None,1,1,1,1,1
tf.data.experimental.make_saveable_from_iterator,None,1,1,1,1,1
tf.data.experimental.map_and_batch,None,1,1,1,1,1
tf.data.experimental.prefetch_to_device,None,1,1,1,1,1
tf.data.experimental.sample_from_datasets,None,1,1,1,1,1
tf.data.experimental.save,None,1,1,1,1,1
tf.data.experimental.scan,None,1,1,1,1,1
tf.data.experimental.service.WorkerServer,None,1,1,1,1,1
tf.data.experimental.service.distribute,None,1,1,1,1,1
tf.data.experimental.service.from_dataset_id,None,1,1,1,1,1
tf.data.experimental.service.register_dataset,None,1,1,1,1,1
tf.data.experimental.shuffle_and_repeat,None,1,1,1,1,1
tf.data.experimental.take_while,None,1,1,1,1,1
tf.data.experimental.to_variant,None,1,1,1,1,1
tf.data.experimental.unique,None,1,1,1,1,1
tf.edit_distance,None,1,1,1,1,1
tf.einsum,None,1,1,1,1,1
tf.experimental.numpy.arange,None,1,1,1,1,1
tf.experimental.numpy.argsort,None,1,1,1,1,1
tf.experimental.numpy.atleast_1d,None,1,1,1,1,1
tf.experimental.numpy.atleast_2d,None,1,1,1,1,1
tf.experimental.numpy.atleast_3d,None,1,1,1,1,1
tf.experimental.numpy.broadcast_arrays,None,1,1,1,1,1
tf.experimental.numpy.concatenate,None,1,1,1,1,1
tf.experimental.numpy.einsum,None,1,1,1,1,1
tf.experimental.numpy.full_like,None,1,1,1,1,1
tf.experimental.numpy.imag,None,1,0,0,0,0
tf.experimental.numpy.ix_,None,1,1,1,1,1
tf.experimental.numpy.meshgrid,None,1,1,1,1,1
tf.experimental.numpy.random.randn,None,1,1,1,1,1
tf.experimental.numpy.result_type,None,1,1,1,1,1
tf.experimental.numpy.sign,None,1,1,1,1,1
tf.experimental.numpy.sort,None,1,1,1,1,1
tf.experimental.numpy.stack,None,1,1,1,1,1
tf.experimental.register_filesystem_plugin,None,1,1,1,1,1
tf.experimental.tensorrt.Converter,None,1,1,1,1,1
tf.feature_column.categorical_column_with_vocabulary_list,None,1,1,1,1,1
tf.feature_column.crossed_column,None,1,1,1,1,1
tf.feature_column.embedding_column,None,1,1,1,1,1
tf.feature_column.indicator_column,None,1,1,1,1,1
tf.feature_column.make_parse_example_spec,None,1,1,1,1,1
tf.feature_column.numeric_column,None,1,1,1,1,1
tf.feature_column.sequence_categorical_column_with_vocabulary_list,None,1,1,1,1,1
tf.feature_column.shared_embeddings,None,1,1,1,1,1
tf.feature_column.weighted_categorical_column,None,1,1,1,1,1
tf.gradients,None,1,1,1,1,1
tf.group,None,1,1,1,1,1
tf.hessians,None,1,1,1,1,1
tf.identity_n,None,1,1,1,1,1
tf.image.combined_non_max_suppression,None,1,1,1,1,1
tf.image.generate_bounding_box_proposals,None,1,1,1,1,1
tf.image.ssim_multiscale,None,1,1,1,1,1
tf.io.decode_bmp,None,1,1,1,1,1
tf.io.decode_csv,None,1,1,1,1,1
tf.io.decode_gif,None,1,1,1,1,1
tf.io.decode_jpeg,None,1,1,1,1,1
tf.io.decode_proto,None,1,1,1,1,1
tf.io.deserialize_many_sparse,None,1,1,1,1,1
tf.io.encode_proto,None,1,1,1,1,1
tf.io.extract_jpeg_shape,None,1,1,1,1,1
tf.io.match_filenames_once,None,1,1,1,1,1
tf.io.parse_tensor,None,1,1,1,1,1
tf.io.serialize_many_sparse,None,1,1,1,1,1
tf.io.serialize_sparse,None,1,1,1,1,1
tf.linalg.LinearOperatorAdjoint,None,1,1,1,1,1
tf.linalg.LinearOperatorBlockDiag,None,1,1,1,1,1
tf.linalg.LinearOperatorComposition,None,1,1,1,1,1
tf.linalg.LinearOperatorIdentity,None,1,1,1,1,0
tf.linalg.LinearOperatorInversion,None,1,1,1,1,1
tf.linalg.LinearOperatorKronecker,None,1,1,1,1,1
tf.linalg.LinearOperatorLowRankUpdate,None,1,1,1,1,1
tf.linalg.banded_triangular_solve,None,1,1,1,1,1
tf.linalg.experimental.conjugate_gradient,None,1,1,1,1,1
tf.linalg.global_norm,None,1,1,1,1,1
tf.linalg.normalize,None,1,1,1,1,1
tf.linalg.tridiagonal_matmul,None,1,1,1,1,1
tf.linalg.tridiagonal_solve,None,1,1,1,1,1
tf.load_op_library,None,1,1,1,1,1
tf.lookup.StaticHashTable,None,1,1,1,1,1
tf.lookup.StaticVocabularyTable,None,1,1,1,1,1
tf.lookup.experimental.DenseHashTable,None,1,1,1,1,1
tf.make_ndarray,None,1,1,1,1,1
tf.math.accumulate_n,None,1,1,1,1,1
tf.math.add_n,None,1,1,1,1,1
tf.meshgrid,None,1,1,1,1,1
tf.nest.assert_same_structure,None,1,1,1,1,1
tf.nest.pack_sequence_as,None,1,1,1,1,1
tf.nn.RNNCellDeviceWrapper,None,1,1,1,1,1
tf.nn.RNNCellDropoutWrapper,None,1,1,1,1,1
tf.nn.conv1d_transpose,None,1,1,1,1,1
tf.nn.conv1d_transpose,None,1,1,1,1,1
tf.nn.conv2d_transpose,None,1,1,1,1,1
tf.nn.conv3d_transpose,None,1,1,1,1,0
tf.nn.conv_transpose,None,1,1,1,1,1
tf.nn.conv_transpose,None,1,1,1,1,1
tf.nn.embedding_lookup,None,1,1,1,1,1
tf.nn.embedding_lookup_sparse,None,1,1,1,1,1
tf.nn.max_pool2d,None,1,1,1,1,1
tf.nn.max_pool2d,None,1,1,1,1,1
tf.nn.nce_loss,None,1,1,1,1,1
tf.nn.safe_embedding_lookup_sparse,None,1,1,1,1,1
tf.nn.sampled_softmax_loss,None,1,1,1,1,1
tf.nn.separable_conv2d_padding_list,None,1,1,1,1,1
tf.nn.weighted_moments,None,1,1,1,1,1
tf.nn.with_space_to_batch,None,1,1,1,1,1
tf.nondifferentiable_batch_function,None,1,1,1,1,1
tf.norm,None,1,1,1,1,1
tf.norm,None,1,1,1,1,1
tf.parallel_stack,None,1,1,1,1,1
tf.print,None,1,1,1,1,1
tf.quantization.dequantize,None,1,1,1,1,1
tf.quantization.quantized_concat,None,1,1,1,1,1
tf.queue.FIFOQueue,None,1,1,1,1,1
tf.queue.PaddingFIFOQueue,None,1,1,1,1,1
tf.queue.PriorityQueue,None,1,1,1,1,1
tf.queue.QueueBase,None,1,1,1,1,1
tf.queue.RandomShuffleQueue,None,1,1,1,1,1
tf.ragged.constant,None,1,1,1,1,1
tf.ragged.cross,None,1,1,1,1,1
tf.ragged.cross_hashed,None,1,1,1,1,1
tf.ragged.map_flat_values,None,1,1,1,1,1
tf.ragged.stack,None,1,1,1,1,1
tf.random.Generator,None,1,1,1,1,0
tf.random.fixed_unigram_candidate_sampler,None,1,1,1,1,1
tf.random.set_global_generator,None,1,1,1,1,1
tf.random.stateless_binomial,None,1,1,1,1,1
tf.random.stateless_normal,None,1,1,1,1,1
tf.random.stateless_uniform,None,1,1,1,1,1
tf.random_normal_initializer,None,1,1,1,1,1
tf.random_uniform_initializer,None,1,1,1,1,1
tf.raw_ops.Abs,None,1,1,1,1,1
tf.raw_ops.AccumulateNV2,None,1,1,1,1,1
tf.raw_ops.AccumulatorApplyGradient,None,1,1,1,1,1
tf.raw_ops.AccumulatorNumAccumulated,None,1,1,1,1,1
tf.raw_ops.AccumulatorSetGlobalStep,None,1,1,1,1,1
tf.raw_ops.AccumulatorTakeGradient,None,1,1,1,1,1
tf.raw_ops.Acos,None,1,1,1,1,1
tf.raw_ops.Acosh,None,1,1,1,1,1
tf.raw_ops.Add,None,1,1,1,1,1
tf.raw_ops.AddManySparseToTensorsMap,None,1,1,1,1,1
tf.raw_ops.AddSparseToTensorsMap,None,1,1,1,1,1
tf.raw_ops.AddV2,None,1,1,1,1,1
tf.raw_ops.AdjustHue,None,1,1,1,1,1
tf.raw_ops.AdjustSaturation,None,1,1,1,1,1
tf.raw_ops.All,None,1,1,1,1,1
tf.raw_ops.AllCandidateSampler,None,1,1,1,1,1
tf.raw_ops.Angle,None,1,1,1,1,1
tf.raw_ops.Any,None,1,1,1,1,1
tf.raw_ops.ApplyAdadelta,None,1,1,1,1,1
tf.raw_ops.ApplyAdagrad,None,1,1,1,1,1
tf.raw_ops.ApplyAdagradDA,None,1,1,1,1,1
tf.raw_ops.ApplyAdam,None,1,1,1,1,1
tf.raw_ops.ApplyAddSign,None,1,1,1,1,1
tf.raw_ops.ApplyCenteredRMSProp,None,1,1,1,1,1
tf.raw_ops.ApplyFtrl,None,1,1,1,1,1
tf.raw_ops.ApplyFtrlV2,None,1,1,1,1,1
tf.raw_ops.ApplyGradientDescent,None,1,1,1,1,1
tf.raw_ops.ApplyMomentum,None,1,1,1,1,1
tf.raw_ops.ApplyPowerSign,None,1,1,1,1,1
tf.raw_ops.ApplyProximalAdagrad,None,1,1,1,1,1
tf.raw_ops.ApplyProximalGradientDescent,None,1,1,1,1,1
tf.raw_ops.ApplyRMSProp,None,1,1,1,1,1
tf.raw_ops.ApproxTopK,None,1,1,1,1,1
tf.raw_ops.ApproximateEqual,None,1,1,1,1,1
tf.raw_ops.ArgMax,None,1,1,1,1,1
tf.raw_ops.ArgMin,None,1,1,1,1,1
tf.raw_ops.Asin,None,1,1,1,1,1
tf.raw_ops.Asinh,None,1,1,1,1,1
tf.raw_ops.Assign,None,1,1,1,1,1
tf.raw_ops.AssignAdd,None,1,1,1,1,1
tf.raw_ops.AssignSub,None,1,1,1,1,1
tf.raw_ops.Atan,None,1,1,1,1,1
tf.raw_ops.Atan2,None,1,1,1,1,1
tf.raw_ops.Atanh,None,1,1,1,1,1
tf.raw_ops.AvgPool,None,1,1,1,1,1
tf.raw_ops.AvgPool3D,None,1,1,1,1,1
tf.raw_ops.AvgPool3DGrad,None,1,1,1,1,1
tf.raw_ops.Barrier,None,1,1,1,1,1
tf.raw_ops.BarrierClose,None,1,1,1,1,1
tf.raw_ops.BarrierIncompleteSize,None,1,1,1,1,1
tf.raw_ops.BarrierInsertMany,None,1,1,1,1,1
tf.raw_ops.BarrierReadySize,None,1,1,1,1,1
tf.raw_ops.BarrierTakeMany,None,1,1,1,1,1
tf.raw_ops.BatchMatMul,None,1,1,1,1,1
tf.raw_ops.BatchMatMulV2,None,1,1,1,1,1
tf.raw_ops.BatchMatMulV3,None,1,1,1,1,1
tf.raw_ops.BatchToSpace,None,1,1,1,1,1
tf.raw_ops.BatchToSpaceND,None,1,1,1,1,1
tf.raw_ops.Betainc,None,1,1,1,1,1
tf.raw_ops.BiasAdd,None,1,1,1,1,1
tf.raw_ops.BiasAddGrad,None,1,1,1,1,1
tf.raw_ops.Bincount,None,1,1,1,1,1
tf.raw_ops.Bitcast,None,1,1,1,1,1
tf.raw_ops.BroadcastTo,None,1,1,1,1,1
tf.raw_ops.Bucketize,None,1,1,1,1,1
tf.raw_ops.Cast,None,1,1,1,1,1
tf.raw_ops.Ceil,None,1,1,1,1,1
tf.raw_ops.CheckNumerics,None,1,1,1,1,1
tf.raw_ops.ClipByValue,None,1,1,1,1,1
tf.raw_ops.CombinedNonMaxSuppression,None,1,1,1,1,1
tf.raw_ops.Complex,None,1,1,1,1,1
tf.raw_ops.ComplexAbs,None,1,1,1,1,1
tf.raw_ops.ComputeAccidentalHits,None,1,1,1,1,1
tf.raw_ops.ConditionalAccumulator,None,1,1,1,1,1
tf.raw_ops.ConjugateTranspose,None,1,1,1,1,1
tf.raw_ops.Conv2D,None,1,1,1,1,1
tf.raw_ops.Conv2DBackpropFilter,None,1,1,1,1,1
tf.raw_ops.Conv2DBackpropInput,None,1,1,1,1,1
tf.raw_ops.Conv3D,None,1,1,1,1,1
tf.raw_ops.Conv3DBackpropFilterV2,None,1,1,1,1,1
tf.raw_ops.Conv3DBackpropInputV2,None,1,1,1,1,1
tf.raw_ops.Cos,None,1,1,1,1,1
tf.raw_ops.Cosh,None,1,1,1,1,1
tf.raw_ops.CountUpTo,None,1,1,1,1,1
tf.raw_ops.CropAndResize,None,1,1,1,1,1
tf.raw_ops.CropAndResizeGradBoxes,None,1,1,1,1,1
tf.raw_ops.CropAndResizeGradImage,None,1,1,1,1,1
tf.raw_ops.Cross,None,1,1,1,1,1
tf.raw_ops.Cumprod,None,1,1,1,1,1
tf.raw_ops.Cumsum,None,1,1,1,1,1
tf.raw_ops.DataFormatDimMap,None,1,1,1,1,1
tf.raw_ops.DataFormatVecPermute,None,1,1,1,1,1
tf.raw_ops.DebugGradientIdentity,None,1,1,1,1,1
tf.raw_ops.DebugGradientRefIdentity,None,1,1,1,1,1
tf.raw_ops.DecodeAndCropJpeg,None,1,1,1,1,1
tf.raw_ops.DecodeBase64,None,1,1,1,1,1
tf.raw_ops.DecodeBmp,None,1,1,1,1,1
tf.raw_ops.DecodeCompressed,None,1,1,1,1,1
tf.raw_ops.DecodeGif,None,1,1,1,1,1
tf.raw_ops.DecodeImage,None,1,1,1,1,1
tf.raw_ops.DecodeJSONExample,None,1,1,1,1,1
tf.raw_ops.DecodeJpeg,None,1,1,1,1,1
tf.raw_ops.DecodePaddedRaw,None,1,1,1,1,1
tf.raw_ops.DecodePng,None,1,1,1,1,1
tf.raw_ops.DecodeRaw,None,1,1,1,1,1
tf.raw_ops.DeepCopy,None,1,1,1,1,1
tf.raw_ops.DeleteSessionTensor,None,1,1,1,1,1
tf.raw_ops.DenseBincount,None,1,1,1,1,1
tf.raw_ops.DepthToSpace,None,1,1,1,1,1
tf.raw_ops.DepthwiseConv2dNative,None,1,1,1,1,1
tf.raw_ops.DepthwiseConv2dNativeBackpropFilter,None,1,1,1,1,1
tf.raw_ops.DepthwiseConv2dNativeBackpropInput,None,1,1,1,1,1
tf.raw_ops.Dequantize,None,1,1,1,1,1
tf.raw_ops.DeserializeManySparse,None,1,1,1,1,1
tf.raw_ops.DestroyTemporaryVariable,None,1,1,1,1,1
tf.raw_ops.Diag,None,1,1,1,1,1
tf.raw_ops.DiagPart,None,1,1,1,1,1
tf.raw_ops.Digamma,None,1,1,1,1,1
tf.raw_ops.Dilation2D,None,1,1,1,1,1
tf.raw_ops.Dilation2DBackpropFilter,None,1,1,1,1,1
tf.raw_ops.Dilation2DBackpropInput,None,1,1,1,1,1
tf.raw_ops.Div,None,1,1,1,1,1
tf.raw_ops.DivNoNan,None,1,1,1,1,1
tf.raw_ops.DrawBoundingBoxes,None,1,1,1,1,1
tf.raw_ops.DrawBoundingBoxesV2,None,1,1,1,1,1
tf.raw_ops.DynamicPartition,None,1,1,1,1,1
tf.raw_ops.DynamicStitch,None,1,1,1,1,1
tf.raw_ops.EditDistance,None,1,1,1,1,1
tf.raw_ops.Elu,None,1,1,1,1,1
tf.raw_ops.Empty,None,1,1,1,1,1
tf.raw_ops.EncodeBase64,None,1,1,1,1,1
tf.raw_ops.EncodeJpeg,None,1,1,1,1,1
tf.raw_ops.EncodeJpegVariableQuality,None,1,1,1,1,1
tf.raw_ops.EncodePng,None,1,1,1,1,1
tf.raw_ops.EnsureShape,None,1,1,1,1,1
tf.raw_ops.Equal,None,1,1,1,1,1
tf.raw_ops.Erf,None,1,1,1,1,1
tf.raw_ops.Erfc,None,1,1,1,1,1
tf.raw_ops.Erfinv,None,1,1,1,1,1
tf.raw_ops.EuclideanNorm,None,1,1,1,1,1
tf.raw_ops.Exp,None,1,1,1,1,1
tf.raw_ops.ExpandDims,None,1,1,1,1,1
tf.raw_ops.Expm1,None,1,1,1,1,1
tf.raw_ops.ExtractGlimpse,None,1,1,1,1,1
tf.raw_ops.ExtractImagePatches,None,1,1,1,1,1
tf.raw_ops.ExtractJpegShape,None,1,1,1,1,1
tf.raw_ops.ExtractVolumePatches,None,1,1,1,1,1
tf.raw_ops.FIFOQueue,None,1,1,1,1,1
tf.raw_ops.FakeQuantWithMinMaxArgs,None,1,1,1,1,1
tf.raw_ops.FakeQuantWithMinMaxArgsGradient,None,1,1,1,1,1
tf.raw_ops.FakeQuantWithMinMaxVars,None,1,1,1,1,1
tf.raw_ops.FakeQuantWithMinMaxVarsGradient,None,1,1,1,1,1
tf.raw_ops.FakeQuantWithMinMaxVarsPerChannel,None,1,1,1,1,1
tf.raw_ops.FakeQuantWithMinMaxVarsPerChannelGradient,None,1,1,1,1,1
tf.raw_ops.Fill,None,1,1,1,1,1
tf.raw_ops.Fingerprint,None,1,1,1,1,1
tf.raw_ops.FixedUnigramCandidateSampler,None,1,1,1,1,1
tf.raw_ops.Floor,None,1,1,1,1,1
tf.raw_ops.FloorDiv,None,1,1,1,1,1
tf.raw_ops.FloorMod,None,1,1,1,1,1
tf.raw_ops.FractionalAvgPool,None,1,1,1,1,1
tf.raw_ops.FractionalMaxPool,None,1,1,1,1,1
tf.raw_ops.FusedBatchNorm,None,1,1,1,1,1
tf.raw_ops.FusedBatchNormGrad,None,1,1,1,1,1
tf.raw_ops.FusedBatchNormGradV2,None,1,1,1,1,1
tf.raw_ops.FusedBatchNormGradV3,None,1,1,1,1,1
tf.raw_ops.FusedBatchNormV2,None,1,1,1,1,1
tf.raw_ops.FusedBatchNormV3,None,1,1,1,1,1
tf.raw_ops.FusedPadConv2D,None,1,1,1,1,1
tf.raw_ops.FusedResizeAndPadConv2D,None,1,1,1,1,1
tf.raw_ops.Gather,None,1,1,1,1,1
tf.raw_ops.GatherNd,None,1,1,1,1,1
tf.raw_ops.GatherV2,None,1,1,1,1,1
tf.raw_ops.GetSessionHandle,None,1,1,1,1,1
tf.raw_ops.GetSessionHandleV2,None,1,1,1,1,1
tf.raw_ops.GetSessionTensor,None,1,1,1,1,1
tf.raw_ops.Greater,None,1,1,1,1,1
tf.raw_ops.GreaterEqual,None,1,1,1,1,1
tf.raw_ops.GuaranteeConst,None,1,1,1,1,1
tf.raw_ops.HSVToRGB,None,1,1,1,1,1
tf.raw_ops.HistogramFixedWidth,None,1,1,1,1,1
tf.raw_ops.HistogramSummary,None,1,1,1,1,1
tf.raw_ops.Identity,None,1,1,1,1,1
tf.raw_ops.Igamma,None,1,1,1,1,1
tf.raw_ops.Igammac,None,1,1,1,1,1
tf.raw_ops.Imag,None,1,1,1,1,1
tf.raw_ops.ImmutableConst,None,1,1,1,1,1
tf.raw_ops.InTopK,None,1,1,1,1,1
tf.raw_ops.InTopKV2,None,1,1,1,1,1
tf.raw_ops.InplaceAdd,None,1,1,1,1,1
tf.raw_ops.InplaceSub,None,1,1,1,1,1
tf.raw_ops.InplaceUpdate,None,1,1,1,1,1
tf.raw_ops.Inv,None,1,1,1,1,1
tf.raw_ops.InvertPermutation,None,1,1,1,1,1
tf.raw_ops.IsFinite,None,1,1,1,1,1
tf.raw_ops.IsInf,None,1,1,1,1,1
tf.raw_ops.IsNan,None,1,1,1,1,1
tf.raw_ops.IsVariableInitialized,None,1,1,1,1,1
tf.raw_ops.L2Loss,None,1,1,1,1,1
tf.raw_ops.LMDBReader,None,1,1,1,1,1
tf.raw_ops.LRN,None,1,1,1,1,1
tf.raw_ops.LearnedUnigramCandidateSampler,None,1,1,1,1,1
tf.raw_ops.Less,None,1,1,1,1,1
tf.raw_ops.LessEqual,None,1,1,1,1,1
tf.raw_ops.Lgamma,None,1,1,1,1,1
tf.raw_ops.Log,None,1,1,1,1,1
tf.raw_ops.Log1p,None,1,1,1,1,1
tf.raw_ops.LogSoftmax,None,1,1,1,1,1
tf.raw_ops.LogUniformCandidateSampler,None,1,1,1,1,1
tf.raw_ops.LogicalAnd,None,1,1,1,1,1
tf.raw_ops.LogicalNot,None,1,1,1,1,1
tf.raw_ops.LogicalOr,None,1,1,1,1,1
tf.raw_ops.LoopCond,None,1,1,1,1,1
tf.raw_ops.MapClear,None,1,1,1,1,1
tf.raw_ops.MapIncompleteSize,None,1,1,1,1,1
tf.raw_ops.MapPeek,None,1,1,1,1,1
tf.raw_ops.MapSize,None,1,1,1,1,1
tf.raw_ops.MapUnstage,None,1,1,1,1,1
tf.raw_ops.MapUnstageNoKey,None,1,1,1,1,1
tf.raw_ops.MatMul,None,1,1,1,1,1
tf.raw_ops.MatchingFiles,None,1,1,1,1,1
tf.raw_ops.MatrixBandPart,None,1,1,1,1,1
tf.raw_ops.MatrixDiag,None,1,1,1,1,1
tf.raw_ops.MatrixDiagPart,None,1,1,1,1,1
tf.raw_ops.MatrixDiagPartV2,None,1,1,1,1,1
tf.raw_ops.MatrixDiagPartV3,None,1,1,1,1,1
tf.raw_ops.MatrixDiagV2,None,1,1,1,1,1
tf.raw_ops.MatrixDiagV3,None,1,1,1,1,1
tf.raw_ops.MatrixSetDiag,None,1,1,1,1,1
tf.raw_ops.MatrixSetDiagV2,None,1,1,1,1,1
tf.raw_ops.MatrixSetDiagV3,None,1,1,1,1,1
tf.raw_ops.Max,None,1,1,1,1,1
tf.raw_ops.MaxPool,None,1,1,1,1,1
tf.raw_ops.MaxPool3D,None,1,1,1,1,1
tf.raw_ops.MaxPool3DGrad,None,1,1,1,1,1
tf.raw_ops.MaxPool3DGradGrad,None,1,1,1,1,1
tf.raw_ops.MaxPoolGradGrad,None,1,1,1,1,1
tf.raw_ops.MaxPoolGradGradV2,None,1,1,1,1,1
tf.raw_ops.MaxPoolGradGradWithArgmax,None,1,1,1,1,1
tf.raw_ops.MaxPoolGradV2,None,1,1,1,1,1
tf.raw_ops.MaxPoolV2,None,1,1,1,1,1
tf.raw_ops.MaxPoolWithArgmax,None,1,1,1,1,1
tf.raw_ops.Maximum,None,1,1,1,1,1
tf.raw_ops.Mean,None,1,1,1,1,1
tf.raw_ops.Merge,None,1,1,1,1,1
tf.raw_ops.MergeSummary,None,1,1,1,1,1
tf.raw_ops.MergeV2Checkpoints,None,1,1,1,1,1
tf.raw_ops.Min,None,1,1,1,1,1
tf.raw_ops.Minimum,None,1,1,1,1,1
tf.raw_ops.MirrorPad,None,1,1,1,1,1
tf.raw_ops.Mod,None,1,1,1,1,1
tf.raw_ops.MulNoNan,None,1,1,1,1,1
tf.raw_ops.Multinomial,None,1,1,1,1,1
tf.raw_ops.Ndtri,None,1,1,1,1,1
tf.raw_ops.NextAfter,None,1,1,1,1,1
tf.raw_ops.NextIteration,None,1,1,1,1,1
tf.raw_ops.NoOp,None,1,0,0,0,0
tf.raw_ops.NonMaxSuppression,None,1,1,1,1,1
tf.raw_ops.NonMaxSuppressionV2,None,1,1,1,1,1
tf.raw_ops.NonMaxSuppressionV3,None,1,1,1,1,1
tf.raw_ops.NonMaxSuppressionV4,None,1,1,1,1,1
tf.raw_ops.NonMaxSuppressionV5,None,1,1,1,1,1
tf.raw_ops.NonMaxSuppressionWithOverlaps,None,1,1,1,1,1
tf.raw_ops.NotEqual,None,1,1,1,1,1
tf.raw_ops.NthElement,None,1,1,1,1,1
tf.raw_ops.OneHot,None,1,1,1,1,1
tf.raw_ops.OnesLike,None,1,1,1,1,1
tf.raw_ops.OrderedMapClear,None,1,1,1,1,1
tf.raw_ops.OrderedMapIncompleteSize,None,1,1,1,1,1
tf.raw_ops.OrderedMapPeek,None,1,1,1,1,1
tf.raw_ops.OrderedMapSize,None,1,1,1,1,1
tf.raw_ops.OrderedMapUnstage,None,1,1,1,1,1
tf.raw_ops.OrderedMapUnstageNoKey,None,1,1,1,1,1
tf.raw_ops.Pad,None,1,1,1,1,1
tf.raw_ops.PadV2,None,1,1,1,1,1
tf.raw_ops.PaddingFIFOQueue,None,1,1,1,1,1
tf.raw_ops.ParallelConcat,None,1,1,1,1,1
tf.raw_ops.ParallelDynamicStitch,None,1,1,1,1,1
tf.raw_ops.ParameterizedTruncatedNormal,None,1,1,1,1,1
tf.raw_ops.ParseTensor,None,1,1,1,1,1
tf.raw_ops.Placeholder,None,1,1,1,1,1
tf.raw_ops.PlaceholderWithDefault,None,1,1,1,1,1
tf.raw_ops.Polygamma,None,1,1,1,1,1
tf.raw_ops.Pow,None,1,1,1,1,1
tf.raw_ops.PreventGradient,None,1,1,1,1,1
tf.raw_ops.PrintV2,None,1,1,1,1,1
tf.raw_ops.PriorityQueue,None,1,1,1,1,1
tf.raw_ops.Prod,None,1,1,1,1,1
tf.raw_ops.QuantizeAndDequantizeV2,None,1,1,1,1,1
tf.raw_ops.QuantizeAndDequantizeV3,None,1,1,1,1,1
tf.raw_ops.QuantizeAndDequantizeV4,None,1,1,1,1,1
tf.raw_ops.QuantizeAndDequantizeV4Grad,None,1,1,1,1,1
tf.raw_ops.QuantizeDownAndShrinkRange,None,1,1,1,1,1
tf.raw_ops.QuantizeV2,None,1,1,1,1,1
tf.raw_ops.QuantizedAdd,None,1,1,1,1,1
tf.raw_ops.QuantizedAvgPool,None,1,1,1,1,1
tf.raw_ops.QuantizedBatchNormWithGlobalNormalization,None,1,1,1,1,1
tf.raw_ops.QuantizedBiasAdd,None,1,1,1,1,1
tf.raw_ops.QuantizedConcat,None,1,1,1,1,1
tf.raw_ops.QuantizedConv2D,None,1,1,1,1,1
tf.raw_ops.QuantizedInstanceNorm,None,1,1,1,1,1
tf.raw_ops.QuantizedMatMul,None,1,1,1,1,1
tf.raw_ops.QuantizedMaxPool,None,1,1,1,1,1
tf.raw_ops.QuantizedMul,None,1,1,1,1,1
tf.raw_ops.QuantizedRelu,None,1,1,1,1,1
tf.raw_ops.QuantizedRelu6,None,1,1,1,1,1
tf.raw_ops.QuantizedReluX,None,1,1,1,1,1
tf.raw_ops.QuantizedResizeBilinear,None,1,1,1,1,1
tf.raw_ops.QueueClose,None,1,1,1,1,1
tf.raw_ops.QueueDequeue,None,1,1,1,1,1
tf.raw_ops.QueueDequeueMany,None,1,1,1,1,1
tf.raw_ops.QueueDequeueUpTo,None,1,1,1,1,1
tf.raw_ops.QueueIsClosed,None,1,1,1,1,1
tf.raw_ops.QueueSize,None,1,1,1,1,1
tf.raw_ops.RGBToHSV,None,1,1,1,1,1
tf.raw_ops.RaggedBincount,None,1,1,1,1,1
tf.raw_ops.RandomGamma,None,1,1,1,1,1
tf.raw_ops.RandomPoissonV2,None,1,1,1,1,1
tf.raw_ops.RandomShuffle,None,1,1,1,1,1
tf.raw_ops.RandomShuffleQueue,None,1,1,1,1,1
tf.raw_ops.RandomUniform,None,1,1,1,1,1
tf.raw_ops.RandomUniformInt,None,1,1,1,1,1
tf.raw_ops.Range,None,1,1,1,1,1
tf.raw_ops.ReadFile,None,1,1,1,1,1
tf.raw_ops.ReaderNumRecordsProduced,None,1,1,0,0,0
tf.raw_ops.ReaderNumWorkUnitsCompleted,None,1,0,0,0,0
tf.raw_ops.ReaderRead,None,1,1,1,1,1
tf.raw_ops.ReaderReadUpTo,None,1,1,1,1,1
tf.raw_ops.ReaderReset,None,1,1,1,1,1
tf.raw_ops.ReaderRestoreState,None,1,1,1,1,1
tf.raw_ops.ReaderSerializeState,None,1,1,1,1,1
tf.raw_ops.Real,None,1,1,1,1,1
tf.raw_ops.RealDiv,None,1,1,1,1,1
tf.raw_ops.Reciprocal,None,1,1,1,1,1
tf.raw_ops.RecordInput,None,1,1,1,1,1
tf.raw_ops.ReduceJoin,None,1,1,1,1,1
tf.raw_ops.RefNextIteration,None,1,1,1,1,1
tf.raw_ops.RefSelect,None,1,1,1,1,1
tf.raw_ops.RefSwitch,None,1,1,1,1,1
tf.raw_ops.RegexFullMatch,None,1,1,1,1,1
tf.raw_ops.RegexReplace,None,1,1,1,1,1
tf.raw_ops.Relu,None,1,1,1,1,1
tf.raw_ops.Relu6,None,1,1,1,1,1
tf.raw_ops.RequantizationRange,None,1,1,1,1,1
tf.raw_ops.Requantize,None,1,1,1,1,1
tf.raw_ops.ResizeArea,None,1,1,1,1,1
tf.raw_ops.ResizeBicubic,None,1,1,1,1,1
tf.raw_ops.ResizeBilinear,None,1,1,1,1,1
tf.raw_ops.ResizeNearestNeighbor,None,1,1,1,1,1
tf.raw_ops.Restore,None,1,1,1,1,1
tf.raw_ops.RestoreSlice,None,1,1,1,1,1
tf.raw_ops.RestoreV2,None,1,1,1,1,1
tf.raw_ops.Rint,None,1,1,1,1,1
tf.raw_ops.Round,None,1,1,1,1,1
tf.raw_ops.Rsqrt,None,1,1,1,1,1
tf.raw_ops.SampleDistortedBoundingBox,None,1,1,1,1,1
tf.raw_ops.SampleDistortedBoundingBoxV2,None,1,1,1,1,1
tf.raw_ops.ScalarSummary,None,1,1,1,1,1
tf.raw_ops.ScaleAndTranslate,None,1,1,1,1,1
tf.raw_ops.ScatterAdd,None,1,1,1,1,1
tf.raw_ops.ScatterDiv,None,1,1,1,1,1
tf.raw_ops.ScatterMax,None,1,1,1,1,1
tf.raw_ops.ScatterMin,None,1,1,1,1,1
tf.raw_ops.ScatterMul,None,1,1,1,1,1
tf.raw_ops.ScatterNdAdd,None,1,1,1,1,1
tf.raw_ops.ScatterNdSub,None,1,1,1,1,1
tf.raw_ops.ScatterNdUpdate,None,1,1,1,1,1
tf.raw_ops.ScatterSub,None,1,1,1,1,1
tf.raw_ops.ScatterUpdate,None,1,1,1,1,1
tf.raw_ops.SegmentMax,None,1,1,1,1,1
tf.raw_ops.SegmentMean,None,1,1,1,1,1
tf.raw_ops.SegmentMin,None,1,1,1,1,1
tf.raw_ops.SegmentProd,None,1,1,1,1,1
tf.raw_ops.SegmentSum,None,1,1,1,1,1
tf.raw_ops.SelectV2,None,1,1,1,1,1
tf.raw_ops.Selu,None,1,1,1,1,1
tf.raw_ops.SerializeTensor,None,1,1,1,1,1
tf.raw_ops.ShardedFilename,None,1,1,1,1,1
tf.raw_ops.ShardedFilespec,None,1,1,1,1,1
tf.raw_ops.Sigmoid,None,1,1,1,1,1
tf.raw_ops.Sign,None,1,1,1,1,1
tf.raw_ops.Sin,None,1,1,1,1,1
tf.raw_ops.Sinh,None,1,1,1,1,1
tf.raw_ops.Softmax,None,1,1,1,1,0
tf.raw_ops.SoftmaxCrossEntropyWithLogits,None,1,1,1,1,1
tf.raw_ops.Softplus,None,1,1,1,1,1
tf.raw_ops.Softsign,None,1,1,1,1,1
tf.raw_ops.SparseAccumulatorApplyGradient,None,1,1,1,1,1
tf.raw_ops.SparseAccumulatorTakeGradient,None,1,1,1,1,1
tf.raw_ops.SparseAdd,None,1,1,1,1,1
tf.raw_ops.SparseAddGrad,None,1,1,1,1,1
tf.raw_ops.SparseApplyAdadelta,None,1,1,1,1,1
tf.raw_ops.SparseApplyAdagrad,None,1,1,1,1,1
tf.raw_ops.SparseApplyAdagradDA,None,1,1,1,1,1
tf.raw_ops.SparseApplyCenteredRMSProp,None,1,1,1,1,1
tf.raw_ops.SparseApplyFtrl,None,1,1,1,1,1
tf.raw_ops.SparseApplyFtrlV2,None,1,1,1,1,1
tf.raw_ops.SparseApplyMomentum,None,1,1,1,1,1
tf.raw_ops.SparseApplyProximalAdagrad,None,1,1,1,1,1
tf.raw_ops.SparseApplyProximalGradientDescent,None,1,1,1,1,1
tf.raw_ops.SparseApplyRMSProp,None,1,1,1,1,1
tf.raw_ops.SparseBincount,None,1,1,1,1,1
tf.raw_ops.SparseConcat,None,1,1,1,1,1
tf.raw_ops.SparseConditionalAccumulator,None,1,1,1,1,1
tf.raw_ops.SparseDenseCwiseAdd,None,1,1,1,1,1
tf.raw_ops.SparseDenseCwiseDiv,None,1,1,1,1,1
tf.raw_ops.SparseDenseCwiseMul,None,1,1,1,1,1
tf.raw_ops.SparseFillEmptyRows,None,1,1,1,1,1
tf.raw_ops.SparseFillEmptyRowsGrad,None,1,1,1,1,1
tf.raw_ops.SparseMatMul,None,1,1,1,1,1
tf.raw_ops.SparseReduceMax,None,1,1,1,1,1
tf.raw_ops.SparseReduceMaxSparse,None,1,1,1,1,1
tf.raw_ops.SparseReduceSum,None,1,1,1,1,1
tf.raw_ops.SparseReduceSumSparse,None,1,1,1,1,1
tf.raw_ops.SparseReorder,None,1,1,1,1,1
tf.raw_ops.SparseReshape,None,1,1,1,1,1
tf.raw_ops.SparseSegmentMean,None,1,1,1,1,1
tf.raw_ops.SparseSegmentMeanGrad,None,1,1,1,1,1
tf.raw_ops.SparseSegmentMeanWithNumSegments,None,1,1,1,1,1
tf.raw_ops.SparseSegmentSqrtN,None,1,1,1,1,1
tf.raw_ops.SparseSegmentSqrtNGrad,None,1,1,1,1,1
tf.raw_ops.SparseSegmentSqrtNWithNumSegments,None,1,1,1,1,1
tf.raw_ops.SparseSegmentSum,None,1,1,1,1,1
tf.raw_ops.SparseSegmentSumGrad,None,1,1,1,1,1
tf.raw_ops.SparseSegmentSumWithNumSegments,None,1,1,1,1,1
tf.raw_ops.SparseSlice,None,1,1,1,1,1
tf.raw_ops.SparseSliceGrad,None,1,1,1,1,1
tf.raw_ops.SparseSoftmax,None,1,1,1,1,1
tf.raw_ops.SparseSoftmaxCrossEntropyWithLogits,None,1,1,1,1,1
tf.raw_ops.SparseSparseMaximum,None,1,1,1,1,1
tf.raw_ops.SparseSparseMinimum,None,1,1,1,1,1
tf.raw_ops.SparseSplit,None,1,1,1,1,1
tf.raw_ops.SparseTensorDenseAdd,None,1,1,1,1,1
tf.raw_ops.SparseTensorDenseMatMul,None,1,1,1,1,1
tf.raw_ops.Sqrt,None,1,1,1,1,1
tf.raw_ops.Square,None,1,1,1,1,1
tf.raw_ops.SquaredDifference,None,1,1,1,1,1
tf.raw_ops.StageClear,None,1,1,1,1,1
tf.raw_ops.StagePeek,None,1,1,1,1,1
tf.raw_ops.StageSize,None,1,1,1,1,1
tf.raw_ops.StatelessSampleDistortedBoundingBox,None,1,1,1,1,1
tf.raw_ops.StringJoin,None,1,1,1,1,1
tf.raw_ops.StringLength,None,1,1,1,1,1
tf.raw_ops.StringLower,None,1,1,1,1,1
tf.raw_ops.StringNGrams,None,1,1,1,1,1
tf.raw_ops.StringSplit,None,1,1,1,1,1
tf.raw_ops.StringSplitV2,None,1,1,1,1,1
tf.raw_ops.StringStrip,None,1,1,1,1,1
tf.raw_ops.StringToHashBucket,None,1,1,1,1,1
tf.raw_ops.StringToHashBucketFast,None,1,1,1,1,1
tf.raw_ops.StringToHashBucketStrong,None,1,1,1,1,1
tf.raw_ops.StringToNumber,None,1,1,1,1,1
tf.raw_ops.StringUpper,None,1,1,1,1,1
tf.raw_ops.Substr,None,1,1,1,1,1
tf.raw_ops.Sum,None,1,1,1,1,1
tf.raw_ops.Switch,None,1,1,1,1,1
tf.raw_ops.TakeManySparseFromTensorsMap,None,1,1,1,1,1
tf.raw_ops.Tan,None,1,1,1,1,1
tf.raw_ops.Tanh,None,1,1,1,1,1
tf.raw_ops.TemporaryVariable,None,1,1,1,1,1
tf.raw_ops.TensorSummary,None,1,1,1,1,1
tf.raw_ops.TensorSummaryV2,None,1,1,1,1,1
tf.raw_ops.Timestamp,None,1,1,1,1,1
tf.raw_ops.TruncateDiv,None,1,1,1,1,1
tf.raw_ops.TruncateMod,None,1,1,1,1,1
tf.raw_ops.TruncatedNormal,None,1,1,1,1,1
tf.raw_ops.UnicodeScript,None,1,1,1,1,1
tf.raw_ops.UnicodeTranscode,None,1,1,1,1,1
tf.raw_ops.UniformCandidateSampler,None,1,1,1,1,1
tf.raw_ops.UnsortedSegmentMax,None,1,1,1,1,1
tf.raw_ops.UnsortedSegmentMin,None,1,1,1,1,1
tf.raw_ops.UnsortedSegmentProd,None,1,1,1,1,1
tf.raw_ops.UnsortedSegmentSum,None,1,1,1,1,1
tf.raw_ops.Unstage,None,1,1,1,1,1
tf.raw_ops.Variable,None,1,1,1,1,1
tf.raw_ops.Where,None,1,1,1,1,1
tf.raw_ops.WholeFileReader,None,1,1,1,1,1
tf.raw_ops.WriteFile,None,1,1,1,1,1
tf.raw_ops.Xdivy,None,1,1,1,1,1
tf.raw_ops.Xlog1py,None,1,1,1,1,1
tf.raw_ops.Xlogy,None,1,1,1,1,1
tf.raw_ops.ZerosLike,None,1,1,1,1,1
tf.raw_ops.Zeta,None,1,1,1,1,1
tf.realdiv,None,1,1,1,0,0
tf.register_tensor_conversion_function,None,1,1,1,1,1
tf.saved_model.load,None,1,1,1,1,1
tf.sets.size,None,1,1,1,1,1
tf.sets.union,None,1,1,1,0,0
tf.shape_n,None,1,1,1,1,1
tf.signal.fft,None,1,1,0,0,0
tf.signal.fftshift,None,1,1,1,1,0
tf.signal.fftshift,None,1,0,0,0,0
tf.signal.hann_window,None,1,1,1,0,0
tf.signal.ifft,None,1,0,0,0,0
tf.signal.ifftshift,None,1,0,0,0,0
tf.signal.ifftshift,None,1,0,0,0,0
tf.signal.mfccs_from_log_mel_spectrograms,None,1,0,0,0,0
tf.sparse.add,None,1,1,1,1,1
tf.sparse.concat,None,1,1,1,1,1
tf.sparse.cross,None,1,1,1,1,1
tf.sparse.cross_hashed,None,1,1,1,1,1
tf.sparse.expand_dims,None,1,1,1,1,1
tf.sparse.fill_empty_rows,None,1,1,1,1,1
tf.sparse.from_dense,None,1,0,0,0,0
tf.sparse.map_values,None,1,1,1,1,1
tf.sparse.mask,None,1,1,1,1,1
tf.sparse.maximum,None,1,1,1,1,1
tf.sparse.minimum,None,1,1,1,1,1
tf.sparse.reduce_max,None,1,1,1,1,1
tf.sparse.reduce_sum,None,1,1,1,1,1
tf.sparse.reorder,None,1,1,1,1,1
tf.sparse.reset_shape,None,1,1,1,1,1
tf.sparse.reshape,None,1,1,1,1,1
tf.sparse.retain,None,1,1,1,1,1
tf.sparse.segment_mean,None,1,1,0,0,0
tf.sparse.segment_sqrt_n,None,1,1,1,0,0
tf.sparse.segment_sum,None,1,0,0,0,0
tf.sparse.slice,None,1,1,1,1,1
tf.sparse.softmax,None,1,1,1,1,1
tf.sparse.sparse_dense_matmul,None,1,1,1,1,1
tf.sparse.split,None,1,1,1,1,1
tf.sparse.to_dense,None,1,1,1,1,1
tf.sparse.to_indicator,None,1,1,1,1,1
tf.sparse.transpose,None,1,1,1,1,1
tf.split,None,1,1,0,0,0
tf.split,None,0,0,0,0,0
tf.squeeze,None,0,0,0,0,0
tf.stack,None,1,1,1,1,1
tf.stop_gradient,None,1,1,1,1,1
tf.strided_slice,None,1,0,0,0,0
tf.strings.as_string,None,1,0,0,0,0
tf.strings.bytes_split,None,1,1,1,1,1
tf.strings.format,None,1,1,1,1,1
tf.strings.join,None,1,1,1,1,1
tf.strings.length,None,1,1,1,1,1
tf.strings.lower,None,1,1,1,1,1
tf.strings.ngrams,None,1,1,1,0,0
tf.strings.reduce_join,None,1,1,0,0,0
tf.strings.regex_full_match,None,1,1,1,0,0
tf.strings.regex_replace,None,1,1,1,1,1
tf.strings.split,None,1,1,1,1,1
tf.strings.strip,None,1,0,0,0,0
tf.strings.substr,None,1,1,1,0,0
tf.strings.to_hash_bucket,None,1,1,1,1,0
tf.strings.to_hash_bucket_fast,None,1,1,1,1,0
tf.strings.to_hash_bucket_strong,None,1,1,1,1,1
tf.strings.to_number,None,1,1,0,0,0
tf.strings.unicode_decode,None,1,1,1,0,0
tf.strings.unicode_decode_with_offsets,None,1,1,1,1,1
tf.strings.unicode_encode,None,1,0,0,0,0
tf.strings.unicode_script,None,1,1,0,0,0
tf.strings.unicode_split,None,1,1,1,1,1
tf.strings.unicode_split_with_offsets,None,1,1,1,1,1
tf.strings.unicode_transcode,None,1,1,1,1,0
tf.strings.unsorted_segment_join,None,1,1,0,0,0
tf.strings.upper,None,1,1,1,1,1
tf.switch_case,None,1,1,1,1,1
tf.sysconfig.get_build_info,None,0,0,0,0,0
tf.sysconfig.get_compile_flags,None,0,0,0,0,0
tf.sysconfig.get_include,None,0,0,0,0,0
tf.sysconfig.get_lib,None,0,0,0,0,0
tf.sysconfig.get_link_flags,None,0,0,0,0,0
tf.tensor_scatter_nd_add,None,1,0,0,0,0
tf.tensor_scatter_nd_max,None,1,1,0,0,0
tf.tensor_scatter_nd_min,None,1,0,0,0,0
tf.tensor_scatter_nd_sub,None,1,0,0,0,0
tf.tensor_scatter_nd_update,None,1,0,0,0,0
tf.tensordot,None,1,1,1,1,1
tf.tensordot,None,1,1,1,1,1
tf.tile,None,1,0,0,0,0
tf.timestamp,None,1,1,1,1,1
tf.train.CheckpointManager,None,1,1,1,1,1
tf.train.Coordinator,None,1,1,1,0,0
tf.train.ExponentialMovingAverage,None,1,0,0,0,0
tf.train.checkpoints_iterator,None,1,0,0,0,0
tf.train.get_checkpoint_state,None,1,0,0,0,0
tf.train.latest_checkpoint,None,1,0,0,0,0
tf.train.load_checkpoint,None,1,0,0,0,0
tf.transpose,None,1,1,1,0,0
tf.truncatediv,None,1,1,1,1,0
tf.truncatemod,None,1,1,1,0,0
tf.tuple,None,1,1,1,1,1
tf.unique,None,0,0,0,0,0
tf.unique_with_counts,None,1,0,0,0,0
tf.unravel_index,None,0,0,0,0,0
tf.unstack,None,1,0,0,0,0
tf.vectorized_map,None,1,1,1,1,1
tf.where,None,1,1,1,0,0
tf.where,None,1,0,0,0,0
tf.xla.experimental.compile,None,1,1,1,1,1
tf.zeros,None,1,0,0,0,0
tf.zeros_like,None,1,0,0,0,0
torch.addmv_,None,1,1,1,1,1
torch.autocast,None,1,1,1,1,1
torch.autocast,None,1,1,1,1,1
torch.blackman_window,None,1,1,1,0,0
torch.block_diag,None,1,1,1,1,1
torch.broadcast_tensors,None,1,1,1,1,1
torch.cartesian_prod,None,1,1,1,1,1
torch.celu,None,1,1,1,1,1
torch.chain_matmul,None,1,1,1,1,1
torch.crow_indices_copy,None,1,1,1,1,1
torch.cudnn_affine_grid_generator,None,1,1,1,1,1
torch.dequantize,None,1,1,1,1,1
torch.einsum,None,1,1,1,1,1
torch.empty,None,1,1,1,1,1
torch.empty_strided,None,1,1,1,1,1
torch.eq,None,0,0,0,0,0
torch.eye,None,1,1,1,1,1
torch.fake_quantize_per_channel_affine,None,1,1,1,1,1
torch.fft.hfft,None,0,0,0,0,0
torch.fft.ifft,None,1,1,0,0,0
torch.fft.ifft2,None,1,1,1,1,1
torch.fft.ifftn,None,1,1,1,1,1
torch.fft.ifftshift,None,0,0,0,0,0
torch.fft.ihfft,None,1,1,1,1,1
torch.fft.irfft,None,1,0,0,0,0
torch.fft.irfft2,None,0,0,0,0,0
torch.fft.irfftn,None,1,1,1,1,1
torch.fft.rfftn,None,1,1,1,1,1
torch.from_numpy,None,1,1,1,1,1
torch.gradient,None,1,1,1,1,1
torch.hamming_window,None,1,1,1,1,1
torch.histogram,None,1,1,1,1,1
torch.hspmm,None,1,1,1,1,1
torch.is_inference,None,1,1,1,1,1
torch.jit.optimized_execution,None,1,1,1,1,1
torch.jit.script_if_tracing,None,1,1,1,1,1
torch.kaiser_window,None,1,1,0,0,0
torch.kaiser_window,None,1,1,1,1,1
torch.le,None,0,0,0,0,0
torch.lerp,None,1,1,1,0,0
torch.linalg.cholesky,None,1,1,1,1,1
torch.linalg.det,None,0,0,0,0,0
torch.linalg.eig,None,1,1,1,1,1
torch.linalg.eigvalsh,None,1,1,1,1,1
torch.linalg.householder_product,None,1,1,1,1,1
torch.linalg.matrix_norm,None,1,1,1,1,1
torch.linalg.matrix_norm,None,1,1,1,1,1
torch.linalg.matrix_norm,None,1,1,1,1,1
torch.linalg.matrix_norm,None,1,1,1,1,1
torch.linalg.matrix_power,None,1,1,0,0,0
torch.linalg.matrix_rank,None,1,1,1,1,1
torch.linalg.matrix_rank,None,1,1,1,1,1
torch.linalg.norm,None,1,1,1,0,0
torch.linalg.norm,None,1,1,1,1,0
torch.linalg.qr,None,1,1,0,0,0
torch.linalg.slogdet,None,0,0,0,0,0
torch.linalg.solve_triangular,None,1,1,1,1,1
torch.linalg.svd,None,1,1,1,1,1
torch.linalg.tensorsolve,None,1,1,1,0,0
torch.lt,None,0,0,0,0,0
torch.miopen_batch_norm,None,1,1,1,1,1
torch.narrow,None,0,0,0,0,0
torch.ne,None,0,0,0,0,0
torch.negative_,None,1,1,1,1,1
torch.nn.AdaptiveAvgPool1d,None,0,0,0,0,0
torch.nn.AdaptiveAvgPool1d,None,0,0,0,0,0
torch.nn.AdaptiveAvgPool2d,None,1,0,0,0,0
torch.nn.AdaptiveAvgPool2d,None,0,0,0,0,0
torch.nn.AdaptiveLogSoftmaxWithLoss,None,1,0,0,0,0
torch.nn.AdaptiveMaxPool1d,None,0,0,0,0,0
torch.nn.AdaptiveMaxPool1d,None,0,0,0,0,0
torch.nn.AdaptiveMaxPool2d,None,0,0,0,0,0
torch.nn.AdaptiveMaxPool2d,None,1,0,0,0,0
torch.nn.AdaptiveMaxPool3d,None,0,0,0,0,0
torch.nn.AdaptiveMaxPool3d,None,1,0,0,0,0
torch.nn.AlphaDropout,None,0,0,0,0,0
torch.nn.AvgPool2d,None,1,1,0,0,0
torch.nn.AvgPool2d,None,1,0,0,0,0
torch.nn.AvgPool2d,None,0,0,0,0,0
torch.nn.AvgPool2d,None,0,0,0,0,0
torch.nn.AvgPool2d,None,1,1,0,0,0
torch.nn.AvgPool2d,None,1,1,0,0,0
torch.nn.AvgPool2d,None,0,0,0,0,0
torch.nn.AvgPool2d,None,0,0,0,0,0
torch.nn.AvgPool3d,None,1,0,0,0,0
torch.nn.AvgPool3d,None,1,1,0,0,0
torch.nn.BatchNorm3d,None,1,1,0,0,0
torch.nn.Bilinear,None,1,0,0,0,0
torch.nn.CTCLoss,None,1,0,0,0,0
torch.nn.ConstantPad2d,None,0,0,0,0,0
torch.nn.ConstantPad2d,None,1,0,0,0,0
torch.nn.ConstantPad3d,None,0,0,0,0,0
torch.nn.ConstantPad3d,None,1,0,0,0,0
torch.nn.Conv1d,None,1,0,0,0,0
torch.nn.Conv2d,None,1,0,0,0,0
torch.nn.Conv2d,None,1,1,0,0,0
torch.nn.Conv2d,None,1,0,0,0,0
torch.nn.Conv2d,None,1,1,0,0,0
torch.nn.Conv2d,None,1,1,0,0,0
torch.nn.Conv2d,None,1,1,0,0,0
torch.nn.Conv2d,None,1,1,1,0,0
torch.nn.Conv2d,None,1,1,0,0,0
torch.nn.Conv3d,None,1,0,0,0,0
torch.nn.Conv3d,None,1,0,0,0,0
torch.nn.Conv3d,None,1,1,1,1,1
torch.nn.Conv3d,None,1,1,0,0,0
torch.nn.ConvTranspose1d,None,1,0,0,0,0
torch.nn.ConvTranspose1d,None,1,0,0,0,0
torch.nn.ConvTranspose2d,None,1,1,1,1,1
torch.nn.ConvTranspose2d,None,1,1,1,1,1
torch.nn.ConvTranspose3d,None,1,1,0,0,0
torch.nn.ConvTranspose3d,None,1,1,1,0,0
torch.nn.Dropout,None,0,0,0,0,0
torch.nn.Dropout2d,None,0,0,0,0,0
torch.nn.Dropout3d,None,0,0,0,0,0
torch.nn.ELU,None,0,0,0,0,0
torch.nn.Embedding,None,1,1,0,0,0
torch.nn.EmbeddingBag,None,1,0,0,0,0
torch.nn.FeatureAlphaDropout,None,0,0,0,0,0
torch.nn.Fold,None,1,1,1,0,0
torch.nn.Fold,None,1,1,1,1,1
torch.nn.Fold,None,1,1,1,1,1
torch.nn.GELU,None,0,0,0,0,0
torch.nn.GLU,None,0,0,0,0,0
torch.nn.GRU,None,1,0,0,0,0
torch.nn.LSTM,None,1,1,1,1,1
torch.nn.LSTMCell,None,1,1,1,1,1
torch.nn.MaxPool1d,None,1,0,0,0,0
torch.nn.MaxPool1d,None,1,0,0,0,0
torch.nn.MaxUnpool1d,None,1,1,1,1,1
torch.nn.MaxUnpool1d,None,1,1,1,1,1
torch.nn.MultiLabelMarginLoss,None,0,0,0,0,0
torch.nn.ParameterList,None,1,1,1,1,1
torch.nn.RNN,None,1,1,1,1,1
torch.nn.RNNCell,None,1,0,0,0,0
torch.nn.ReplicationPad2d,None,0,0,0,0,0
torch.nn.ReplicationPad2d,None,1,1,1,1,1
torch.nn.SyncBatchNorm,None,1,1,1,1,1
torch.nn.Transformer,None,1,1,1,1,1
torch.nn.TransformerDecoderLayer,None,1,1,1,0,0
torch.nn.TransformerEncoderLayer,None,1,1,1,1,1
torch.nn.UninitializedBuffer,None,1,1,1,1,1
torch.nn.UninitializedParameter,None,1,1,1,1,1
torch.nn.Upsample,None,0,0,0,0,0
torch.nn.Upsample,None,1,1,1,1,1
torch.nn.Upsample,None,1,1,1,1,1
torch.nn.functional.adaptive_avg_pool3d,None,1,0,0,0,0
torch.nn.functional.adaptive_avg_pool3d,None,1,0,0,0,0
torch.nn.functional.adaptive_max_pool3d,None,0,0,0,0,0
torch.nn.functional.adaptive_max_pool3d,None,1,0,0,0,0
torch.nn.functional.affine_grid,None,1,1,1,1,1
torch.nn.functional.avg_pool1d,None,1,1,1,1,1
torch.nn.functional.avg_pool1d,None,1,1,1,1,1
torch.nn.functional.avg_pool3d,None,1,0,0,0,0
torch.nn.functional.avg_pool3d,None,1,0,0,0,0
torch.nn.functional.avg_pool3d,None,1,1,0,0,0
torch.nn.functional.avg_pool3d,None,1,0,0,0,0
torch.nn.functional.avg_pool3d,None,1,0,0,0,0
torch.nn.functional.avg_pool3d,None,1,1,1,0,0
torch.nn.functional.avg_pool3d,None,0,0,0,0,0
torch.nn.functional.avg_pool3d,None,1,0,0,0,0
torch.nn.functional.avg_pool3d,None,1,1,0,0,0
torch.nn.functional.bilinear,None,0,0,0,0,0
torch.nn.functional.binary_cross_entropy,None,0,0,0,0,0
torch.nn.functional.conv1d,None,1,0,0,0,0
torch.nn.functional.conv2d,None,0,0,0,0,0
torch.nn.functional.conv2d,None,1,0,0,0,0
torch.nn.functional.conv2d,None,1,1,0,0,0
torch.nn.functional.conv2d,None,1,0,0,0,0
torch.nn.functional.conv2d,None,1,0,0,0,0
torch.nn.functional.conv2d,None,0,0,0,0,0
torch.nn.functional.conv2d,None,1,0,0,0,0
torch.nn.functional.conv2d,None,1,1,0,0,0
torch.nn.functional.conv2d,None,1,0,0,0,0
torch.nn.functional.conv2d,None,1,0,0,0,0
torch.nn.functional.conv2d,None,0,0,0,0,0
torch.nn.functional.conv2d,None,1,1,0,0,0
torch.nn.functional.conv3d,None,1,1,1,1,0
torch.nn.functional.conv_transpose1d,None,1,1,0,0,0
torch.nn.functional.conv_transpose3d,None,1,1,0,0,0
torch.nn.functional.conv_transpose3d,None,1,1,1,0,0
torch.nn.functional.cosine_embedding_loss,None,1,0,0,0,0
torch.nn.functional.ctc_loss,None,1,0,0,0,0
torch.nn.functional.dropout,None,1,0,0,0,0
torch.nn.functional.dropout2d,None,1,0,0,0,0
torch.nn.functional.dropout3d,None,0,0,0,0,0
torch.nn.functional.elu,None,0,0,0,0,0
torch.nn.functional.embedding_bag,None,1,1,1,1,1
torch.nn.functional.embedding_bag,None,1,1,1,1,1
torch.nn.functional.feature_alpha_dropout,None,1,0,0,0,0
torch.nn.functional.fold,None,1,1,1,1,1
torch.nn.functional.fractional_max_pool2d,None,1,1,1,1,1
torch.nn.functional.glu,None,0,0,0,0,0
torch.nn.functional.grid_sample,None,0,0,0,0,0
torch.nn.functional.group_norm,None,0,0,0,0,0
torch.nn.functional.gumbel_softmax,None,0,0,0,0,0
torch.nn.functional.gumbel_softmax,None,0,0,0,0,0
torch.nn.functional.hardtanh,None,1,0,0,0,0
torch.nn.functional.hinge_embedding_loss,None,0,0,0,0,0
torch.nn.functional.huber_loss,None,0,0,0,0,0
torch.nn.functional.instance_norm,None,1,1,0,0,0
torch.nn.functional.kl_div,None,1,0,0,0,0
torch.nn.functional.layer_norm,None,1,1,1,1,1
torch.nn.functional.local_response_norm,None,0,0,0,0,0
torch.nn.functional.log_softmax,None,1,1,1,1,1
torch.nn.functional.lp_pool2d,None,1,1,1,1,1
torch.nn.functional.max_unpool1d,None,1,1,1,1,1
torch.nn.functional.max_unpool3d,None,1,1,1,1,1
torch.nn.functional.mish,None,1,0,0,0,0
torch.nn.functional.multi_margin_loss,None,0,0,0,0,0
torch.nn.functional.multilabel_margin_loss,None,1,0,0,0,0
torch.nn.functional.nll_loss,None,1,1,1,1,1
torch.nn.functional.one_hot,None,1,1,1,1,1
torch.nn.functional.pdist,None,0,0,0,0,0
torch.nn.functional.pixel_unshuffle,None,0,0,0,0,0
torch.nn.functional.smooth_l1_loss,None,1,1,1,1,1
torch.nn.functional.soft_margin_loss,None,0,0,0,0,0
torch.nn.functional.tanhshrink,None,0,0,0,0,0
torch.nn.functional.threshold,None,0,0,0,0,0
torch.nn.functional.triplet_margin_loss,None,1,0,0,0,0
torch.nn.functional.unfold,None,0,0,0,0,0
torch.nn.init.calculate_gain,None,1,1,0,0,0
torch.nn.init.constant_,None,0,0,0,0,0
torch.nn.init.dirac_,None,1,1,1,1,1
torch.nn.init.eye_,None,0,0,0,0,0
torch.nn.init.kaiming_normal_,None,1,0,0,0,0
torch.nn.init.kaiming_uniform_,None,1,0,0,0,0
torch.nn.init.normal_,None,0,0,0,0,0
torch.nn.init.ones_,None,0,0,0,0,0
torch.nn.init.orthogonal_,None,1,1,0,0,0
torch.nn.init.sparse_,None,1,0,0,0,0
torch.nn.init.uniform_,None,0,0,0,0,0
torch.nn.init.xavier_normal_,None,1,0,0,0,0
torch.nn.init.xavier_uniform_,None,1,0,0,0,0
torch.nn.init.zeros_,None,0,0,0,0,0
torch.nn.quantized.QFunctional,None,1,1,1,1,1
torch.nn.utils.clip_grad_value_,None,1,1,1,1,1
torch.nn.utils.remove_weight_norm,None,1,1,1,1,1
torch.nn.utils.rnn.pack_padded_sequence,None,1,1,1,1,1
torch.nn.utils.rnn.pack_sequence,None,1,1,1,1,1
torch.nn.utils.rnn.pad_sequence,None,1,1,1,1,1
torch.normal,None,1,1,1,1,1
torch.normal,None,1,1,1,1,1
torch.normal,None,1,1,1,1,1
torch.parse_type_comment,None,1,0,0,0,0
torch.quantize_per_channel,None,1,1,1,1,1
torch.quantize_per_tensor,None,1,1,1,1,1
torch.rand_like,None,1,1,1,1,1
torch.randint_like,None,1,1,1,1,1
torch.randint_like,None,1,1,1,1,1
torch.range,None,1,1,1,1,1
torch.repeat_interleave,None,1,1,1,1,1
torch.repeat_interleave,None,1,1,1,1,1
torch.rsub,None,1,1,1,1,1
torch.scatter_reduce,None,1,1,1,1,1
torch.set_grad_enabled,None,1,1,1,1,1
torch.smm,None,1,1,1,1,1
torch.sparse_bsr_tensor,None,1,1,1,1,1
torch.sparse_bsr_tensor,None,1,1,1,1,1
torch.sparse_bsr_tensor,None,1,1,1,1,1
torch.sparse_bsr_tensor,None,1,1,1,1,1
torch.sparse_coo_tensor,None,1,1,1,1,1
torch.sparse_coo_tensor,None,1,1,1,1,1
torch.sparse_coo_tensor,None,1,1,1,1,1
torch.sparse_csr_tensor,None,1,1,1,1,1
torch.sparse_csr_tensor,None,1,1,1,1,1
torch.sparse_csr_tensor,None,1,1,1,1,0
torch.special.digamma,None,1,0,0,0,0
torch.special.erf,None,1,0,0,0,0
torch.special.erfc,None,1,0,0,0,0
torch.special.exp2,None,0,0,0,0,0
torch.special.expm1,None,0,0,0,0,0
torch.special.i0,None,1,0,0,0,0
torch.special.i1e,None,1,0,0,0,0
torch.special.log1p,None,1,0,0,0,0
torch.special.log_softmax,None,1,0,0,0,0
torch.special.log_softmax,None,1,0,0,0,0
torch.special.logit,None,0,0,0,0,0
torch.special.logit,None,1,1,0,0,0
torch.special.logsumexp,None,1,0,0,0,0
torch.special.logsumexp,None,1,0,0,0,0
torch.special.multigammaln,None,1,1,1,1,1
torch.special.polygamma,None,0,0,0,0,0
torch.special.round,None,1,1,0,0,0
torch.special.xlogy,None,1,0,0,0,0
torch.special.zeta,None,0,0,0,0,0
torch.special.zeta,None,0,0,0,0,0
torch.special.zeta,None,1,1,1,1,1
torch.spmm,None,1,1,1,0,0
torch.sspaddmm,None,1,1,1,1,1
torch.std_mean,None,1,1,1,1,1
torch.std_mean,None,1,1,1,1,1
torch.std_mean,None,1,1,1,1,1
torch.std_mean,None,1,1,1,1,1
torch.stft,None,1,1,1,1,1
torch.sym_fresh_size,None,1,1,1,1,1
torch.threshold,None,1,1,1,1,1
torch.var_mean,None,1,1,1,1,1
torch.var_mean,None,1,1,1,1,1
torch.var_mean,None,1,1,1,1,1
torch.var_mean,None,1,1,1,1,1
torch.where,None,1,1,1,1,1
tf.broadcast_static_shape,None,1,1,1,1,1
tf.case,None,1,1,1,1,1
tf.clip_by_global_norm,None,1,1,1,1,1
tf.compat.dimension_at_index,None,1,1,1,1,1
tf.concat,None,1,1,1,1,1
tf.data.experimental.assert_cardinality,None,1,1,1,1,1
tf.data.experimental.bucket_by_sequence_length,None,1,1,1,1,1
tf.data.experimental.cardinality,None,1,1,1,1,1
tf.data.experimental.choose_from_datasets,None,1,1,1,1,1
tf.data.experimental.copy_to_device,None,1,1,1,1,1
tf.data.experimental.enumerate_dataset,None,1,1,1,1,1
tf.data.experimental.from_variant,None,1,1,1,1,1
tf.data.experimental.get_single_element,None,1,1,1,1,1
tf.data.experimental.get_structure,None,1,1,1,1,1
tf.data.experimental.group_by_reducer,None,1,1,1,1,1
tf.data.experimental.group_by_window,None,1,1,1,1,1
tf.data.experimental.ignore_errors,None,1,1,1,1,1
tf.data.experimental.load,None,1,1,1,1,1
tf.data.experimental.make_csv_dataset,None,1,1,1,1,1
tf.data.experimental.make_saveable_from_iterator,None,1,1,1,1,1
tf.data.experimental.map_and_batch,None,1,1,1,1,1
tf.data.experimental.prefetch_to_device,None,1,1,1,1,1
tf.data.experimental.sample_from_datasets,None,1,1,1,1,1
tf.data.experimental.save,None,1,1,1,1,1
tf.data.experimental.scan,None,1,1,1,1,1
tf.data.experimental.service.WorkerServer,None,1,1,1,1,1
tf.data.experimental.service.distribute,None,1,1,1,1,1
tf.data.experimental.service.from_dataset_id,None,1,1,1,1,1
tf.data.experimental.service.register_dataset,None,1,1,1,1,1
tf.data.experimental.shuffle_and_repeat,None,1,1,1,1,1
tf.data.experimental.take_while,None,1,1,1,1,1
tf.data.experimental.to_variant,None,1,1,1,1,1
tf.data.experimental.unique,None,1,1,1,1,1
tf.edit_distance,None,1,1,1,1,1
tf.einsum,None,1,1,1,1,1
tf.experimental.numpy.arange,None,1,1,1,1,1
tf.experimental.numpy.argsort,None,1,1,1,1,1
tf.experimental.numpy.atleast_1d,None,1,1,1,1,1
tf.experimental.numpy.atleast_2d,None,1,1,1,1,1
tf.experimental.numpy.atleast_3d,None,1,1,1,1,1
tf.experimental.numpy.broadcast_arrays,None,1,1,1,1,1
tf.experimental.numpy.concatenate,None,1,1,1,1,1
tf.experimental.numpy.einsum,None,1,1,1,1,1
tf.experimental.numpy.full_like,None,1,1,1,1,1
tf.experimental.numpy.ix_,None,1,1,1,1,1
tf.experimental.numpy.meshgrid,None,1,1,1,1,1
tf.experimental.numpy.random.randn,None,1,1,1,1,1
tf.experimental.numpy.result_type,None,1,1,1,1,1
tf.experimental.numpy.sign,None,1,1,1,1,1
tf.experimental.numpy.sort,None,1,1,1,1,1
tf.experimental.numpy.stack,None,1,1,0,0,0
tf.experimental.register_filesystem_plugin,None,1,1,1,1,1
tf.experimental.tensorrt.Converter,None,1,1,1,1,1
tf.feature_column.categorical_column_with_vocabulary_list,None,1,1,1,1,1
tf.feature_column.crossed_column,None,1,1,1,1,1
tf.feature_column.embedding_column,None,1,1,1,1,1
tf.feature_column.indicator_column,None,1,1,1,1,1
tf.feature_column.make_parse_example_spec,None,1,1,1,1,1
tf.feature_column.numeric_column,None,1,1,1,1,1
tf.feature_column.sequence_categorical_column_with_vocabulary_list,None,1,1,1,1,1
tf.feature_column.shared_embeddings,None,1,1,1,1,1
tf.feature_column.weighted_categorical_column,None,1,1,1,1,1
tf.gradients,None,1,1,1,1,1
tf.group,None,1,1,1,1,1
tf.hessians,None,1,1,1,1,1
tf.identity_n,None,1,1,1,1,1
tf.image.combined_non_max_suppression,None,1,1,1,1,1
tf.image.generate_bounding_box_proposals,None,1,1,1,1,1
tf.image.ssim_multiscale,None,1,1,1,1,1
tf.io.decode_bmp,None,1,1,1,1,1
tf.io.decode_csv,None,1,1,1,1,1
tf.io.decode_gif,None,1,1,1,1,1
tf.io.decode_jpeg,None,1,1,1,1,0
tf.io.decode_proto,None,1,1,1,1,1
tf.io.deserialize_many_sparse,None,1,1,1,1,1
tf.io.encode_proto,None,1,1,1,1,1
tf.io.extract_jpeg_shape,None,1,1,1,1,1
tf.io.match_filenames_once,None,1,1,1,1,1
tf.io.parse_tensor,None,1,1,1,1,1
tf.io.serialize_many_sparse,None,1,1,1,1,1
tf.io.serialize_sparse,None,1,1,1,1,1
tf.linalg.LinearOperatorAdjoint,None,1,1,1,1,1
tf.linalg.LinearOperatorBlockDiag,None,1,1,1,1,1
tf.linalg.LinearOperatorComposition,None,1,1,1,1,1
tf.linalg.LinearOperatorInversion,None,1,1,1,1,1
tf.linalg.LinearOperatorKronecker,None,1,1,1,1,1
tf.linalg.LinearOperatorLowRankUpdate,None,1,1,1,1,1
tf.linalg.banded_triangular_solve,None,1,1,1,1,1
tf.linalg.experimental.conjugate_gradient,None,1,1,1,1,1
tf.linalg.global_norm,None,1,1,1,1,1
tf.linalg.normalize,None,1,1,1,1,1
tf.linalg.tridiagonal_matmul,None,1,1,1,1,1
tf.linalg.tridiagonal_solve,None,1,1,1,1,1
tf.load_op_library,None,1,1,1,1,1
tf.lookup.StaticHashTable,None,1,1,1,1,1
tf.lookup.StaticVocabularyTable,None,1,1,1,1,1
tf.lookup.experimental.DenseHashTable,None,1,1,1,1,1
tf.make_ndarray,None,1,1,1,1,1
tf.math.accumulate_n,None,1,1,1,1,1
tf.math.add_n,None,1,1,1,1,1
tf.meshgrid,None,1,1,1,1,1
tf.nest.assert_same_structure,None,1,1,1,1,1
tf.nest.pack_sequence_as,None,1,1,1,1,1
tf.nn.RNNCellDeviceWrapper,None,1,1,1,1,1
tf.nn.RNNCellDropoutWrapper,None,1,1,1,1,1
tf.nn.conv1d_transpose,None,1,1,1,1,1
tf.nn.conv1d_transpose,None,1,1,1,1,1
tf.nn.conv2d_transpose,None,1,1,1,1,1
tf.nn.conv_transpose,None,1,1,1,1,1
tf.nn.conv_transpose,None,1,1,1,1,1
tf.nn.embedding_lookup,None,1,1,1,1,1
tf.nn.embedding_lookup_sparse,None,1,1,1,1,1
tf.nn.max_pool2d,None,1,1,1,1,1
tf.nn.max_pool2d,None,1,1,1,1,1
tf.nn.nce_loss,None,1,1,1,1,1
tf.nn.safe_embedding_lookup_sparse,None,1,1,1,1,1
tf.nn.sampled_softmax_loss,None,1,1,1,1,1
tf.nn.separable_conv2d_padding_list,None,1,1,1,1,1
tf.nn.weighted_moments,None,1,1,1,1,1
tf.nn.with_space_to_batch,None,1,1,1,1,1
tf.nondifferentiable_batch_function,None,1,1,1,1,1
tf.norm,None,1,1,1,1,1
tf.norm,None,1,1,1,1,1
tf.parallel_stack,None,1,1,1,1,1
tf.print,None,1,1,1,1,1
tf.quantization.dequantize,None,1,1,1,1,1
tf.quantization.quantized_concat,None,1,1,1,1,1
tf.queue.FIFOQueue,None,1,1,1,1,1
tf.queue.PaddingFIFOQueue,None,1,1,1,1,1
tf.queue.PriorityQueue,None,1,1,1,1,1
tf.queue.QueueBase,None,1,1,1,1,1
tf.queue.RandomShuffleQueue,None,1,1,1,1,1
tf.ragged.constant,None,1,1,1,1,1
tf.ragged.cross,None,1,1,1,1,1
tf.ragged.cross_hashed,None,1,1,1,1,1
tf.ragged.map_flat_values,None,1,1,1,1,1
tf.random.fixed_unigram_candidate_sampler,None,1,1,1,1,1
tf.random.set_global_generator,None,1,1,1,1,1
tf.random.stateless_binomial,None,1,1,1,1,1
tf.random.stateless_normal,None,1,1,1,1,1
tf.random.stateless_uniform,None,1,1,1,1,1
tf.random_normal_initializer,None,1,1,1,1,1
tf.random_uniform_initializer,None,1,1,1,1,1
tf.raw_ops.Abs,None,1,1,1,1,1
tf.raw_ops.AccumulateNV2,None,1,1,1,1,1
tf.raw_ops.AccumulatorApplyGradient,None,1,1,1,1,1
tf.raw_ops.AccumulatorNumAccumulated,None,1,1,1,1,1
tf.raw_ops.AccumulatorSetGlobalStep,None,1,1,1,1,1
tf.raw_ops.AccumulatorTakeGradient,None,1,1,1,1,1
tf.raw_ops.Acos,None,1,1,1,1,1
tf.raw_ops.Acosh,None,1,1,1,1,1
tf.raw_ops.Add,None,1,1,1,1,1
tf.raw_ops.AddManySparseToTensorsMap,None,1,1,1,1,1
tf.raw_ops.AddSparseToTensorsMap,None,1,1,1,1,1
tf.raw_ops.AddV2,None,1,1,1,1,1
tf.raw_ops.AdjustHue,None,1,1,1,1,1
tf.raw_ops.AdjustSaturation,None,1,1,1,1,1
tf.raw_ops.All,None,1,1,1,1,1
tf.raw_ops.AllCandidateSampler,None,1,1,1,1,1
tf.raw_ops.Angle,None,1,1,1,1,1
tf.raw_ops.Any,None,1,1,1,1,1
tf.raw_ops.ApplyAdadelta,None,1,1,1,1,1
tf.raw_ops.ApplyAdagrad,None,1,1,1,1,1
tf.raw_ops.ApplyAdagradDA,None,1,1,1,1,1
tf.raw_ops.ApplyAdam,None,1,1,1,1,1
tf.raw_ops.ApplyAddSign,None,1,1,1,1,1
tf.raw_ops.ApplyCenteredRMSProp,None,1,1,1,1,1
tf.raw_ops.ApplyFtrl,None,1,1,1,1,1
tf.raw_ops.ApplyFtrlV2,None,1,1,1,1,1
tf.raw_ops.ApplyGradientDescent,None,1,1,1,1,1
tf.raw_ops.ApplyMomentum,None,1,1,1,1,1
tf.raw_ops.ApplyPowerSign,None,1,1,1,1,1
tf.raw_ops.ApplyProximalAdagrad,None,1,1,1,1,1
tf.raw_ops.ApplyProximalGradientDescent,None,1,1,1,1,1
tf.raw_ops.ApplyRMSProp,None,1,1,1,1,1
tf.raw_ops.ApproxTopK,None,1,1,1,1,1
tf.raw_ops.ApproximateEqual,None,1,1,1,1,1
tf.raw_ops.ArgMax,None,1,1,1,1,1
tf.raw_ops.ArgMin,None,1,1,1,1,1
tf.raw_ops.Asin,None,1,1,1,1,1
tf.raw_ops.Asinh,None,1,1,1,1,1
tf.raw_ops.Assign,None,1,1,1,1,1
tf.raw_ops.AssignAdd,None,1,1,1,1,1
tf.raw_ops.AssignSub,None,1,1,1,1,1
tf.raw_ops.Atan,None,1,1,1,1,1
tf.raw_ops.Atan2,None,1,1,1,1,1
tf.raw_ops.Atanh,None,1,1,1,1,1
tf.raw_ops.AvgPool,None,1,1,1,1,1
tf.raw_ops.AvgPool3D,None,1,1,1,1,1
tf.raw_ops.AvgPool3DGrad,None,1,1,1,1,1
tf.raw_ops.Barrier,None,1,1,1,1,1
tf.raw_ops.BarrierClose,None,1,1,1,1,1
tf.raw_ops.BarrierIncompleteSize,None,1,1,1,1,1
tf.raw_ops.BarrierInsertMany,None,1,1,1,1,1
tf.raw_ops.BarrierReadySize,None,1,1,1,1,1
tf.raw_ops.BarrierTakeMany,None,1,1,1,1,1
tf.raw_ops.BatchMatMul,None,1,1,1,1,1
tf.raw_ops.BatchMatMulV2,None,1,1,1,1,1
tf.raw_ops.BatchMatMulV3,None,1,1,1,1,1
tf.raw_ops.BatchToSpace,None,1,1,1,1,1
tf.raw_ops.BatchToSpaceND,None,1,1,1,1,1
tf.raw_ops.Betainc,None,1,1,1,1,1
tf.raw_ops.BiasAdd,None,1,1,1,1,1
tf.raw_ops.BiasAddGrad,None,1,1,1,1,1
tf.raw_ops.Bincount,None,1,1,1,1,1
tf.raw_ops.Bitcast,None,1,1,1,1,1
tf.raw_ops.BroadcastTo,None,1,1,1,1,1
tf.raw_ops.Bucketize,None,1,1,1,1,1
tf.raw_ops.Cast,None,1,1,1,1,1
tf.raw_ops.Ceil,None,1,1,1,1,1
tf.raw_ops.CheckNumerics,None,1,1,1,1,1
tf.raw_ops.ClipByValue,None,1,1,1,1,1
tf.raw_ops.CombinedNonMaxSuppression,None,1,1,1,1,1
tf.raw_ops.Complex,None,1,1,1,1,1
tf.raw_ops.ComplexAbs,None,1,1,1,1,1
tf.raw_ops.ComputeAccidentalHits,None,1,1,1,1,1
tf.raw_ops.ConditionalAccumulator,None,1,1,1,1,1
tf.raw_ops.ConjugateTranspose,None,1,1,1,1,1
tf.raw_ops.Conv2D,None,1,1,1,1,1
tf.raw_ops.Conv2DBackpropFilter,None,1,1,1,1,1
tf.raw_ops.Conv2DBackpropInput,None,1,1,1,1,1
tf.raw_ops.Conv3D,None,1,1,1,1,1
tf.raw_ops.Conv3DBackpropFilterV2,None,1,1,1,1,1
tf.raw_ops.Conv3DBackpropInputV2,None,1,1,1,1,1
tf.raw_ops.Cos,None,1,1,1,1,1
tf.raw_ops.Cosh,None,1,1,1,1,1
tf.raw_ops.CountUpTo,None,1,1,1,1,1
tf.raw_ops.CropAndResize,None,1,1,1,1,1
tf.raw_ops.CropAndResizeGradBoxes,None,1,1,1,1,1
tf.raw_ops.CropAndResizeGradImage,None,1,1,1,1,1
tf.raw_ops.Cross,None,1,1,1,1,1
tf.raw_ops.Cumprod,None,1,1,1,1,1
tf.raw_ops.Cumsum,None,1,1,1,1,1
tf.raw_ops.DataFormatDimMap,None,1,1,1,1,1
tf.raw_ops.DataFormatVecPermute,None,1,1,1,1,1
tf.raw_ops.DebugGradientIdentity,None,1,1,1,1,1
tf.raw_ops.DebugGradientRefIdentity,None,1,1,1,1,1
tf.raw_ops.DecodeAndCropJpeg,None,1,1,1,1,1
tf.raw_ops.DecodeBase64,None,1,1,1,1,1
tf.raw_ops.DecodeBmp,None,1,1,1,1,1
tf.raw_ops.DecodeCompressed,None,1,1,1,1,1
tf.raw_ops.DecodeGif,None,1,1,1,1,1
tf.raw_ops.DecodeImage,None,1,1,1,1,1
tf.raw_ops.DecodeJSONExample,None,1,1,1,1,1
tf.raw_ops.DecodeJpeg,None,1,1,1,1,1
tf.raw_ops.DecodePaddedRaw,None,1,1,1,1,1
tf.raw_ops.DecodePng,None,1,1,1,1,1
tf.raw_ops.DecodeRaw,None,1,1,1,1,1
tf.raw_ops.DeepCopy,None,1,1,1,1,1
tf.raw_ops.DeleteSessionTensor,None,1,1,1,1,1
tf.raw_ops.DenseBincount,None,1,1,1,1,1
tf.raw_ops.DepthToSpace,None,1,1,1,1,1
tf.raw_ops.DepthwiseConv2dNative,None,1,1,1,1,1
tf.raw_ops.DepthwiseConv2dNativeBackpropFilter,None,1,1,1,1,1
tf.raw_ops.DepthwiseConv2dNativeBackpropInput,None,1,1,1,1,1
tf.raw_ops.Dequantize,None,1,1,1,1,1
tf.raw_ops.DeserializeManySparse,None,1,1,1,1,1
tf.raw_ops.DestroyTemporaryVariable,None,1,1,1,1,1
tf.raw_ops.Diag,None,1,1,1,1,1
tf.raw_ops.DiagPart,None,1,1,1,1,1
tf.raw_ops.Digamma,None,1,1,1,1,1
tf.raw_ops.Dilation2D,None,1,1,1,1,1
tf.raw_ops.Dilation2DBackpropFilter,None,1,1,1,1,1
tf.raw_ops.Dilation2DBackpropInput,None,1,1,1,1,1
tf.raw_ops.Div,None,1,1,1,1,1
tf.raw_ops.DivNoNan,None,1,1,1,1,1
tf.raw_ops.DrawBoundingBoxes,None,1,1,1,1,1
tf.raw_ops.DrawBoundingBoxesV2,None,1,1,1,1,1
tf.raw_ops.DynamicPartition,None,1,1,1,1,1
tf.raw_ops.DynamicStitch,None,1,1,1,1,1
tf.raw_ops.EditDistance,None,1,1,1,1,1
tf.raw_ops.Elu,None,1,1,1,1,1
tf.raw_ops.Empty,None,1,1,1,1,1
tf.raw_ops.EncodeBase64,None,1,1,1,1,1
tf.raw_ops.EncodeJpeg,None,1,1,1,1,1
tf.raw_ops.EncodeJpegVariableQuality,None,1,1,1,1,1
tf.raw_ops.EncodePng,None,1,1,1,1,1
tf.raw_ops.EnsureShape,None,1,1,1,1,1
tf.raw_ops.Equal,None,1,1,1,1,1
tf.raw_ops.Erf,None,1,1,1,1,1
tf.raw_ops.Erfc,None,1,1,1,1,1
tf.raw_ops.Erfinv,None,1,1,1,1,1
tf.raw_ops.EuclideanNorm,None,1,1,1,1,1
tf.raw_ops.Exp,None,1,1,1,1,1
tf.raw_ops.ExpandDims,None,1,1,1,1,1
tf.raw_ops.Expm1,None,1,1,1,1,1
tf.raw_ops.ExtractGlimpse,None,1,1,1,1,1
tf.raw_ops.ExtractImagePatches,None,1,1,1,1,1
tf.raw_ops.ExtractJpegShape,None,1,1,1,1,1
tf.raw_ops.ExtractVolumePatches,None,1,1,1,1,1
tf.raw_ops.FIFOQueue,None,1,1,1,1,1
tf.raw_ops.FakeQuantWithMinMaxArgs,None,1,1,1,1,1
tf.raw_ops.FakeQuantWithMinMaxArgsGradient,None,1,1,1,1,1
tf.raw_ops.FakeQuantWithMinMaxVars,None,1,1,1,1,1
tf.raw_ops.FakeQuantWithMinMaxVarsGradient,None,1,1,1,1,1
tf.raw_ops.FakeQuantWithMinMaxVarsPerChannel,None,1,1,1,1,1
tf.raw_ops.FakeQuantWithMinMaxVarsPerChannelGradient,None,1,1,1,1,1
tf.raw_ops.Fill,None,1,1,1,1,1
tf.raw_ops.Fingerprint,None,1,1,1,1,1
tf.raw_ops.FixedUnigramCandidateSampler,None,1,1,1,1,1
tf.raw_ops.Floor,None,1,1,1,1,1
tf.raw_ops.FloorDiv,None,1,1,1,1,1
tf.raw_ops.FloorMod,None,1,1,1,1,1
tf.raw_ops.FractionalAvgPool,None,1,1,1,1,1
tf.raw_ops.FractionalMaxPool,None,1,1,1,1,1
tf.raw_ops.FusedBatchNorm,None,1,1,1,1,1
tf.raw_ops.FusedBatchNormGrad,None,1,1,1,1,1
tf.raw_ops.FusedBatchNormGradV2,None,1,1,1,1,1
tf.raw_ops.FusedBatchNormGradV3,None,1,1,1,1,1
tf.raw_ops.FusedBatchNormV2,None,1,1,1,1,1
tf.broadcast_static_shape,None,1,1,1,1,1
tf.case,None,1,1,1,1,1
tf.clip_by_global_norm,None,1,1,1,1,1
tf.compat.dimension_at_index,None,1,1,1,1,1
tf.concat,None,1,1,1,1,1
tf.data.experimental.assert_cardinality,None,1,1,1,1,1
tf.data.experimental.bucket_by_sequence_length,None,1,1,1,1,1
tf.data.experimental.cardinality,None,1,1,1,1,1
tf.data.experimental.choose_from_datasets,None,1,1,1,1,1
tf.data.experimental.copy_to_device,None,1,1,1,1,1
tf.data.experimental.enumerate_dataset,None,1,1,1,1,1
tf.data.experimental.from_variant,None,1,1,1,1,1
tf.data.experimental.get_single_element,None,1,1,1,1,1
tf.data.experimental.get_structure,None,1,1,1,1,1
tf.data.experimental.group_by_reducer,None,1,1,1,1,1
tf.data.experimental.group_by_window,None,1,1,1,1,1
tf.data.experimental.ignore_errors,None,1,1,1,1,1
tf.data.experimental.load,None,1,1,1,1,1
tf.data.experimental.make_csv_dataset,None,1,1,1,1,1
tf.data.experimental.make_saveable_from_iterator,None,1,1,1,1,1
tf.data.experimental.map_and_batch,None,1,1,1,1,1
tf.data.experimental.prefetch_to_device,None,1,1,1,1,1
tf.data.experimental.sample_from_datasets,None,1,1,1,1,1
tf.data.experimental.save,None,1,1,1,1,1
tf.data.experimental.scan,None,1,1,1,1,1
tf.data.experimental.service.WorkerServer,None,1,1,1,1,1
tf.data.experimental.service.distribute,None,1,1,1,1,1
tf.data.experimental.service.from_dataset_id,None,1,1,1,1,1
tf.data.experimental.service.register_dataset,None,1,1,1,1,1
tf.data.experimental.shuffle_and_repeat,None,1,1,1,1,1
tf.data.experimental.take_while,None,1,1,1,1,1
tf.data.experimental.to_variant,None,1,1,1,1,1
tf.data.experimental.unique,None,1,1,1,1,1
tf.edit_distance,None,1,1,1,1,1
tf.einsum,None,1,1,1,1,1
tf.experimental.numpy.arange,None,1,1,1,1,1
tf.experimental.numpy.argsort,None,1,1,1,1,1
tf.experimental.numpy.atleast_1d,None,1,1,1,1,1
tf.experimental.numpy.atleast_2d,None,1,1,1,1,1
tf.experimental.numpy.atleast_3d,None,1,1,1,1,1
tf.experimental.numpy.broadcast_arrays,None,1,1,1,1,1
tf.experimental.numpy.concatenate,None,1,1,1,1,1
tf.experimental.numpy.einsum,None,1,1,1,1,1
tf.experimental.numpy.full_like,None,1,1,1,1,0
tf.experimental.numpy.ix_,None,1,1,1,1,1
tf.experimental.numpy.meshgrid,None,1,1,1,1,1
tf.experimental.numpy.random.randn,None,1,1,1,1,1
tf.experimental.numpy.result_type,None,1,1,1,1,0
tf.experimental.numpy.sign,None,1,1,1,1,1
tf.experimental.numpy.sort,None,1,1,1,1,1
tf.experimental.register_filesystem_plugin,None,1,1,1,1,1
tf.experimental.tensorrt.Converter,None,1,1,1,1,1
tf.feature_column.categorical_column_with_vocabulary_list,None,1,1,1,1,1
tf.feature_column.crossed_column,None,1,1,1,1,1
tf.feature_column.embedding_column,None,1,1,1,1,1
tf.feature_column.indicator_column,None,1,1,1,1,1
tf.feature_column.make_parse_example_spec,None,1,1,1,1,1
tf.feature_column.numeric_column,None,1,1,1,1,1
tf.feature_column.sequence_categorical_column_with_vocabulary_list,None,1,1,1,1,1
tf.feature_column.shared_embeddings,None,1,1,1,1,1
tf.feature_column.weighted_categorical_column,None,1,1,1,1,1
tf.gradients,None,1,1,1,1,1
tf.group,None,1,1,1,1,1
tf.hessians,None,1,1,1,1,1
tf.identity_n,None,1,1,1,1,1
tf.image.combined_non_max_suppression,None,1,1,1,1,1
tf.image.generate_bounding_box_proposals,None,1,1,1,1,1
tf.image.ssim_multiscale,None,1,1,1,1,1
tf.io.decode_bmp,None,1,1,1,1,1
tf.io.decode_csv,None,1,1,1,1,1
tf.io.decode_gif,None,1,1,1,1,1
tf.io.decode_proto,None,1,1,1,1,1
tf.io.deserialize_many_sparse,None,1,1,1,1,1
tf.io.encode_proto,None,1,1,1,1,1
tf.io.extract_jpeg_shape,None,1,1,1,1,1
tf.io.match_filenames_once,None,1,1,1,1,1
tf.io.parse_tensor,None,1,1,1,1,1
tf.io.serialize_many_sparse,None,1,1,1,1,1
tf.io.serialize_sparse,None,1,1,1,1,1
tf.linalg.LinearOperatorAdjoint,None,1,1,1,1,1
tf.linalg.LinearOperatorBlockDiag,None,1,1,1,1,1
tf.linalg.LinearOperatorComposition,None,1,1,1,1,1
tf.linalg.LinearOperatorInversion,None,1,1,1,1,1
tf.linalg.LinearOperatorKronecker,None,1,1,1,1,1
tf.linalg.LinearOperatorLowRankUpdate,None,1,1,1,1,1
tf.linalg.banded_triangular_solve,None,1,1,1,1,1
tf.linalg.experimental.conjugate_gradient,None,1,1,1,1,1
tf.linalg.global_norm,None,1,1,1,1,1
tf.linalg.normalize,None,1,1,1,1,1
tf.linalg.tridiagonal_matmul,None,1,1,1,1,1
tf.linalg.tridiagonal_solve,None,1,1,1,1,1
tf.load_op_library,None,1,0,0,0,0
tf.lookup.StaticHashTable,None,1,1,1,1,1
tf.lookup.StaticVocabularyTable,None,1,1,1,1,1
tf.lookup.experimental.DenseHashTable,None,1,1,1,1,1
tf.make_ndarray,None,1,1,1,1,1
tf.math.accumulate_n,None,1,1,1,1,1
tf.math.add_n,None,1,1,1,1,1
tf.meshgrid,None,1,1,1,1,1
tf.nest.assert_same_structure,None,1,1,1,1,1
tf.nest.pack_sequence_as,None,1,1,1,1,1
tf.nn.RNNCellDeviceWrapper,None,1,1,1,1,1
tf.nn.RNNCellDropoutWrapper,None,1,1,1,1,1
tf.nn.conv1d_transpose,None,1,1,1,1,1
tf.nn.conv1d_transpose,None,1,1,1,1,1
tf.nn.conv2d_transpose,None,1,1,1,1,1
tf.nn.conv_transpose,None,1,1,1,1,1
tf.nn.conv_transpose,None,1,1,1,1,1
tf.nn.embedding_lookup,None,1,1,1,1,1
tf.nn.embedding_lookup_sparse,None,1,1,1,1,1
tf.nn.max_pool2d,None,1,1,1,1,1
tf.nn.max_pool2d,None,1,1,1,1,1
tf.nn.safe_embedding_lookup_sparse,None,1,1,1,1,1
tf.nn.sampled_softmax_loss,None,1,1,1,1,1
tf.nn.separable_conv2d_padding_list,None,1,1,1,1,1
tf.nn.weighted_moments,None,1,1,1,1,1
tf.nn.with_space_to_batch,None,1,1,1,1,1
tf.nondifferentiable_batch_function,None,1,1,1,1,1
tf.norm,None,1,1,1,1,1
tf.norm,None,1,1,1,1,1
tf.parallel_stack,None,1,1,1,1,1
tf.print,None,1,1,1,1,1
tf.quantization.dequantize,None,1,1,1,1,1
tf.quantization.quantized_concat,None,1,1,1,1,1
tf.queue.FIFOQueue,None,1,1,1,1,1
tf.queue.PaddingFIFOQueue,None,1,1,1,1,1
tf.queue.PriorityQueue,None,1,1,1,1,1
tf.queue.QueueBase,None,1,1,1,1,1
tf.queue.RandomShuffleQueue,None,1,1,1,1,1
tf.ragged.constant,None,1,1,1,1,1
tf.ragged.cross,None,1,1,1,1,1
tf.ragged.cross_hashed,None,1,1,1,1,1
tf.ragged.map_flat_values,None,1,1,1,1,1
tf.random.fixed_unigram_candidate_sampler,None,1,1,1,1,1
tf.random.set_global_generator,None,1,1,1,1,1
tf.random.stateless_binomial,None,1,1,1,1,1
tf.random.stateless_normal,None,0,0,0,0,0
tf.random.stateless_uniform,None,1,1,1,1,1
tf.random_normal_initializer,None,1,1,1,1,1
tf.random_uniform_initializer,None,1,1,1,1,1
tf.raw_ops.Abs,None,1,1,1,1,1
tf.raw_ops.AccumulateNV2,None,1,1,1,1,1
tf.raw_ops.AccumulatorApplyGradient,None,1,1,1,1,1
tf.raw_ops.AccumulatorNumAccumulated,None,1,1,1,1,1
tf.raw_ops.AccumulatorSetGlobalStep,None,1,1,1,1,1
tf.raw_ops.AccumulatorTakeGradient,None,1,1,1,1,1
tf.raw_ops.Acos,None,1,1,1,1,1
tf.raw_ops.Acosh,None,1,1,1,1,1
tf.raw_ops.Add,None,1,1,1,1,1
tf.raw_ops.AddManySparseToTensorsMap,None,1,1,1,1,1
tf.raw_ops.Abs,None,1,1,1,1,1
tf.raw_ops.AccumulateNV2,None,1,1,1,1,1
tf.raw_ops.AccumulatorApplyGradient,None,1,1,1,1,1
tf.raw_ops.AccumulatorNumAccumulated,None,1,1,1,1,1
tf.raw_ops.AccumulatorSetGlobalStep,None,1,1,1,1,1
tf.raw_ops.AccumulatorTakeGradient,None,1,1,1,1,1
tf.raw_ops.Acos,None,1,1,1,1,1
tf.raw_ops.Acosh,None,1,1,1,1,1
tf.raw_ops.Add,None,1,1,1,1,1
tf.raw_ops.AddManySparseToTensorsMap,None,1,1,1,1,1
tf.raw_ops.AddSparseToTensorsMap,None,1,1,1,1,1
tf.raw_ops.AddV2,None,1,1,1,1,1
tf.raw_ops.AdjustHue,None,1,1,1,1,1
tf.raw_ops.AdjustSaturation,None,1,1,1,1,1
tf.raw_ops.All,None,1,1,1,1,1
tf.raw_ops.AllCandidateSampler,None,1,1,1,1,1
tf.raw_ops.Abs,None,1,1,0,0,0
tf.raw_ops.AccumulateNV2,None,1,1,1,1,1
tf.raw_ops.AccumulatorApplyGradient,None,1,1,1,1,1
tf.raw_ops.AccumulatorNumAccumulated,None,1,1,1,1,1
tf.raw_ops.AccumulatorSetGlobalStep,None,1,1,1,1,1
tf.raw_ops.AccumulatorTakeGradient,None,1,1,1,1,1
tf.raw_ops.Acos,None,1,1,0,0,0
tf.raw_ops.Acosh,None,1,1,1,1,1
tf.raw_ops.Add,None,1,0,0,0,0
tf.raw_ops.AddManySparseToTensorsMap,None,1,1,0,0,0
tf.raw_ops.AddSparseToTensorsMap,None,1,1,0,0,0
tf.raw_ops.AddV2,None,1,0,0,0,0
tf.raw_ops.AdjustHue,None,1,0,0,0,0
tf.raw_ops.AdjustSaturation,None,1,0,0,0,0
tf.raw_ops.All,None,1,0,0,0,0
tf.raw_ops.AllCandidateSampler,None,1,1,1,1,0
tf.raw_ops.Angle,None,1,0,0,0,0
tf.raw_ops.Any,None,1,1,0,0,0
tf.raw_ops.ApplyAdadelta,None,1,1,1,1,1
tf.raw_ops.ApplyAdagrad,None,1,1,1,1,1
tf.raw_ops.ApplyAdagradDA,None,1,1,1,1,1
tf.raw_ops.ApplyAdam,None,1,1,1,1,1
tf.raw_ops.ApplyAddSign,None,1,1,1,1,1
tf.raw_ops.ApplyCenteredRMSProp,None,1,1,1,1,1
tf.raw_ops.ApplyFtrl,None,1,1,1,1,1
tf.raw_ops.ApplyFtrlV2,None,1,1,1,1,1
tf.raw_ops.ApplyGradientDescent,None,1,1,1,1,1
tf.raw_ops.ApplyMomentum,None,1,1,1,1,1
tf.raw_ops.ApplyPowerSign,None,1,1,1,1,1
tf.raw_ops.ApplyProximalAdagrad,None,1,1,1,1,1
tf.raw_ops.ApplyProximalGradientDescent,None,1,1,1,1,1
tf.raw_ops.ApplyRMSProp,None,1,1,1,1,1
tf.raw_ops.ApproxTopK,None,1,1,1,1,1
tf.raw_ops.ApproximateEqual,None,1,1,1,1,1
tf.raw_ops.ArgMax,None,1,0,0,0,0
tf.raw_ops.ArgMin,None,1,0,0,0,0
tf.raw_ops.Asin,None,1,0,0,0,0
tf.raw_ops.Asinh,None,1,0,0,0,0
tf.raw_ops.Assign,None,1,1,1,1,1
tf.raw_ops.AssignAdd,None,1,1,1,1,1
tf.raw_ops.AssignSub,None,1,1,1,1,1
tf.raw_ops.Atan,None,1,0,0,0,0
tf.raw_ops.Atan2,None,1,1,0,0,0
tf.raw_ops.Atanh,None,1,1,0,0,0
tf.raw_ops.AvgPool,None,1,1,0,0,0
tf.raw_ops.AvgPool3D,None,1,1,1,1,0
tf.raw_ops.AvgPool3DGrad,None,1,1,1,0,0
tf.raw_ops.Barrier,None,1,1,1,1,1
tf.raw_ops.BarrierClose,None,1,1,1,1,1
tf.raw_ops.BarrierIncompleteSize,None,1,1,1,1,1
tf.raw_ops.BarrierInsertMany,None,1,1,1,1,1
tf.raw_ops.BarrierReadySize,None,1,1,1,1,1
tf.raw_ops.BarrierTakeMany,None,1,1,1,1,1
tf.raw_ops.BatchMatMul,None,1,0,0,0,0
tf.raw_ops.BatchMatMulV2,None,1,1,0,0,0
tf.raw_ops.BatchMatMulV3,None,1,1,0,0,0
tf.raw_ops.BatchToSpace,None,1,0,0,0,0
tf.raw_ops.BatchToSpaceND,None,1,1,0,0,0
tf.raw_ops.Betainc,None,1,1,0,0,0
tf.raw_ops.BiasAdd,None,1,1,1,1,0
tf.raw_ops.BiasAddGrad,None,1,0,0,0,0
tf.raw_ops.Bincount,None,1,0,0,0,0
tf.raw_ops.Bitcast,None,1,1,0,0,0
tf.raw_ops.BroadcastTo,None,1,0,0,0,0
tf.raw_ops.Bucketize,None,1,1,1,1,1
tf.raw_ops.Cast,None,1,1,0,0,0
tf.raw_ops.Ceil,None,1,1,1,1,1
tf.raw_ops.CheckNumerics,None,1,1,1,1,1
tf.raw_ops.ClipByValue,None,1,1,1,0,0
tf.raw_ops.CombinedNonMaxSuppression,None,1,1,1,1,1
tf.raw_ops.Complex,None,1,0,0,0,0
tf.raw_ops.ComplexAbs,None,1,0,0,0,0
tf.raw_ops.ComputeAccidentalHits,None,1,1,0,0,0
tf.raw_ops.ConditionalAccumulator,None,1,1,1,1,1
tf.raw_ops.ConjugateTranspose,None,1,0,0,0,0
tf.raw_ops.Conv2D,None,1,0,0,0,0
tf.raw_ops.Conv2DBackpropFilter,None,1,1,1,1,1
tf.raw_ops.Conv2DBackpropInput,None,1,1,1,1,1
tf.raw_ops.Conv3D,None,1,1,1,1,0
tf.raw_ops.Conv3DBackpropFilterV2,None,1,1,1,1,1
tf.raw_ops.Conv3DBackpropInputV2,None,1,1,1,1,1
tf.raw_ops.Cos,None,1,1,1,0,0
tf.raw_ops.Cosh,None,1,0,0,0,0
tf.raw_ops.AccumulateNV2,None,1,1,1,1,1
tf.raw_ops.AccumulatorApplyGradient,None,1,1,1,1,1
tf.raw_ops.AccumulatorNumAccumulated,None,1,1,1,1,1
tf.broadcast_static_shape,None,1,1,1,1,1
tf.case,None,1,1,1,1,1
tf.clip_by_global_norm,None,1,1,1,1,1
tf.compat.dimension_at_index,None,1,1,1,1,1
tf.broadcast_static_shape,None,1,1,1,1,1
tf.case,None,1,1,1,1,1
tf.clip_by_global_norm,None,1,1,1,1,1
tf.compat.dimension_at_index,None,1,1,1,1,1
tf.broadcast_static_shape,None,1,1,1,1,1
tf.broadcast_static_shape,None,1,1,1,1,1
tf.case,None,1,1,1,1,1
tf.clip_by_global_norm,None,1,1,1,1,1
tf.compat.dimension_at_index,None,1,1,1,1,1
tf.concat,None,1,1,1,1,1
tf.data.experimental.assert_cardinality,None,1,1,1,1,1
tf.data.experimental.bucket_by_sequence_length,None,1,1,1,1,1
tf.data.experimental.cardinality,None,1,1,1,1,1
tf.data.experimental.choose_from_datasets,None,1,1,1,1,1
tf.data.experimental.copy_to_device,None,1,1,1,1,1
tf.data.experimental.enumerate_dataset,None,1,1,1,1,1
tf.data.experimental.from_variant,None,1,1,1,1,1
tf.data.experimental.get_single_element,None,1,1,1,1,1
tf.data.experimental.get_structure,None,1,1,1,1,1
tf.data.experimental.group_by_reducer,None,1,1,1,1,1
tf.data.experimental.group_by_window,None,1,1,1,1,1
tf.data.experimental.ignore_errors,None,1,1,1,1,1
tf.data.experimental.load,None,1,1,1,1,1
tf.data.experimental.make_csv_dataset,None,1,1,1,1,1
tf.data.experimental.make_saveable_from_iterator,None,1,1,1,1,1
tf.data.experimental.map_and_batch,None,1,1,1,1,1
tf.data.experimental.prefetch_to_device,None,1,1,1,1,1
tf.data.experimental.sample_from_datasets,None,1,1,1,1,1
tf.data.experimental.save,None,1,1,1,1,1
tf.data.experimental.scan,None,1,1,1,1,1
tf.data.experimental.service.WorkerServer,None,1,1,1,1,1
tf.data.experimental.service.distribute,None,1,1,1,1,1
tf.data.experimental.service.from_dataset_id,None,1,1,1,1,1
tf.data.experimental.service.register_dataset,None,1,1,1,1,1
tf.data.experimental.shuffle_and_repeat,None,1,1,1,1,1
tf.data.experimental.take_while,None,1,1,1,1,1
tf.data.experimental.to_variant,None,1,1,1,1,1
tf.data.experimental.unique,None,1,1,1,1,1
tf.edit_distance,None,1,1,1,1,1
tf.einsum,None,1,1,1,1,1
tf.experimental.numpy.arange,None,1,1,1,1,1
tf.experimental.numpy.argsort,None,1,1,1,1,1
tf.experimental.numpy.atleast_1d,None,1,1,1,1,1
tf.experimental.numpy.atleast_2d,None,1,1,1,1,1
tf.experimental.numpy.atleast_3d,None,1,1,1,1,1
tf.experimental.numpy.broadcast_arrays,None,1,1,1,1,1
tf.experimental.numpy.concatenate,None,1,1,1,1,1
tf.experimental.numpy.einsum,None,1,1,1,1,1
tf.experimental.numpy.ix_,None,1,1,1,1,1
tf.experimental.numpy.meshgrid,None,1,1,1,1,1
tf.experimental.numpy.random.randn,None,1,1,1,1,1
tf.experimental.numpy.sign,None,1,1,1,1,1
tf.experimental.numpy.sort,None,1,1,1,1,1
tf.experimental.register_filesystem_plugin,None,1,1,1,1,1
tf.experimental.tensorrt.Converter,None,1,1,1,1,1
tf.feature_column.categorical_column_with_vocabulary_list,None,1,1,1,1,1
tf.feature_column.crossed_column,None,1,1,1,1,1
tf.feature_column.embedding_column,None,1,1,1,1,1
tf.feature_column.indicator_column,None,1,1,1,1,1
tf.feature_column.make_parse_example_spec,None,1,1,1,1,1
tf.feature_column.numeric_column,None,1,1,1,1,1
tf.feature_column.sequence_categorical_column_with_vocabulary_list,None,1,1,1,1,1
tf.feature_column.shared_embeddings,None,1,1,1,1,1
tf.feature_column.weighted_categorical_column,None,1,1,1,1,1
tf.gradients,None,1,1,1,1,1
tf.group,None,1,1,1,1,1
tf.hessians,None,1,1,1,1,1
tf.identity_n,None,1,1,1,1,1
tf.image.combined_non_max_suppression,None,1,1,1,1,1
tf.image.generate_bounding_box_proposals,None,1,1,1,1,1
tf.image.ssim_multiscale,None,1,1,1,1,1
tf.io.decode_bmp,None,1,1,1,1,1
tf.io.decode_csv,None,1,1,1,1,1
tf.io.decode_gif,None,1,1,1,1,1
tf.io.decode_proto,None,1,1,1,1,1
tf.io.deserialize_many_sparse,None,1,1,1,1,1
tf.io.encode_proto,None,1,1,1,1,1
tf.io.extract_jpeg_shape,None,1,1,1,1,1
tf.io.match_filenames_once,None,1,1,1,1,1
tf.io.parse_tensor,None,1,1,1,1,1
tf.io.serialize_many_sparse,None,1,1,1,1,1
tf.io.serialize_sparse,None,1,1,1,1,1
tf.linalg.LinearOperatorAdjoint,None,1,1,1,1,1
tf.linalg.LinearOperatorBlockDiag,None,1,1,1,1,1
tf.linalg.LinearOperatorComposition,None,1,1,1,1,1
tf.linalg.LinearOperatorInversion,None,1,1,1,1,1
tf.linalg.LinearOperatorKronecker,None,1,1,1,1,1
tf.linalg.LinearOperatorLowRankUpdate,None,1,1,1,1,1
tf.linalg.banded_triangular_solve,None,1,1,1,1,1
tf.linalg.experimental.conjugate_gradient,None,1,1,1,1,1
tf.linalg.global_norm,None,1,1,1,1,1
tf.linalg.normalize,None,1,1,1,1,1
tf.linalg.tridiagonal_matmul,None,1,1,1,1,1
tf.linalg.tridiagonal_solve,None,1,1,1,1,1
tf.lookup.StaticHashTable,None,1,1,1,1,1
tf.lookup.StaticVocabularyTable,None,1,1,1,1,1
tf.lookup.experimental.DenseHashTable,None,1,1,1,1,1
tf.make_ndarray,None,1,1,1,1,1
tf.math.accumulate_n,None,1,1,1,1,1
tf.math.add_n,None,1,1,1,1,1
tf.meshgrid,None,1,1,1,1,1
tf.nest.assert_same_structure,None,1,1,1,1,1
tf.nest.pack_sequence_as,None,1,1,1,1,1
tf.nn.RNNCellDeviceWrapper,None,1,1,1,1,1
tf.nn.RNNCellDropoutWrapper,None,1,1,1,1,1
tf.nn.conv1d_transpose,None,1,1,1,1,1
tf.nn.conv1d_transpose,None,1,1,1,1,1
tf.nn.conv2d_transpose,None,1,1,1,1,1
tf.nn.conv_transpose,None,1,1,1,1,1
tf.nn.conv_transpose,None,1,1,1,1,1
tf.nn.embedding_lookup,None,1,1,1,1,1
tf.nn.embedding_lookup_sparse,None,1,1,1,1,1
tf.nn.max_pool2d,None,1,1,1,1,1
tf.nn.max_pool2d,None,1,1,1,1,1
tf.nn.safe_embedding_lookup_sparse,None,1,1,1,1,1
tf.nn.sampled_softmax_loss,None,1,1,1,1,1
tf.nn.separable_conv2d_padding_list,None,1,1,1,1,1
tf.nn.weighted_moments,None,1,1,1,1,1
tf.nn.with_space_to_batch,None,1,1,1,1,1
tf.nondifferentiable_batch_function,None,1,1,1,1,1
tf.norm,None,1,1,1,1,1
tf.norm,None,1,1,1,1,1
tf.parallel_stack,None,1,1,1,1,1
tf.print,None,1,1,1,1,1
tf.quantization.dequantize,None,1,1,1,1,1
tf.quantization.quantized_concat,None,1,1,1,1,1
tf.queue.FIFOQueue,None,1,1,1,1,1
tf.queue.PaddingFIFOQueue,None,1,1,1,1,1
tf.queue.PriorityQueue,None,1,1,1,1,1
tf.queue.QueueBase,None,1,1,1,1,1
tf.queue.RandomShuffleQueue,None,1,1,1,1,1
tf.ragged.constant,None,1,1,1,1,1
tf.ragged.cross,None,1,1,1,1,1
tf.ragged.cross_hashed,None,1,1,1,1,1
tf.ragged.map_flat_values,None,1,1,1,1,1
tf.random.fixed_unigram_candidate_sampler,None,1,1,1,1,0
tf.random.set_global_generator,None,1,1,1,1,1
tf.random.stateless_binomial,None,1,1,1,1,1
tf.random.stateless_uniform,None,1,1,1,1,1
tf.random_normal_initializer,None,1,1,1,1,1
tf.random_uniform_initializer,None,1,1,1,1,1
tf.raw_ops.AccumulateNV2,None,1,1,1,1,1
tf.raw_ops.AccumulatorApplyGradient,None,1,1,1,1,1
tf.raw_ops.AccumulatorNumAccumulated,None,1,1,1,1,1
tf.raw_ops.AccumulatorSetGlobalStep,None,1,1,1,1,1
tf.raw_ops.AccumulatorTakeGradient,None,1,1,1,1,1
tf.raw_ops.Acosh,None,1,1,1,1,1
tf.raw_ops.ApplyAdadelta,None,1,1,1,1,1
tf.raw_ops.ApplyAdagrad,None,1,1,1,1,1
tf.raw_ops.ApplyAdagradDA,None,1,1,1,1,1
tf.raw_ops.ApplyAdam,None,1,1,1,1,1
tf.raw_ops.ApplyAddSign,None,1,1,1,1,1
tf.raw_ops.ApplyCenteredRMSProp,None,1,1,1,1,1
tf.raw_ops.ApplyFtrl,None,1,1,1,1,1
tf.raw_ops.ApplyFtrlV2,None,1,1,1,1,1
tf.raw_ops.ApplyGradientDescent,None,1,1,1,1,1
tf.raw_ops.ApplyMomentum,None,1,1,1,1,1
tf.raw_ops.ApplyPowerSign,None,1,1,1,1,1
tf.raw_ops.ApplyProximalAdagrad,None,1,1,1,1,1
tf.raw_ops.ApplyProximalGradientDescent,None,1,1,1,1,1
tf.raw_ops.ApplyRMSProp,None,1,1,1,1,1
tf.raw_ops.ApproxTopK,None,1,1,1,0,0
tf.raw_ops.ApproximateEqual,None,1,1,1,1,0
tf.raw_ops.Assign,None,1,1,1,1,1
tf.raw_ops.AssignAdd,None,1,1,1,1,1
tf.raw_ops.AssignSub,None,1,1,1,1,1
tf.raw_ops.Barrier,None,1,1,1,1,1
tf.raw_ops.BarrierClose,None,1,1,1,1,1
tf.raw_ops.BarrierIncompleteSize,None,1,1,1,1,1
tf.raw_ops.BarrierInsertMany,None,1,1,1,1,1
tf.raw_ops.BarrierReadySize,None,1,1,1,1,1
tf.raw_ops.BarrierTakeMany,None,1,1,1,1,1
tf.raw_ops.CombinedNonMaxSuppression,None,1,1,1,1,1
tf.raw_ops.ConditionalAccumulator,None,1,1,1,1,1
tf.raw_ops.Conv2DBackpropFilter,None,1,1,1,1,1
tf.raw_ops.Conv2DBackpropInput,None,1,1,1,1,1
tf.raw_ops.Conv3DBackpropFilterV2,None,1,1,1,1,1
tf.raw_ops.Conv3DBackpropInputV2,None,1,1,1,1,0
tf.raw_ops.CountUpTo,None,1,1,1,1,1
tf.raw_ops.CropAndResize,None,0,0,0,0,0
tf.raw_ops.CropAndResizeGradBoxes,None,1,0,0,0,0
tf.raw_ops.CropAndResizeGradImage,None,1,0,0,0,0
tf.raw_ops.Cross,None,1,0,0,0,0
tf.raw_ops.Cumprod,None,1,0,0,0,0
tf.raw_ops.Cumsum,None,1,0,0,0,0
tf.raw_ops.DataFormatDimMap,None,1,0,0,0,0
tf.raw_ops.DataFormatVecPermute,None,1,1,0,0,0
tf.raw_ops.DebugGradientIdentity,None,1,0,0,0,0
tf.raw_ops.DebugGradientRefIdentity,None,1,1,1,1,1
tf.raw_ops.DecodeAndCropJpeg,None,1,1,1,1,1
tf.raw_ops.DecodeBase64,None,1,1,1,1,1
tf.raw_ops.DecodeBmp,None,1,1,1,1,1
tf.raw_ops.DecodeCompressed,None,1,0,0,0,0
tf.raw_ops.DecodeGif,None,1,1,1,1,1
tf.raw_ops.DecodeImage,None,1,1,1,1,1
tf.raw_ops.DecodeJSONExample,None,1,1,1,1,1
tf.raw_ops.DecodeJpeg,None,1,1,1,1,1
tf.raw_ops.DecodePaddedRaw,None,1,0,0,0,0
tf.raw_ops.DecodePng,None,1,1,1,1,1
tf.raw_ops.DecodeRaw,None,1,1,1,1,1
tf.raw_ops.DeepCopy,None,1,1,0,0,0
tf.raw_ops.DeleteSessionTensor,None,1,1,1,1,1
tf.raw_ops.DenseBincount,None,1,0,0,0,0
tf.raw_ops.DepthToSpace,None,1,1,1,1,1
tf.raw_ops.DepthwiseConv2dNative,None,1,1,0,0,0
tf.raw_ops.DepthwiseConv2dNativeBackpropFilter,None,1,1,1,1,1
tf.raw_ops.DepthwiseConv2dNativeBackpropInput,None,1,1,1,1,1
tf.raw_ops.Dequantize,None,1,1,1,1,1
tf.raw_ops.DeserializeManySparse,None,1,1,1,1,1
tf.raw_ops.DestroyTemporaryVariable,None,1,1,1,1,1
tf.raw_ops.Diag,None,1,1,1,0,0
tf.raw_ops.DiagPart,None,1,1,1,0,0
tf.raw_ops.Digamma,None,1,1,1,0,0
tf.raw_ops.Dilation2D,None,1,1,1,1,1
tf.raw_ops.Dilation2DBackpropFilter,None,1,1,1,1,1
tf.raw_ops.Dilation2DBackpropInput,None,1,1,1,1,1
tf.raw_ops.Div,None,1,1,0,0,0
tf.raw_ops.DivNoNan,None,1,1,0,0,0
tf.raw_ops.DrawBoundingBoxes,None,1,0,0,0,0
tf.raw_ops.DrawBoundingBoxesV2,None,1,0,0,0,0
tf.raw_ops.DynamicPartition,None,1,1,0,0,0
tf.raw_ops.DynamicStitch,None,1,1,1,1,1
tf.raw_ops.EditDistance,None,1,0,0,0,0
tf.raw_ops.Elu,None,1,0,0,0,0
tf.raw_ops.Empty,None,1,0,0,0,0
tf.raw_ops.EncodeBase64,None,1,1,1,0,0
tf.raw_ops.EncodeJpeg,None,1,0,0,0,0
tf.raw_ops.EncodeJpegVariableQuality,None,1,0,0,0,0
tf.raw_ops.EncodePng,None,1,1,1,1,1
tf.raw_ops.EnsureShape,None,1,0,0,0,0
tf.raw_ops.Equal,None,1,0,0,0,0
tf.raw_ops.Erf,None,1,0,0,0,0
tf.raw_ops.Erfc,None,1,1,0,0,0
tf.raw_ops.Erfinv,None,1,1,1,0,0
tf.raw_ops.EuclideanNorm,None,1,0,0,0,0
tf.raw_ops.Exp,None,1,0,0,0,0
tf.raw_ops.ExpandDims,None,1,0,0,0,0
tf.raw_ops.Expm1,None,1,0,0,0,0
tf.raw_ops.ExtractGlimpse,None,1,0,0,0,0
tf.raw_ops.ExtractImagePatches,None,0,0,0,0,0
tf.raw_ops.ExtractJpegShape,None,1,1,1,1,1
tf.raw_ops.ExtractVolumePatches,None,1,1,1,0,0
tf.raw_ops.FIFOQueue,None,1,1,1,1,1
tf.raw_ops.FakeQuantWithMinMaxArgs,None,1,0,0,0,0
tf.raw_ops.FakeQuantWithMinMaxArgsGradient,None,1,0,0,0,0
tf.raw_ops.FakeQuantWithMinMaxVars,None,1,1,0,0,0
tf.raw_ops.FakeQuantWithMinMaxVarsGradient,None,1,0,0,0,0
tf.raw_ops.FakeQuantWithMinMaxVarsPerChannel,None,1,1,0,0,0
tf.raw_ops.FakeQuantWithMinMaxVarsPerChannelGradient,None,0,0,0,0,0
tf.raw_ops.Fill,None,1,0,0,0,0
tf.raw_ops.Fingerprint,None,1,1,1,1,1
tf.raw_ops.FixedUnigramCandidateSampler,None,1,1,1,1,1
tf.raw_ops.Floor,None,1,1,1,0,0
tf.raw_ops.FloorDiv,None,1,1,1,1,0
tf.raw_ops.FloorMod,None,1,1,1,1,1
tf.raw_ops.FractionalAvgPool,None,1,1,0,0,0
tf.raw_ops.FractionalMaxPool,None,1,1,1,0,0
tf.raw_ops.FusedBatchNorm,None,1,0,0,0,0
tf.raw_ops.FusedBatchNormGrad,None,1,0,0,0,0
tf.raw_ops.FusedBatchNormGradV2,None,1,0,0,0,0
tf.raw_ops.FusedBatchNormGradV3,None,1,1,1,0,0
tf.raw_ops.FusedBatchNormV2,None,1,1,1,0,0
tf.raw_ops.FusedBatchNormV3,None,1,1,1,1,0
tf.raw_ops.FusedPadConv2D,None,1,1,1,1,1
tf.raw_ops.FusedResizeAndPadConv2D,None,0,0,0,0,0
tf.raw_ops.Gather,None,0,0,0,0,0
tf.raw_ops.GatherNd,None,1,1,1,0,0
tf.raw_ops.GatherV2,None,1,1,0,0,0
tf.raw_ops.GetSessionHandle,None,1,1,1,1,1
tf.raw_ops.GetSessionHandleV2,None,1,1,1,1,1
tf.raw_ops.GetSessionTensor,None,1,1,1,1,1
tf.raw_ops.Greater,None,1,1,1,0,0
tf.raw_ops.GreaterEqual,None,1,1,1,0,0
tf.raw_ops.GuaranteeConst,None,1,1,1,1,1
tf.raw_ops.HSVToRGB,None,1,1,0,0,0
tf.raw_ops.HistogramFixedWidth,None,1,0,0,0,0
tf.raw_ops.HistogramSummary,None,1,1,1,1,1
tf.raw_ops.Identity,None,1,1,1,0,0
tf.raw_ops.Igamma,None,1,1,1,1,0
tf.raw_ops.Igammac,None,1,1,1,1,1
tf.raw_ops.Imag,None,1,0,0,0,0
tf.raw_ops.ImmutableConst,None,1,1,1,1,1
tf.raw_ops.InTopK,None,1,0,0,0,0
tf.raw_ops.InTopKV2,None,1,0,0,0,0
tf.raw_ops.InplaceAdd,None,1,0,0,0,0
tf.raw_ops.InplaceSub,None,1,0,0,0,0
tf.raw_ops.InplaceUpdate,None,1,1,1,1,1
tf.raw_ops.Inv,None,1,1,1,0,0
tf.raw_ops.InvertPermutation,None,1,0,0,0,0
tf.raw_ops.IsFinite,None,1,0,0,0,0
tf.raw_ops.IsInf,None,1,1,0,0,0
tf.raw_ops.IsNan,None,1,1,0,0,0
tf.raw_ops.IsVariableInitialized,None,1,1,1,1,1
tf.raw_ops.L2Loss,None,1,1,0,0,0
tf.raw_ops.LMDBReader,None,1,1,1,1,1
tf.raw_ops.LRN,None,1,0,0,0,0
tf.raw_ops.LearnedUnigramCandidateSampler,None,1,1,1,1,0
tf.raw_ops.Less,None,1,0,0,0,0
tf.raw_ops.LessEqual,None,1,1,1,0,0
tf.raw_ops.Lgamma,None,1,1,0,0,0
tf.raw_ops.Log,None,1,1,1,1,0
tf.raw_ops.Log1p,None,1,1,1,1,1
tf.raw_ops.LogSoftmax,None,1,1,0,0,0
tf.raw_ops.LogUniformCandidateSampler,None,1,1,0,0,0
tf.raw_ops.LogicalAnd,None,1,1,0,0,0
tf.raw_ops.LogicalNot,None,1,0,0,0,0
tf.raw_ops.LogicalOr,None,1,0,0,0,0
tf.raw_ops.LoopCond,None,1,0,0,0,0
tf.raw_ops.MapClear,None,1,1,1,0,0
tf.raw_ops.MapIncompleteSize,None,1,1,0,0,0
tf.raw_ops.MapPeek,None,1,1,1,1,1
tf.raw_ops.MapSize,None,1,1,1,0,0
tf.raw_ops.MapUnstage,None,1,1,1,1,1
tf.raw_ops.MapUnstageNoKey,None,1,1,1,1,1
tf.raw_ops.MatMul,None,1,0,0,0,0
tf.raw_ops.MatchingFiles,None,1,1,0,0,0
tf.raw_ops.MatrixBandPart,None,1,0,0,0,0
tf.raw_ops.MatrixDiag,None,1,0,0,0,0
tf.raw_ops.MatrixDiagPart,None,1,0,0,0,0
tf.raw_ops.MatrixDiagPartV2,None,1,0,0,0,0
tf.raw_ops.MatrixDiagPartV3,None,1,0,0,0,0
tf.raw_ops.MatrixDiagV2,None,1,1,1,1,1
tf.raw_ops.MatrixDiagV3,None,1,1,1,1,1
tf.raw_ops.MatrixSetDiag,None,1,0,0,0,0
tf.raw_ops.MatrixSetDiagV2,None,1,1,1,1,1
tf.raw_ops.MatrixSetDiagV3,None,1,0,0,0,0
tf.raw_ops.Max,None,1,0,0,0,0
tf.raw_ops.MaxPool,None,1,1,0,0,0
tf.raw_ops.MaxPool3D,None,1,1,0,0,0
tf.raw_ops.MaxPool3DGrad,None,1,1,1,1,1
tf.raw_ops.MaxPool3DGradGrad,None,1,1,1,1,1
tf.raw_ops.MaxPoolGradGrad,None,1,1,1,1,1
tf.raw_ops.MaxPoolGradGradV2,None,1,1,1,1,1
tf.raw_ops.MaxPoolGradGradWithArgmax,None,1,1,1,1,1
tf.raw_ops.MaxPoolGradV2,None,1,1,1,1,1
tf.raw_ops.MaxPoolV2,None,1,1,1,1,1
tf.raw_ops.MaxPoolWithArgmax,None,1,0,0,0,0
tf.raw_ops.Maximum,None,1,1,1,1,1
tf.raw_ops.Mean,None,1,1,1,0,0
tf.raw_ops.Merge,None,1,1,1,1,1
tf.raw_ops.MergeSummary,None,1,1,1,1,1
tf.raw_ops.MergeV2Checkpoints,None,1,1,1,1,1
tf.raw_ops.Min,None,1,0,0,0,0
tf.raw_ops.Minimum,None,1,0,0,0,0
tf.raw_ops.MirrorPad,None,1,1,1,1,1
tf.raw_ops.Mod,None,1,1,1,1,1
tf.raw_ops.MulNoNan,None,1,1,0,0,0
tf.raw_ops.Multinomial,None,1,1,0,0,0
tf.raw_ops.Ndtri,None,1,1,1,1,1
tf.raw_ops.NextAfter,None,1,0,0,0,0
tf.raw_ops.NextIteration,None,1,1,1,0,0
tf.raw_ops.NonMaxSuppression,None,1,0,0,0,0
tf.raw_ops.NonMaxSuppressionV2,None,0,0,0,0,0
tf.raw_ops.NonMaxSuppressionV3,None,1,0,0,0,0
tf.raw_ops.NonMaxSuppressionV4,None,1,0,0,0,0
tf.raw_ops.NonMaxSuppressionV5,None,1,0,0,0,0
tf.raw_ops.NonMaxSuppressionWithOverlaps,None,1,1,0,0,0
tf.raw_ops.NotEqual,None,1,0,0,0,0
tf.raw_ops.NthElement,None,1,1,0,0,0
tf.raw_ops.OneHot,None,1,0,0,0,0
tf.raw_ops.OnesLike,None,1,1,1,1,1
tf.raw_ops.OrderedMapClear,None,1,1,1,1,1
tf.raw_ops.OrderedMapIncompleteSize,None,1,1,1,0,0
tf.raw_ops.OrderedMapPeek,None,1,1,1,1,1
tf.raw_ops.OrderedMapSize,None,1,0,0,0,0
tf.raw_ops.OrderedMapUnstage,None,1,1,1,1,1
tf.raw_ops.OrderedMapUnstageNoKey,None,1,1,1,1,1
tf.raw_ops.Pad,None,1,1,1,1,1
tf.raw_ops.PadV2,None,1,1,1,1,1
tf.raw_ops.PaddingFIFOQueue,None,1,1,1,1,1
tf.raw_ops.ParallelConcat,None,1,1,1,1,1
tf.raw_ops.ParallelDynamicStitch,None,1,1,1,1,1
tf.raw_ops.ParameterizedTruncatedNormal,None,1,1,1,0,0
tf.raw_ops.ParseTensor,None,1,1,1,1,1
tf.raw_ops.Placeholder,None,1,1,1,1,1
tf.raw_ops.PlaceholderWithDefault,None,1,0,0,0,0
tf.raw_ops.Polygamma,None,1,0,0,0,0
tf.raw_ops.Pow,None,1,1,0,0,0
tf.raw_ops.PreventGradient,None,1,1,0,0,0
tf.raw_ops.PrintV2,None,1,1,1,1,1
tf.raw_ops.PriorityQueue,None,1,1,1,1,1
tf.raw_ops.Prod,None,1,0,0,0,0
tf.raw_ops.QuantizeAndDequantizeV2,None,1,1,1,1,0
tf.raw_ops.QuantizeAndDequantizeV3,None,1,1,1,0,0
tf.raw_ops.QuantizeAndDequantizeV4,None,1,1,1,1,1
tf.raw_ops.QuantizeAndDequantizeV4Grad,None,1,1,1,0,0
tf.raw_ops.QuantizeDownAndShrinkRange,None,1,1,1,1,1
tf.raw_ops.QuantizeV2,None,1,1,1,1,1
tf.raw_ops.QuantizedAdd,None,1,1,1,1,1
tf.raw_ops.QuantizedAvgPool,None,1,1,1,1,1
tf.raw_ops.QuantizedBatchNormWithGlobalNormalization,None,1,1,1,1,1
tf.raw_ops.QuantizedBiasAdd,None,1,1,1,1,1
tf.raw_ops.QuantizedConcat,None,1,1,1,1,1
tf.raw_ops.QuantizedConv2D,None,1,1,1,1,1
tf.raw_ops.QuantizedInstanceNorm,None,1,1,1,1,1
tf.raw_ops.QuantizedMatMul,None,1,1,1,1,1
tf.raw_ops.QuantizedMaxPool,None,1,1,1,1,1
tf.raw_ops.QuantizedMul,None,1,1,1,1,1
tf.raw_ops.QuantizedRelu,None,1,1,1,1,1
tf.raw_ops.QuantizedRelu6,None,1,1,1,1,1
tf.raw_ops.QuantizedReluX,None,1,1,1,1,1
tf.raw_ops.QuantizedResizeBilinear,None,1,1,1,1,1
tf.raw_ops.QueueClose,None,1,1,1,1,1
tf.raw_ops.QueueDequeue,None,1,1,1,1,1
tf.raw_ops.QueueDequeueMany,None,1,1,1,1,1
tf.raw_ops.QueueDequeueUpTo,None,1,1,1,1,1
tf.raw_ops.QueueIsClosed,None,1,1,1,1,1
tf.raw_ops.QueueSize,None,1,1,1,1,1
tf.raw_ops.RGBToHSV,None,1,1,0,0,0
tf.raw_ops.RaggedBincount,None,0,0,0,0,0
tf.raw_ops.RandomGamma,None,1,1,0,0,0
tf.raw_ops.RandomPoissonV2,None,1,1,0,0,0
tf.raw_ops.RandomShuffle,None,1,1,1,0,0
tf.raw_ops.RandomShuffleQueue,None,1,1,1,1,1
tf.raw_ops.RandomUniform,None,1,1,0,0,0
tf.raw_ops.RandomUniformInt,None,1,1,0,0,0
tf.raw_ops.Range,None,1,1,1,1,1
tf.raw_ops.ReadFile,None,1,1,1,1,1
tf.raw_ops.ReaderRead,None,1,1,1,1,1
tf.raw_ops.ReaderReadUpTo,None,1,1,1,1,1
tf.raw_ops.ReaderReset,None,1,1,1,1,1
tf.raw_ops.ReaderRestoreState,None,1,1,1,1,1
tf.raw_ops.ReaderSerializeState,None,1,1,0,0,0
tf.raw_ops.Real,None,1,1,1,1,1
tf.raw_ops.RealDiv,None,1,1,0,0,0
tf.raw_ops.Reciprocal,None,1,1,1,0,0
tf.raw_ops.RecordInput,None,1,1,1,1,1
tf.raw_ops.ReduceJoin,None,1,1,1,1,1
tf.raw_ops.RefNextIteration,None,1,1,1,1,1
tf.raw_ops.RefSelect,None,1,1,1,1,1
tf.raw_ops.RefSwitch,None,1,1,1,1,1
tf.raw_ops.RegexFullMatch,None,1,1,1,1,1
tf.raw_ops.RegexReplace,None,1,1,1,1,0
tf.raw_ops.Relu,None,1,0,0,0,0
tf.raw_ops.Relu6,None,1,1,0,0,0
tf.raw_ops.RequantizationRange,None,1,1,1,1,1
tf.raw_ops.Requantize,None,1,1,1,1,1
tf.raw_ops.ResizeArea,None,1,0,0,0,0
tf.raw_ops.ResizeBicubic,None,1,1,1,0,0
tf.raw_ops.ResizeBilinear,None,1,0,0,0,0
tf.raw_ops.ResizeNearestNeighbor,None,1,1,1,0,0
tf.raw_ops.Restore,None,1,1,1,1,1
tf.raw_ops.RestoreSlice,None,1,1,1,1,1
tf.raw_ops.RestoreV2,None,1,1,1,1,1
tf.raw_ops.Rint,None,1,0,0,0,0
tf.raw_ops.Round,None,1,1,1,1,1
tf.raw_ops.Rsqrt,None,1,0,0,0,0
tf.raw_ops.SampleDistortedBoundingBox,None,1,1,1,0,0
tf.raw_ops.SampleDistortedBoundingBoxV2,None,1,0,0,0,0
tf.raw_ops.ScalarSummary,None,1,1,1,1,1
tf.raw_ops.ScaleAndTranslate,None,1,1,1,1,0
tf.raw_ops.ScatterAdd,None,1,1,1,1,1
tf.raw_ops.ScatterDiv,None,1,1,1,1,1
tf.raw_ops.ScatterMax,None,1,1,1,1,1
tf.raw_ops.ScatterMin,None,1,1,1,1,1
tf.raw_ops.ScatterMul,None,1,1,1,1,1
tf.raw_ops.ScatterNdAdd,None,1,1,1,1,1
tf.raw_ops.ScatterNdSub,None,1,1,1,1,1
tf.raw_ops.ScatterNdUpdate,None,1,1,1,1,1
tf.raw_ops.ScatterSub,None,1,1,1,1,1
tf.raw_ops.ScatterUpdate,None,1,1,1,1,1
tf.raw_ops.SegmentMax,None,1,1,1,0,0
tf.raw_ops.SegmentMean,None,1,0,0,0,0
tf.raw_ops.SegmentMin,None,1,0,0,0,0
tf.raw_ops.SegmentProd,None,0,0,0,0,0
tf.raw_ops.SegmentSum,None,1,0,0,0,0
tf.raw_ops.SelectV2,None,1,1,0,0,0
tf.raw_ops.Selu,None,1,1,1,0,0
tf.raw_ops.SerializeTensor,None,1,1,1,1,1
tf.raw_ops.ShardedFilename,None,1,1,1,1,1
tf.raw_ops.ShardedFilespec,None,0,0,0,0,0
tf.raw_ops.Sigmoid,None,1,1,0,0,0
tf.raw_ops.Sign,None,1,1,0,0,0
tf.raw_ops.Sin,None,1,1,1,0,0
tf.raw_ops.Sinh,None,1,0,0,0,0
tf.raw_ops.SoftmaxCrossEntropyWithLogits,None,1,1,0,0,0
tf.raw_ops.Softplus,None,1,1,0,0,0
tf.raw_ops.Softsign,None,1,1,0,0,0
tf.raw_ops.SparseAccumulatorApplyGradient,None,1,1,1,1,1
tf.raw_ops.SparseAccumulatorTakeGradient,None,1,1,1,1,1
tf.raw_ops.SparseAdd,None,1,1,1,1,1
tf.raw_ops.SparseAddGrad,None,1,1,0,0,0
tf.raw_ops.SparseApplyAdadelta,None,1,1,1,1,1
tf.raw_ops.SparseApplyAdagrad,None,1,1,1,1,1
tf.raw_ops.SparseApplyAdagradDA,None,1,1,1,1,1
tf.raw_ops.SparseApplyCenteredRMSProp,None,1,1,1,1,1
tf.raw_ops.SparseApplyFtrl,None,1,1,1,1,1
tf.raw_ops.SparseApplyFtrlV2,None,1,1,1,1,1
tf.raw_ops.SparseApplyMomentum,None,1,1,1,1,1
tf.raw_ops.SparseApplyProximalAdagrad,None,1,1,1,1,1
tf.raw_ops.SparseApplyProximalGradientDescent,None,1,1,1,1,1
tf.raw_ops.SparseApplyRMSProp,None,1,1,1,1,1
tf.raw_ops.SparseBincount,None,1,0,0,0,0
tf.raw_ops.SparseConcat,None,1,1,1,1,1
tf.raw_ops.SparseConditionalAccumulator,None,1,1,1,1,1
tf.raw_ops.SparseDenseCwiseAdd,None,1,1,0,0,0
tf.raw_ops.SparseDenseCwiseDiv,None,1,1,1,1,0
tf.raw_ops.SparseDenseCwiseMul,None,1,1,1,1,1
tf.raw_ops.SparseFillEmptyRows,None,1,1,1,1,1
tf.raw_ops.SparseFillEmptyRowsGrad,None,0,0,0,0,0
tf.raw_ops.SparseMatMul,None,1,1,0,0,0
tf.raw_ops.SparseReduceMax,None,1,1,1,1,0
tf.raw_ops.SparseReduceMaxSparse,None,1,1,0,0,0
tf.raw_ops.SparseReduceSum,None,1,0,0,0,0
tf.raw_ops.SparseReduceSumSparse,None,1,1,0,0,0
tf.raw_ops.SparseReorder,None,1,0,0,0,0
tf.raw_ops.SparseReshape,None,1,1,0,0,0
tf.raw_ops.SparseSegmentMean,None,1,1,0,0,0
tf.raw_ops.SparseSegmentMeanGrad,None,1,1,0,0,0
tf.raw_ops.SparseSegmentMeanWithNumSegments,None,1,0,0,0,0
tf.raw_ops.SparseSegmentSqrtN,None,1,1,0,0,0
tf.raw_ops.SparseSegmentSqrtNGrad,None,1,1,1,1,1
tf.raw_ops.SparseSegmentSqrtNWithNumSegments,None,1,0,0,0,0
tf.raw_ops.SparseSegmentSum,None,1,0,0,0,0
tf.raw_ops.SparseSegmentSumGrad,None,1,1,0,0,0
tf.raw_ops.SparseSegmentSumWithNumSegments,None,1,1,1,0,0
tf.raw_ops.SparseSlice,None,1,0,0,0,0
tf.raw_ops.SparseSliceGrad,None,1,1,0,0,0
tf.raw_ops.SparseSoftmax,None,1,0,0,0,0
tf.raw_ops.SparseSoftmaxCrossEntropyWithLogits,None,1,0,0,0,0
tf.raw_ops.SparseSparseMaximum,None,1,1,1,0,0
tf.raw_ops.SparseSparseMinimum,None,1,1,1,1,0
tf.raw_ops.SparseSplit,None,1,0,0,0,0
tf.raw_ops.SparseTensorDenseAdd,None,1,0,0,0,0
tf.raw_ops.SparseTensorDenseMatMul,None,1,0,0,0,0
tf.raw_ops.Sqrt,None,1,1,0,0,0
tf.raw_ops.Square,None,1,0,0,0,0
tf.raw_ops.SquaredDifference,None,1,0,0,0,0
tf.raw_ops.StageClear,None,1,1,1,1,0
tf.raw_ops.StagePeek,None,1,1,1,1,1
tf.raw_ops.StageSize,None,1,1,0,0,0
tf.raw_ops.StatelessSampleDistortedBoundingBox,None,1,1,0,0,0
tf.raw_ops.StringJoin,None,1,1,1,1,1
tf.raw_ops.StringLength,None,1,1,1,1,1
tf.raw_ops.StringLower,None,1,1,1,1,1
tf.raw_ops.StringNGrams,None,1,1,1,1,1
tf.raw_ops.StringSplit,None,1,1,1,1,0
tf.raw_ops.StringSplitV2,None,1,1,1,1,1
tf.raw_ops.StringStrip,None,1,1,1,1,1
tf.raw_ops.StringToHashBucket,None,1,1,1,1,1
tf.raw_ops.StringToHashBucketFast,None,1,1,1,0,0
tf.raw_ops.StringToHashBucketStrong,None,1,1,1,1,0
tf.raw_ops.StringToNumber,None,1,1,1,1,1
tf.raw_ops.StringUpper,None,1,1,1,1,1
tf.raw_ops.Substr,None,1,1,1,1,1
tf.raw_ops.Sum,None,1,1,0,0,0
tf.raw_ops.Switch,None,1,1,0,0,0
tf.raw_ops.TakeManySparseFromTensorsMap,None,1,1,1,1,1
tf.raw_ops.Tan,None,1,1,1,0,0
tf.raw_ops.Tanh,None,1,1,1,1,0
tf.raw_ops.TemporaryVariable,None,1,1,1,1,1
tf.raw_ops.TensorSummary,None,1,1,1,1,1
tf.raw_ops.TensorSummaryV2,None,1,1,1,1,1
tf.raw_ops.Timestamp,None,1,1,1,1,1
tf.raw_ops.TruncateDiv,None,1,1,1,1,0
tf.raw_ops.TruncateMod,None,1,1,1,0,0
tf.raw_ops.TruncatedNormal,None,1,0,0,0,0
tf.raw_ops.UnicodeScript,None,1,0,0,0,0
tf.raw_ops.UnicodeTranscode,None,1,1,1,1,1
tf.raw_ops.UniformCandidateSampler,None,1,1,0,0,0
tf.raw_ops.UnsortedSegmentMax,None,1,0,0,0,0
tf.raw_ops.UnsortedSegmentMin,None,1,1,0,0,0
tf.raw_ops.UnsortedSegmentProd,None,0,0,0,0,0
tf.raw_ops.UnsortedSegmentSum,None,1,1,1,0,0
tf.raw_ops.Unstage,None,1,1,1,1,1
tf.raw_ops.Variable,None,1,1,1,1,1
tf.raw_ops.Where,None,1,1,0,0,0
tf.raw_ops.WholeFileReader,None,1,1,1,1,1
tf.raw_ops.WriteFile,None,1,1,0,0,0
tf.raw_ops.Xdivy,None,1,1,0,0,0
tf.raw_ops.Xlog1py,None,1,0,0,0,0
tf.raw_ops.Xlogy,None,1,1,0,0,0
tf.raw_ops.ZerosLike,None,1,0,0,0,0
tf.raw_ops.Zeta,None,1,0,0,0,0
tf.register_tensor_conversion_function,None,1,1,1,1,1
tf.saved_model.load,None,1,1,1,1,1
tf.sets.size,None,1,1,1,1,1
tf.shape_n,None,1,1,1,1,1
tf.sparse.add,None,1,1,1,1,1
tf.sparse.concat,None,1,1,1,1,1
tf.sparse.cross,None,1,1,1,1,1
tf.sparse.cross_hashed,None,1,1,1,1,1
tf.sparse.expand_dims,None,1,1,1,1,1
tf.sparse.fill_empty_rows,None,1,1,1,1,1
tf.sparse.map_values,None,1,1,1,1,1
tf.sparse.mask,None,1,1,1,1,1
tf.sparse.maximum,None,1,1,1,1,1
tf.sparse.minimum,None,1,1,1,1,1
tf.sparse.reduce_max,None,1,1,1,1,1
tf.sparse.reduce_sum,None,1,1,1,1,1
tf.sparse.reorder,None,1,1,1,1,1
tf.sparse.reset_shape,None,1,1,1,1,1
tf.sparse.reshape,None,1,1,1,1,1
tf.sparse.retain,None,1,1,1,1,1
tf.sparse.slice,None,1,1,1,1,1
tf.sparse.softmax,None,1,1,1,1,1
tf.sparse.sparse_dense_matmul,None,1,1,1,1,1
tf.sparse.split,None,1,1,1,1,1
tf.sparse.to_dense,None,1,1,1,1,1
tf.sparse.to_indicator,None,1,1,1,1,1
tf.sparse.transpose,None,1,1,1,1,1
tf.stack,None,1,1,1,1,1
tf.stop_gradient,None,1,1,1,0,0
tf.strings.bytes_split,None,1,1,1,1,1
tf.strings.format,None,1,1,1,1,1
tf.strings.join,None,1,1,1,1,1
tf.strings.length,None,1,1,1,1,0
tf.strings.lower,None,1,1,1,1,1
tf.strings.regex_replace,None,1,1,1,1,1
tf.strings.split,None,1,1,1,1,1
tf.strings.unicode_decode_with_offsets,None,1,1,1,1,1
tf.strings.unicode_split,None,1,1,1,1,1
tf.strings.unicode_split_with_offsets,None,1,1,1,1,1
tf.strings.upper,None,1,1,1,1,1
tf.switch_case,None,1,1,1,1,1
tf.tensordot,None,1,1,1,1,1
tf.timestamp,None,1,1,1,1,1
tf.train.CheckpointManager,None,1,1,1,0,0
tf.tuple,None,1,1,1,1,1
tf.vectorized_map,None,1,1,1,1,1
tf.xla.experimental.compile,None,1,1,1,1,1
torch.addmv_,None,1,1,1,1,1
torch.autocast,None,1,1,1,1,1
torch.autocast,None,1,1,1,1,1
torch.block_diag,None,1,1,1,1,1
torch.broadcast_tensors,None,1,1,1,1,1
torch.cartesian_prod,None,1,1,1,1,1
torch.celu,None,1,1,1,1,1
torch.chain_matmul,None,1,1,1,1,1
torch.crow_indices_copy,None,1,1,1,1,1
torch.cudnn_affine_grid_generator,None,1,1,1,1,1
torch.dequantize,None,1,1,1,1,1
torch.einsum,None,1,1,1,1,1
torch.empty_strided,None,1,1,1,1,1
torch.eye,None,1,1,1,1,1
torch.fake_quantize_per_channel_affine,None,1,1,1,1,1
torch.fft.ifft2,None,1,1,1,1,0
torch.fft.ifftn,None,1,1,1,1,1
torch.fft.ihfft,None,0,0,0,0,0
torch.fft.irfftn,None,1,0,0,0,0
torch.fft.rfftn,None,1,1,0,0,0
torch.from_numpy,None,1,1,1,1,1
torch.gradient,None,1,1,0,0,0
torch.hamming_window,None,1,1,1,1,1
torch.histogram,None,1,1,1,1,1
torch.hspmm,None,1,1,1,1,1
torch.is_inference,None,1,1,1,1,1
torch.jit.optimized_execution,None,1,1,1,1,1
torch.jit.script_if_tracing,None,1,1,1,1,1
torch.kaiser_window,None,1,1,1,1,1
torch.linalg.eig,None,1,1,1,1,1
torch.linalg.householder_product,None,1,1,1,1,1
torch.linalg.matrix_norm,None,1,1,1,1,1
torch.linalg.matrix_norm,None,1,1,1,1,1
torch.linalg.matrix_norm,None,1,1,1,1,1
torch.linalg.matrix_norm,None,1,1,1,1,1
torch.linalg.matrix_rank,None,1,1,1,1,1
torch.linalg.matrix_rank,None,1,1,1,1,1
torch.linalg.solve_triangular,None,1,1,1,1,1
torch.linalg.svd,None,1,1,1,1,1
torch.miopen_batch_norm,None,1,1,1,1,1
torch.negative_,None,1,1,1,1,1
torch.nn.ConvTranspose2d,None,1,1,1,1,1
torch.nn.ConvTranspose2d,None,1,1,1,1,1
torch.nn.Fold,None,1,0,0,0,0
torch.nn.Fold,None,1,1,1,1,1
torch.nn.LSTM,None,1,1,1,1,1
torch.nn.LSTMCell,None,1,1,1,1,1
torch.nn.MaxUnpool1d,None,1,1,1,1,1
torch.nn.MaxUnpool1d,None,1,1,1,1,1
torch.nn.ParameterList,None,1,1,1,1,1
torch.nn.RNN,None,1,1,1,1,1
torch.nn.ReplicationPad2d,None,1,1,1,1,1
torch.nn.SyncBatchNorm,None,1,1,1,1,1
torch.nn.Transformer,None,1,1,1,1,1
torch.nn.UninitializedBuffer,None,1,1,1,1,1
torch.nn.UninitializedParameter,None,1,1,1,1,1
torch.nn.Upsample,None,1,1,1,1,1
torch.nn.Upsample,None,1,1,1,1,1
torch.nn.functional.avg_pool1d,None,1,1,1,1,1
torch.nn.functional.avg_pool1d,None,1,1,1,1,1
torch.nn.functional.embedding_bag,None,1,1,1,1,1
torch.nn.functional.embedding_bag,None,1,1,1,1,1
torch.nn.functional.fold,None,1,1,1,1,1
torch.nn.functional.fractional_max_pool2d,None,1,1,1,1,1
torch.nn.functional.layer_norm,None,1,1,1,1,1
torch.nn.functional.log_softmax,None,1,1,1,1,1
torch.nn.functional.lp_pool2d,None,1,1,1,1,1
torch.nn.functional.max_unpool1d,None,1,1,1,1,1
torch.nn.functional.max_unpool3d,None,1,1,1,1,1
torch.nn.functional.nll_loss,None,1,1,1,1,1
torch.nn.functional.one_hot,None,1,1,0,0,0
torch.nn.functional.smooth_l1_loss,None,1,1,1,1,1
torch.nn.init.dirac_,None,1,1,1,1,1
torch.nn.quantized.QFunctional,None,1,1,1,1,1
torch.nn.utils.clip_grad_value_,None,1,1,1,1,1
torch.nn.utils.remove_weight_norm,None,1,1,1,1,1
torch.nn.utils.rnn.pack_padded_sequence,None,1,1,1,1,1
torch.nn.utils.rnn.pack_sequence,None,1,1,1,1,1
torch.nn.utils.rnn.pad_sequence,None,1,1,1,1,1
torch.normal,None,1,1,1,1,1
torch.normal,None,1,1,1,1,1
torch.normal,None,1,1,1,1,1
torch.quantize_per_channel,None,1,1,1,1,1
torch.quantize_per_tensor,None,1,1,1,1,1
torch.randint_like,None,1,1,1,1,1
torch.range,None,1,1,1,1,1
torch.repeat_interleave,None,1,1,1,1,1
torch.repeat_interleave,None,1,1,1,1,1
torch.rsub,None,1,1,1,1,1
torch.scatter_reduce,None,1,1,1,1,1
torch.set_grad_enabled,None,1,1,1,1,1
torch.smm,None,1,1,1,1,1
torch.sparse_bsr_tensor,None,1,1,1,1,1
torch.sparse_bsr_tensor,None,1,1,1,1,1
torch.sparse_bsr_tensor,None,1,1,1,1,1
torch.sparse_bsr_tensor,None,1,1,1,1,1
torch.sparse_coo_tensor,None,1,1,1,1,1
torch.sparse_coo_tensor,None,1,1,1,1,1
torch.sparse_coo_tensor,None,1,1,1,1,1
torch.sparse_csr_tensor,None,1,1,1,1,1
torch.sparse_csr_tensor,None,1,1,1,1,1
torch.special.multigammaln,None,1,1,1,1,1
torch.special.zeta,None,1,1,1,1,1
torch.sspaddmm,None,1,1,1,1,1
torch.std_mean,None,1,1,1,1,1
torch.std_mean,None,1,1,1,1,1
torch.std_mean,None,1,1,1,1,1
torch.std_mean,None,1,1,1,1,1
torch.stft,None,1,1,1,1,1
torch.sym_fresh_size,None,1,1,1,1,1
torch.threshold,None,1,1,1,1,1
torch.var_mean,None,1,1,1,1,1
torch.var_mean,None,1,1,1,1,1
torch.var_mean,None,1,1,1,1,1
torch.var_mean,None,1,1,1,1,1
torch.where,None,1,1,1,1,1
torch.addmv_,None,0,0,0,0,0
torch.autocast,None,1,1,1,1,1
torch.autocast,None,1,1,1,1,1
torch.autocast,None,1,1,1,1,1
torch.block_diag,None,1,1,1,1,1
torch.broadcast_tensors,None,1,1,1,1,1
torch.cartesian_prod,None,1,1,1,1,0
torch.celu,None,1,1,1,1,1
torch.chain_matmul,None,1,1,1,1,1
torch.crow_indices_copy,None,1,1,1,1,1
torch.cudnn_affine_grid_generator,None,1,1,1,1,1
torch.dequantize,None,1,1,1,0,0
torch.einsum,None,1,1,1,1,1
torch.empty_strided,None,1,1,0,0,0
tf.broadcast_static_shape,tf.broadcast_static_shape,1,1,1,1,1
tf.case,tf.case,1,1,1,1,1
tf.clip_by_global_norm,tf.clip_by_global_norm,1,1,1,1,1
tf.compat.dimension_at_index,tf.compat.dimension_at_index,1,1,1,1,1
tf.data.experimental.assert_cardinality,tf.data.experimental.assert_cardinality,1,1,1,1,1
tf.data.experimental.bucket_by_sequence_length,tf.data.experimental.bucket_by_sequence_length,1,1,1,1,1
tf.data.experimental.choose_from_datasets,tf.data.experimental.choose_from_datasets,1,1,1,1,1
tf.data.experimental.copy_to_device,tf.data.experimental.copy_to_device,1,1,1,1,1
tf.data.experimental.enumerate_dataset,tf.data.experimental.enumerate_dataset,1,1,1,0,0
tf.data.experimental.get_single_element,tf.data.experimental.get_single_element,1,1,1,1,1
tf.data.experimental.get_structure,tf.data.experimental.get_structure,1,1,1,1,1
tf.data.experimental.group_by_reducer,tf.data.experimental.group_by_reducer,1,1,1,1,1
tf.data.experimental.group_by_window,tf.data.experimental.group_by_window,1,1,1,1,1
tf.data.experimental.ignore_errors,tf.data.experimental.ignore_errors,1,1,1,1,1
tf.data.experimental.load,tf.data.experimental.load,1,1,1,1,1
tf.data.experimental.make_csv_dataset,tf.data.experimental.make_csv_dataset,1,1,1,1,1
tf.data.experimental.map_and_batch,tf.data.experimental.map_and_batch,1,1,1,1,1
tf.data.experimental.prefetch_to_device,tf.data.experimental.prefetch_to_device,1,1,1,1,1
tf.data.experimental.save,tf.data.experimental.save,1,1,1,1,1
tf.data.experimental.scan,tf.data.experimental.scan,1,1,1,1,1
tf.data.experimental.service.WorkerServer,tf.data.experimental.service.WorkerServer,1,1,1,1,1
tf.data.experimental.service.distribute,tf.data.experimental.service.distribute,1,1,1,1,1
tf.data.experimental.service.from_dataset_id,tf.data.experimental.service.from_dataset_id,1,1,1,1,1
tf.data.experimental.service.register_dataset,tf.data.experimental.service.register_dataset,1,1,1,1,1
tf.data.experimental.shuffle_and_repeat,tf.data.experimental.shuffle_and_repeat,1,1,1,1,1
tf.data.experimental.take_while,tf.data.experimental.take_while,1,1,1,1,1
tf.data.experimental.to_variant,tf.data.experimental.to_variant,1,1,1,1,1
tf.data.experimental.unique,tf.data.experimental.unique,1,1,1,1,1
tf.experimental.numpy.argsort,tf.experimental.numpy.argsort,1,1,1,1,1
tf.experimental.numpy.random.randn,tf.experimental.numpy.random.randn,1,1,1,1,1
tf.experimental.numpy.sort,tf.experimental.numpy.sort,1,1,1,1,1
tf.experimental.register_filesystem_plugin,tf.experimental.register_filesystem_plugin,1,1,1,1,1
tf.experimental.tensorrt.Converter,tf.experimental.tensorrt.Converter,1,1,1,1,1
tf.feature_column.crossed_column,tf.feature_column.crossed_column,1,1,1,1,1
tf.feature_column.embedding_column,tf.feature_column.embedding_column,1,1,1,1,1
tf.feature_column.indicator_column,tf.feature_column.indicator_column,1,1,1,1,1
tf.feature_column.make_parse_example_spec,tf.feature_column.make_parse_example_spec,1,1,1,1,1
tf.feature_column.numeric_column,tf.feature_column.numeric_column,1,1,1,1,1
tf.feature_column.shared_embeddings,tf.feature_column.shared_embeddings,1,1,1,1,1
tf.gradients,tf.gradients,1,1,1,1,1
tf.hessians,tf.hessians,1,1,1,1,1
tf.image.generate_bounding_box_proposals,tf.image.generate_bounding_box_proposals,1,1,1,1,1
tf.io.decode_bmp,tf.io.decode_bmp,1,1,1,1,1
tf.io.decode_csv,tf.io.decode_csv,1,1,1,1,1
tf.io.decode_proto,tf.io.decode_proto,1,1,1,1,1
tf.io.encode_proto,tf.io.encode_proto,1,1,1,1,1
tf.io.serialize_many_sparse,tf.io.serialize_many_sparse,1,0,0,0,0
tf.io.serialize_sparse,tf.io.serialize_sparse,1,0,0,0,0
tf.linalg.experimental.conjugate_gradient,tf.linalg.experimental.conjugate_gradient,1,1,1,1,1
tf.lookup.StaticHashTable,tf.lookup.StaticHashTable,1,1,1,1,1
tf.lookup.StaticVocabularyTable,tf.lookup.StaticVocabularyTable,1,1,1,1,1
tf.make_ndarray,tf.make_ndarray,1,1,1,1,1
tf.math.accumulate_n,tf.math.accumulate_n,1,1,1,1,1
tf.nn.RNNCellDeviceWrapper,tf.nn.RNNCellDeviceWrapper,1,1,1,1,1
tf.nn.RNNCellDropoutWrapper,tf.nn.RNNCellDropoutWrapper,1,1,1,1,1
tf.nn.embedding_lookup_sparse,tf.nn.embedding_lookup_sparse,1,1,1,1,1
tf.nn.safe_embedding_lookup_sparse,tf.nn.safe_embedding_lookup_sparse,1,1,1,1,1
tf.nn.separable_conv2d_padding_list,tf.nn.separable_conv2d_padding_list,1,1,1,1,1
tf.nn.with_space_to_batch,tf.nn.with_space_to_batch,1,1,1,1,1
tf.nondifferentiable_batch_function,tf.nondifferentiable_batch_function,1,1,1,1,1
tf.parallel_stack,tf.parallel_stack,1,1,1,1,1
tf.quantization.dequantize,tf.quantization.dequantize,1,1,1,1,1
tf.quantization.quantized_concat,tf.quantization.quantized_concat,1,1,1,1,1
tf.queue.FIFOQueue,tf.queue.FIFOQueue,1,1,1,1,1
tf.queue.PaddingFIFOQueue,tf.queue.PaddingFIFOQueue,1,1,1,1,1
tf.queue.PriorityQueue,tf.queue.PriorityQueue,1,1,1,1,1
tf.queue.QueueBase,tf.queue.QueueBase,1,1,1,1,1
tf.queue.RandomShuffleQueue,tf.queue.RandomShuffleQueue,1,1,1,1,1
tf.ragged.cross,tf.ragged.cross,1,1,1,1,1
tf.ragged.cross_hashed,tf.ragged.cross_hashed,1,1,1,1,1
tf.ragged.map_flat_values,tf.ragged.map_flat_values,1,1,1,1,1
tf.random.stateless_uniform,tf.random.stateless_uniform,1,1,1,1,1
tf.random_normal_initializer,tf.random_normal_initializer,1,1,1,1,1
tf.random_uniform_initializer,tf.random_uniform_initializer,1,1,1,1,1
tf.raw_ops.AccumulateNV2,tf.raw_ops.AccumulateNV2,1,1,1,1,1
tf.raw_ops.AccumulatorApplyGradient,tf.raw_ops.AccumulatorApplyGradient,1,1,1,1,1
tf.raw_ops.AccumulatorNumAccumulated,tf.raw_ops.AccumulatorNumAccumulated,1,1,1,1,1
tf.raw_ops.AccumulatorSetGlobalStep,tf.raw_ops.AccumulatorSetGlobalStep,1,1,1,1,1
tf.raw_ops.AccumulatorTakeGradient,tf.raw_ops.AccumulatorTakeGradient,1,1,1,1,1
tf.raw_ops.ApplyAdadelta,tf.raw_ops.ApplyAdadelta,1,1,1,1,1
tf.raw_ops.ApplyAdagrad,tf.raw_ops.ApplyAdagrad,1,1,1,1,1
tf.raw_ops.ApplyAdagradDA,tf.raw_ops.ApplyAdagradDA,1,1,1,1,1
tf.raw_ops.ApplyAdam,tf.raw_ops.ApplyAdam,1,1,1,1,1
tf.raw_ops.ApplyAddSign,tf.raw_ops.ApplyAddSign,1,1,1,1,1
tf.raw_ops.ApplyCenteredRMSProp,tf.raw_ops.ApplyCenteredRMSProp,1,1,1,1,1
tf.raw_ops.ApplyFtrl,tf.raw_ops.ApplyFtrl,1,1,1,1,1
tf.raw_ops.ApplyFtrlV2,tf.raw_ops.ApplyFtrlV2,1,1,1,1,1
tf.raw_ops.ApplyGradientDescent,tf.raw_ops.ApplyGradientDescent,1,1,1,1,1
tf.raw_ops.ApplyMomentum,tf.raw_ops.ApplyMomentum,1,1,1,1,1
tf.raw_ops.ApplyPowerSign,tf.raw_ops.ApplyPowerSign,1,1,1,1,1
tf.raw_ops.ApplyProximalAdagrad,tf.raw_ops.ApplyProximalAdagrad,1,1,1,1,1
tf.raw_ops.ApplyProximalGradientDescent,tf.raw_ops.ApplyProximalGradientDescent,1,1,1,1,1
tf.raw_ops.ApplyRMSProp,tf.raw_ops.ApplyRMSProp,1,1,1,1,1
tf.raw_ops.Assign,tf.raw_ops.Assign,1,1,1,1,1
tf.raw_ops.AssignAdd,tf.raw_ops.AssignAdd,1,1,1,1,1
tf.raw_ops.AssignSub,tf.raw_ops.AssignSub,1,1,1,1,1
tf.raw_ops.Barrier,tf.raw_ops.Barrier,1,1,1,1,1
tf.raw_ops.BarrierClose,tf.raw_ops.BarrierClose,1,1,1,1,1
tf.raw_ops.BarrierIncompleteSize,tf.raw_ops.BarrierIncompleteSize,1,1,1,1,1
tf.raw_ops.BarrierInsertMany,tf.raw_ops.BarrierInsertMany,1,1,1,1,1
tf.raw_ops.BarrierReadySize,tf.raw_ops.BarrierReadySize,1,1,1,1,1
tf.raw_ops.BarrierTakeMany,tf.raw_ops.BarrierTakeMany,1,1,1,1,1
tf.raw_ops.ConditionalAccumulator,tf.raw_ops.ConditionalAccumulator,1,1,1,1,1
tf.raw_ops.CountUpTo,tf.raw_ops.CountUpTo,1,1,1,1,1
tf.raw_ops.DebugGradientRefIdentity,tf.raw_ops.DebugGradientRefIdentity,1,1,1,1,1
tf.raw_ops.DecodeAndCropJpeg,tf.raw_ops.DecodeAndCropJpeg,1,1,1,1,1
tf.raw_ops.DecodeJpeg,tf.raw_ops.DecodeJpeg,1,1,1,1,1
tf.raw_ops.DecodePng,tf.raw_ops.DecodePng,1,1,1,1,1
tf.raw_ops.DeleteSessionTensor,tf.raw_ops.DeleteSessionTensor,1,1,1,1,1
tf.raw_ops.Dequantize,tf.raw_ops.Dequantize,1,1,1,1,1
tf.raw_ops.DestroyTemporaryVariable,tf.raw_ops.DestroyTemporaryVariable,1,1,1,1,1
tf.raw_ops.ExtractJpegShape,tf.raw_ops.ExtractJpegShape,1,1,1,1,1
tf.raw_ops.FIFOQueue,tf.raw_ops.FIFOQueue,1,1,1,1,1
tf.raw_ops.GetSessionHandle,tf.raw_ops.GetSessionHandle,1,1,1,1,1
tf.raw_ops.GetSessionHandleV2,tf.raw_ops.GetSessionHandleV2,1,1,1,1,1
tf.raw_ops.GetSessionTensor,tf.raw_ops.GetSessionTensor,1,1,1,1,1
tf.raw_ops.IsVariableInitialized,tf.raw_ops.IsVariableInitialized,1,1,1,1,1
tf.raw_ops.LMDBReader,tf.raw_ops.LMDBReader,1,1,1,1,1
tf.raw_ops.MapPeek,tf.raw_ops.MapPeek,1,1,1,1,1
tf.raw_ops.MapUnstage,tf.raw_ops.MapUnstage,1,1,1,1,1
tf.raw_ops.MapUnstageNoKey,tf.raw_ops.MapUnstageNoKey,1,1,1,1,1
tf.raw_ops.MergeV2Checkpoints,tf.raw_ops.MergeV2Checkpoints,1,1,1,1,1
tf.raw_ops.OrderedMapPeek,tf.raw_ops.OrderedMapPeek,1,1,1,1,1
tf.raw_ops.OrderedMapUnstage,tf.raw_ops.OrderedMapUnstage,1,1,1,1,1
tf.raw_ops.OrderedMapUnstageNoKey,tf.raw_ops.OrderedMapUnstageNoKey,1,1,1,1,1
tf.raw_ops.PaddingFIFOQueue,tf.raw_ops.PaddingFIFOQueue,1,1,1,1,1
tf.raw_ops.ParallelConcat,tf.raw_ops.ParallelConcat,1,1,1,1,1
tf.raw_ops.Placeholder,tf.raw_ops.Placeholder,1,1,1,1,1
tf.raw_ops.PriorityQueue,tf.raw_ops.PriorityQueue,1,1,1,1,1
tf.raw_ops.QuantizeDownAndShrinkRange,tf.raw_ops.QuantizeDownAndShrinkRange,1,1,1,1,1
tf.raw_ops.QuantizedAdd,tf.raw_ops.QuantizedAdd,1,1,1,1,1
tf.raw_ops.QuantizedAvgPool,tf.raw_ops.QuantizedAvgPool,1,1,1,1,1
tf.raw_ops.QuantizedBatchNormWithGlobalNormalization,tf.raw_ops.QuantizedBatchNormWithGlobalNormalization,1,1,1,1,1
tf.raw_ops.QuantizedBiasAdd,tf.raw_ops.QuantizedBiasAdd,1,1,1,1,1
tf.raw_ops.QuantizedConcat,tf.raw_ops.QuantizedConcat,1,1,1,1,1
tf.raw_ops.QuantizedConv2D,tf.raw_ops.QuantizedConv2D,1,1,1,1,1
tf.raw_ops.QuantizedInstanceNorm,tf.raw_ops.QuantizedInstanceNorm,1,1,1,1,1
tf.raw_ops.QuantizedMatMul,tf.raw_ops.QuantizedMatMul,1,1,1,1,1
tf.raw_ops.QuantizedMaxPool,tf.raw_ops.QuantizedMaxPool,1,1,1,1,1
tf.raw_ops.QuantizedMul,tf.raw_ops.QuantizedMul,1,1,1,1,1
tf.raw_ops.QuantizedRelu,tf.raw_ops.QuantizedRelu,1,1,1,1,1
tf.raw_ops.QuantizedRelu6,tf.raw_ops.QuantizedRelu6,1,1,1,1,1
tf.raw_ops.QuantizedReluX,tf.raw_ops.QuantizedReluX,1,1,1,1,1
tf.raw_ops.QueueClose,tf.raw_ops.QueueClose,1,1,1,1,1
tf.raw_ops.QueueDequeue,tf.raw_ops.QueueDequeue,1,1,1,1,1
tf.raw_ops.QueueDequeueMany,tf.raw_ops.QueueDequeueMany,1,1,1,1,1
tf.raw_ops.QueueDequeueUpTo,tf.raw_ops.QueueDequeueUpTo,1,1,1,1,1
tf.raw_ops.QueueIsClosed,tf.raw_ops.QueueIsClosed,1,1,1,1,1
tf.raw_ops.QueueSize,tf.raw_ops.QueueSize,1,1,1,1,1
tf.raw_ops.RandomShuffleQueue,tf.raw_ops.RandomShuffleQueue,1,1,1,1,1
tf.raw_ops.ReaderRead,tf.raw_ops.ReaderRead,1,1,1,1,1
tf.raw_ops.ReaderReadUpTo,tf.raw_ops.ReaderReadUpTo,1,1,1,1,1
tf.raw_ops.ReaderReset,tf.raw_ops.ReaderReset,1,1,1,1,1
tf.raw_ops.ReaderRestoreState,tf.raw_ops.ReaderRestoreState,1,1,1,1,1
tf.raw_ops.RefNextIteration,tf.raw_ops.RefNextIteration,1,1,1,1,1
tf.raw_ops.RefSelect,tf.raw_ops.RefSelect,1,1,1,1,1
tf.raw_ops.RefSwitch,tf.raw_ops.RefSwitch,1,1,1,1,1
tf.raw_ops.RequantizationRange,tf.raw_ops.RequantizationRange,1,1,1,1,1
tf.raw_ops.Requantize,tf.raw_ops.Requantize,1,1,1,1,1
tf.raw_ops.Restore,tf.raw_ops.Restore,1,1,1,1,1
tf.raw_ops.RestoreV2,tf.raw_ops.RestoreV2,1,1,1,1,1
tf.raw_ops.ScatterAdd,tf.raw_ops.ScatterAdd,1,1,1,1,1
tf.raw_ops.ScatterDiv,tf.raw_ops.ScatterDiv,1,1,1,1,1
tf.raw_ops.ScatterMax,tf.raw_ops.ScatterMax,1,1,1,1,1
tf.raw_ops.ScatterMin,tf.raw_ops.ScatterMin,1,1,1,1,1
tf.raw_ops.ScatterMul,tf.raw_ops.ScatterMul,1,1,1,1,1
tf.raw_ops.ScatterNdAdd,tf.raw_ops.ScatterNdAdd,1,1,1,1,1
tf.raw_ops.ScatterNdSub,tf.raw_ops.ScatterNdSub,1,1,1,1,1
tf.raw_ops.ScatterNdUpdate,tf.raw_ops.ScatterNdUpdate,1,1,1,1,1
tf.raw_ops.ScatterSub,tf.raw_ops.ScatterSub,1,1,1,1,1
tf.raw_ops.ScatterUpdate,tf.raw_ops.ScatterUpdate,1,1,1,1,1
tf.raw_ops.SparseAccumulatorApplyGradient,tf.raw_ops.SparseAccumulatorApplyGradient,1,1,1,1,1
tf.raw_ops.SparseAccumulatorTakeGradient,tf.raw_ops.SparseAccumulatorTakeGradient,1,1,1,1,1
tf.raw_ops.SparseApplyAdadelta,tf.raw_ops.SparseApplyAdadelta,1,1,1,1,1
tf.raw_ops.SparseApplyAdagrad,tf.raw_ops.SparseApplyAdagrad,1,1,1,1,1
tf.raw_ops.SparseApplyAdagradDA,tf.raw_ops.SparseApplyAdagradDA,1,1,1,1,1
tf.raw_ops.SparseApplyCenteredRMSProp,tf.raw_ops.SparseApplyCenteredRMSProp,1,1,1,1,1
tf.raw_ops.SparseApplyFtrl,tf.raw_ops.SparseApplyFtrl,1,1,1,1,1
tf.raw_ops.SparseApplyFtrlV2,tf.raw_ops.SparseApplyFtrlV2,1,1,1,1,1
tf.raw_ops.SparseApplyMomentum,tf.raw_ops.SparseApplyMomentum,1,1,1,1,1
tf.raw_ops.SparseApplyProximalAdagrad,tf.raw_ops.SparseApplyProximalAdagrad,1,1,1,1,1
tf.raw_ops.SparseApplyProximalGradientDescent,tf.raw_ops.SparseApplyProximalGradientDescent,1,1,1,1,1
tf.raw_ops.SparseApplyRMSProp,tf.raw_ops.SparseApplyRMSProp,1,1,1,1,1
tf.raw_ops.SparseConditionalAccumulator,tf.raw_ops.SparseConditionalAccumulator,1,1,1,1,1
tf.raw_ops.StagePeek,tf.raw_ops.StagePeek,1,1,1,1,1
tf.raw_ops.TakeManySparseFromTensorsMap,tf.raw_ops.TakeManySparseFromTensorsMap,1,1,1,1,1
tf.raw_ops.TemporaryVariable,tf.raw_ops.TemporaryVariable,1,1,1,1,1
tf.raw_ops.Timestamp,tf.raw_ops.Timestamp,1,1,1,1,1
tf.raw_ops.Unstage,tf.raw_ops.Unstage,1,1,1,1,1
tf.raw_ops.Variable,tf.raw_ops.Variable,1,1,1,1,1
tf.raw_ops.WholeFileReader,tf.raw_ops.WholeFileReader,1,1,1,1,1
tf.register_tensor_conversion_function,tf.register_tensor_conversion_function,1,1,1,1,1
tf.saved_model.load,tf.saved_model.load,1,1,1,1,1
tf.sparse.add,tf.sparse.add,0,0,0,0,0
tf.sparse.concat,tf.sparse.concat,1,1,1,1,1
tf.sparse.cross,tf.sparse.cross,1,1,1,1,1
tf.sparse.cross_hashed,tf.sparse.cross_hashed,1,1,1,1,1
tf.sparse.expand_dims,tf.sparse.expand_dims,1,0,0,0,0
tf.sparse.fill_empty_rows,tf.sparse.fill_empty_rows,1,1,0,0,0
tf.sparse.map_values,tf.sparse.map_values,1,1,1,1,1
tf.sparse.mask,tf.sparse.mask,1,1,0,0,0
tf.sparse.maximum,tf.sparse.maximum,0,0,0,0,0
tf.sparse.minimum,tf.sparse.minimum,0,0,0,0,0
tf.sparse.reduce_sum,tf.sparse.reduce_sum,1,0,0,0,0
tf.sparse.reorder,tf.sparse.reorder,1,1,0,0,0
tf.sparse.reset_shape,tf.sparse.reset_shape,0,0,0,0,0
tf.sparse.reshape,tf.sparse.reshape,0,0,0,0,0
tf.sparse.sparse_dense_matmul,tf.sparse.sparse_dense_matmul,1,1,1,0,0
tf.sparse.split,tf.sparse.split,1,1,1,1,0
tf.switch_case,tf.switch_case,1,1,1,1,1
tf.timestamp,tf.timestamp,1,1,1,1,1
tf.tuple,tf.tuple,1,1,1,1,1
tf.xla.experimental.compile,tf.xla.experimental.compile,1,1,1,1,1
jax.nn.celu,jax.nn.celu,0,0,0,0,0
jax.nn.celu,jax.nn.celu,0,0,0,0,0
jax.nn.dot_product_attention,jax.nn.dot_product_attention,0,0,0,0,0
jax.nn.dot_product_attention,jax.nn.dot_product_attention,0,0,0,0,0
jax.nn.elu,jax.nn.elu,0,0,0,0,0
jax.nn.elu,jax.nn.elu,0,0,0,0,0
jax.nn.gelu,jax.nn.gelu,0,0,0,0,0
jax.nn.get_scaled_dot_general_config,jax.nn.get_scaled_dot_general_config,0,0,0,0,0
jax.nn.glu,jax.nn.glu,0,0,0,0,0
jax.nn.hard_sigmoid,jax.nn.hard_sigmoid,0,0,0,0,0
jax.nn.hard_silu,jax.nn.hard_silu,0,0,0,0,0
jax.nn.hard_swish,jax.nn.hard_swish,0,0,0,0,0
jax.nn.hard_tanh,jax.nn.hard_tanh,0,0,0,0,0
jax.nn.identity,jax.nn.identity,0,0,0,0,0
jax.nn.leaky_relu,jax.nn.leaky_relu,0,0,0,0,0
jax.nn.leaky_relu,jax.nn.leaky_relu,0,0,0,0,0
jax.nn.log1mexp,jax.nn.log1mexp,0,0,0,0,0
jax.nn.log_sigmoid,jax.nn.log_sigmoid,0,0,0,0,0
jax.nn.log_softmax,jax.nn.log_softmax,0,0,0,0,0
jax.nn.log_softmax,jax.nn.log_softmax,0,0,0,0,0
jax.nn.logmeanexp,jax.nn.logmeanexp,0,0,0,0,0
jax.nn.logmeanexp,jax.nn.logmeanexp,0,0,0,0,0
jax.nn.logmeanexp,jax.nn.logmeanexp,1,1,0,0,0
jax.nn.logsumexp,jax.nn.logsumexp,0,0,0,0,0
jax.nn.logsumexp,jax.nn.logsumexp,0,0,0,0,0
jax.nn.logsumexp,jax.nn.logsumexp,0,0,0,0,0
jax.nn.mish,jax.nn.mish,0,0,0,0,0
jax.nn.one_hot,jax.nn.one_hot,0,0,0,0,0
jax.nn.one_hot,jax.nn.one_hot,1,1,0,0,0
jax.nn.relu,jax.nn.relu,0,0,0,0,0
jax.nn.relu6,jax.nn.relu6,0,0,0,0,0
jax.nn.scaled_dot_general,jax.nn.scaled_dot_general,1,1,1,1,1
jax.nn.scaled_matmul,jax.nn.scaled_matmul,1,0,0,0,0
jax.nn.selu,jax.nn.selu,0,0,0,0,0
jax.nn.sigmoid,jax.nn.sigmoid,0,0,0,0,0
jax.nn.silu,jax.nn.silu,0,0,0,0,0
jax.nn.soft_sign,jax.nn.soft_sign,0,0,0,0,0
jax.nn.softmax,jax.nn.softmax,0,0,0,0,0
jax.nn.softmax,jax.nn.softmax,0,0,0,0,0
jax.nn.softplus,jax.nn.softplus,0,0,0,0,0
jax.nn.sparse_plus,jax.nn.sparse_plus,0,0,0,0,0
jax.nn.sparse_sigmoid,jax.nn.sparse_sigmoid,0,0,0,0,0
jax.nn.squareplus,jax.nn.squareplus,0,0,0,0,0
jax.nn.squareplus,jax.nn.squareplus,0,0,0,0,0
jax.nn.squareplus,jax.nn.squareplus,0,0,0,0,0
jax.nn.standardize,jax.nn.standardize,0,0,0,0,0
jax.nn.standardize,jax.nn.standardize,0,0,0,0,0
jax.nn.swish,jax.nn.swish,0,0,0,0,0
jax.nn.tanh,jax.nn.tanh,0,0,0,0,0
jax.nn.tanh,jax.nn.tanh,0,0,0,0,0
jax.nn.tanh,jax.nn.tanh,0,0,0,0,0
jax.numpy.abs,jax.numpy.abs,0,0,0,0,0
jax.numpy.abs,jax.numpy.abs,0,0,0,0,0
jax.numpy.abs,jax.numpy.abs,0,0,0,0,0
jax.numpy.abs,jax.numpy.abs,1,1,1,0,0
jax.numpy.abs,jax.numpy.abs,1,1,1,0,0
jax.numpy.absolute,jax.numpy.absolute,0,0,0,0,0
jax.numpy.acos,jax.numpy.acos,0,0,0,0,0
jax.numpy.acosh,jax.numpy.acosh,0,0,0,0,0
jax.numpy.add,jax.numpy.add,0,0,0,0,0
jax.numpy.add,jax.numpy.add,0,0,0,0,0
jax.numpy.add,jax.numpy.add,0,0,0,0,0
jax.numpy.add,jax.numpy.add,0,0,0,0,0
jax.numpy.add,jax.numpy.add,0,0,0,0,0
jax.numpy.all,jax.numpy.all,0,0,0,0,0
jax.numpy.all,jax.numpy.all,0,0,0,0,0
jax.numpy.all,jax.numpy.all,0,0,0,0,0
jax.numpy.allclose,jax.numpy.allclose,0,0,0,0,0
jax.numpy.amax,jax.numpy.amax,0,0,0,0,0
jax.numpy.amax,jax.numpy.amax,0,0,0,0,0
jax.numpy.amin,jax.numpy.amin,0,0,0,0,0
jax.numpy.amin,jax.numpy.amin,0,0,0,0,0
jax.numpy.angle,jax.numpy.angle,0,0,0,0,0
jax.numpy.angle,jax.numpy.angle,0,0,0,0,0
jax.numpy.any,jax.numpy.any,0,0,0,0,0
jax.numpy.any,jax.numpy.any,0,0,0,0,0
jax.numpy.any,jax.numpy.any,0,0,0,0,0
jax.numpy.any,jax.numpy.any,0,0,0,0,0
jax.numpy.append,jax.numpy.append,0,0,0,0,0
jax.numpy.apply_along_axis,jax.numpy.apply_along_axis,1,0,0,0,0
jax.numpy.apply_over_axes,jax.numpy.apply_over_axes,1,0,0,0,0
jax.numpy.apply_over_axes,jax.numpy.apply_over_axes,1,0,0,0,0
jax.numpy.apply_over_axes,jax.numpy.apply_over_axes,0,0,0,0,0
jax.numpy.arange,jax.numpy.arange,0,0,0,0,0
jax.numpy.arange,jax.numpy.arange,0,0,0,0,0
jax.numpy.arange,jax.numpy.arange,0,0,0,0,0
jax.numpy.arccos,jax.numpy.arccos,0,0,0,0,0
jax.numpy.arccos,jax.numpy.arccos,0,0,0,0,0
jax.numpy.arccos,jax.numpy.arccos,0,0,0,0,0
jax.numpy.arccosh,jax.numpy.arccosh,0,0,0,0,0
jax.numpy.arccosh,jax.numpy.arccosh,0,0,0,0,0
jax.numpy.arccosh,jax.numpy.arccosh,0,0,0,0,0
jax.numpy.arccosh,jax.numpy.arccosh,1,1,0,0,0
jax.numpy.arccosh,jax.numpy.arccosh,1,1,1,1,0
jax.numpy.arcsin,jax.numpy.arcsin,0,0,0,0,0
jax.numpy.arcsin,jax.numpy.arcsin,0,0,0,0,0
jax.numpy.arcsin,jax.numpy.arcsin,0,0,0,0,0
jax.numpy.arcsinh,jax.numpy.arcsinh,0,0,0,0,0
jax.numpy.arcsinh,jax.numpy.arcsinh,0,0,0,0,0
jax.numpy.arcsinh,jax.numpy.arcsinh,0,0,0,0,0
jax.numpy.arctan2,jax.numpy.arctan2,0,0,0,0,0
jax.numpy.arctan,jax.numpy.arctan,0,0,0,0,0
jax.numpy.arctan,jax.numpy.arctan,0,0,0,0,0
jax.numpy.arctan,jax.numpy.arctan,1,0,0,0,0
jax.numpy.arctanh,jax.numpy.arctanh,0,0,0,0,0
jax.numpy.arctanh,jax.numpy.arctanh,0,0,0,0,0
jax.numpy.arctanh,jax.numpy.arctanh,0,0,0,0,0
jax.numpy.argmax,jax.numpy.argmax,0,0,0,0,0
jax.numpy.argmin,jax.numpy.argmin,0,0,0,0,0
jax.numpy.argpartition,jax.numpy.argpartition,0,0,0,0,0
jax.numpy.argsort,jax.numpy.argsort,0,0,0,0,0
jax.numpy.argsort,jax.numpy.argsort,0,0,0,0,0
jax.numpy.argsort,jax.numpy.argsort,0,0,0,0,0
jax.numpy.argsort,jax.numpy.argsort,0,0,0,0,0
jax.numpy.argwhere,jax.numpy.argwhere,0,0,0,0,0
jax.numpy.argwhere,jax.numpy.argwhere,1,0,0,0,0
jax.numpy.argwhere,jax.numpy.argwhere,0,0,0,0,0
jax.numpy.around,jax.numpy.around,0,0,0,0,0
jax.numpy.array,jax.numpy.array,1,0,0,0,0
jax.numpy.array,jax.numpy.array,1,0,0,0,0
jax.numpy.array,jax.numpy.array,0,0,0,0,0
jax.numpy.array,jax.numpy.array,1,1,0,0,0
jax.numpy.array,jax.numpy.array,1,0,0,0,0
jax.numpy.array,jax.numpy.array,1,0,0,0,0
jax.numpy.array_equal,jax.numpy.array_equal,0,0,0,0,0
jax.numpy.array_equiv,jax.numpy.array_equiv,1,0,0,0,0
jax.numpy.array_split,jax.numpy.array_split,0,0,0,0,0
jax.numpy.array_split,jax.numpy.array_split,0,0,0,0,0
jax.numpy.array_split,jax.numpy.array_split,1,0,0,0,0
jax.numpy.array_split,jax.numpy.array_split,0,0,0,0,0
jax.numpy.asarray,jax.numpy.asarray,1,0,0,0,0
jax.numpy.asarray,jax.numpy.asarray,1,0,0,0,0
jax.numpy.asarray,jax.numpy.asarray,1,0,0,0,0
jax.numpy.asarray,jax.numpy.asarray,1,0,0,0,0
jax.numpy.asarray,jax.numpy.asarray,1,0,0,0,0
jax.numpy.asarray,jax.numpy.asarray,1,0,0,0,0
jax.numpy.asarray,jax.numpy.asarray,1,0,0,0,0
jax.numpy.asin,jax.numpy.asin,0,0,0,0,0
jax.numpy.asinh,jax.numpy.asinh,0,0,0,0,0
jax.numpy.asinh,jax.numpy.asinh,0,0,0,0,0
jax.numpy.asinh,jax.numpy.asinh,0,0,0,0,0
jax.numpy.asinh,jax.numpy.asinh,1,0,0,0,0
jax.numpy.asinh,jax.numpy.asinh,1,1,1,1,0
jax.numpy.astype,jax.numpy.astype,0,0,0,0,0
jax.numpy.astype,jax.numpy.astype,0,0,0,0,0
jax.numpy.atan,jax.numpy.atan,0,0,0,0,0
jax.numpy.atan2,jax.numpy.atan2,0,0,0,0,0
jax.numpy.atanh,jax.numpy.atanh,0,0,0,0,0
jax.numpy.atanh,jax.numpy.atanh,0,0,0,0,0
jax.numpy.atanh,jax.numpy.atanh,0,0,0,0,0
jax.numpy.atanh,jax.numpy.atanh,1,1,1,1,0
jax.numpy.atanh,jax.numpy.atanh,1,1,1,0,0
jax.numpy.atleast_1d,jax.numpy.atleast_1d,0,0,0,0,0
jax.numpy.atleast_1d,jax.numpy.atleast_1d,1,1,0,0,0
jax.numpy.atleast_1d,jax.numpy.atleast_1d,0,0,0,0,0
jax.numpy.atleast_1d,jax.numpy.atleast_1d,1,0,0,0,0
jax.numpy.atleast_2d,jax.numpy.atleast_2d,0,0,0,0,0
jax.numpy.atleast_3d,jax.numpy.atleast_3d,0,0,0,0,0
jax.numpy.atleast_3d,jax.numpy.atleast_3d,1,0,0,0,0
jax.numpy.average,jax.numpy.average,0,0,0,0,0
jax.numpy.average,jax.numpy.average,0,0,0,0,0
jax.numpy.average,jax.numpy.average,0,0,0,0,0
jax.numpy.bartlett,jax.numpy.bartlett,1,0,0,0,0
jax.numpy.bincount,jax.numpy.bincount,0,0,0,0,0
jax.numpy.bitwise_and,jax.numpy.bitwise_and,1,0,0,0,0
jax.numpy.bitwise_count,jax.numpy.bitwise_count,1,0,0,0,0
jax.numpy.bitwise_invert,jax.numpy.bitwise_invert,1,1,0,0,0
jax.numpy.bitwise_left_shift,jax.numpy.bitwise_left_shift,1,0,0,0,0
jax.numpy.bitwise_not,jax.numpy.bitwise_not,1,0,0,0,0
jax.numpy.bitwise_or,jax.numpy.bitwise_or,0,0,0,0,0
jax.numpy.bitwise_or,jax.numpy.bitwise_or,1,1,0,0,0
jax.numpy.bitwise_or,jax.numpy.bitwise_or,1,0,0,0,0
jax.numpy.bitwise_or,jax.numpy.bitwise_or,0,0,0,0,0
jax.numpy.bitwise_or,jax.numpy.bitwise_or,1,0,0,0,0
jax.numpy.bitwise_right_shift,jax.numpy.bitwise_right_shift,1,0,0,0,0
jax.numpy.bitwise_xor,jax.numpy.bitwise_xor,1,0,0,0,0
jax.numpy.bitwise_xor,jax.numpy.bitwise_xor,1,0,0,0,0
jax.numpy.bitwise_xor,jax.numpy.bitwise_xor,1,0,0,0,0
jax.numpy.bitwise_xor,jax.numpy.bitwise_xor,1,0,0,0,0
jax.numpy.bitwise_xor,jax.numpy.bitwise_xor,0,0,0,0,0
jax.numpy.blackman,jax.numpy.blackman,1,0,0,0,0
jax.numpy.block,jax.numpy.block,1,0,0,0,0
jax.numpy.block,jax.numpy.block,1,0,0,0,0
jax.numpy.block,jax.numpy.block,1,0,0,0,0
jax.numpy.broadcast_arrays,jax.numpy.broadcast_arrays,1,1,1,1,0
jax.numpy.broadcast_shapes,jax.numpy.broadcast_shapes,1,0,0,0,0
jax.numpy.broadcast_shapes,jax.numpy.broadcast_shapes,1,0,0,0,0
jax.numpy.broadcast_to,jax.numpy.broadcast_to,0,0,0,0,0
jax.numpy.broadcast_to,jax.numpy.broadcast_to,0,0,0,0,0
jax.numpy.broadcast_to,jax.numpy.broadcast_to,0,0,0,0,0
jax.numpy.can_cast,jax.numpy.can_cast,0,0,0,0,0
jax.numpy.can_cast,jax.numpy.can_cast,0,0,0,0,0
jax.numpy.can_cast,jax.numpy.can_cast,0,0,0,0,0
jax.numpy.can_cast,jax.numpy.can_cast,0,0,0,0,0
jax.numpy.can_cast,jax.numpy.can_cast,0,0,0,0,0
jax.numpy.can_cast,jax.numpy.can_cast,0,0,0,0,0
jax.numpy.cbrt,jax.numpy.cbrt,0,0,0,0,0
jax.numpy.cbrt,jax.numpy.cbrt,0,0,0,0,0
jax.numpy.cbrt,jax.numpy.cbrt,0,0,0,0,0
jax.numpy.cbrt,jax.numpy.cbrt,1,0,0,0,0
jax.numpy.cbrt,jax.numpy.cbrt,1,1,1,1,0
jax.numpy.ceil,jax.numpy.ceil,0,0,0,0,0
jax.numpy.choose,jax.numpy.choose,1,0,0,0,0
jax.numpy.choose,jax.numpy.choose,0,0,0,0,0
jax.numpy.clip,jax.numpy.clip,0,0,0,0,0
jax.numpy.clip,jax.numpy.clip,0,0,0,0,0
jax.numpy.clip,jax.numpy.clip,0,0,0,0,0
jax.numpy.column_stack,jax.numpy.column_stack,1,1,1,0,0
jax.numpy.column_stack,jax.numpy.column_stack,1,1,0,0,0
jax.numpy.compress,jax.numpy.compress,1,0,0,0,0
jax.numpy.compress,jax.numpy.compress,1,0,0,0,0
jax.numpy.compress,jax.numpy.compress,1,0,0,0,0
jax.numpy.concat,jax.numpy.concat,1,0,0,0,0
jax.numpy.concat,jax.numpy.concat,0,0,0,0,0
jax.numpy.concatenate,jax.numpy.concatenate,1,0,0,0,0
jax.numpy.concatenate,jax.numpy.concatenate,0,0,0,0,0
jax.numpy.conj,jax.numpy.conj,0,0,0,0,0
jax.numpy.conjugate,jax.numpy.conjugate,0,0,0,0,0
jax.numpy.conjugate,jax.numpy.conjugate,0,0,0,0,0
jax.numpy.conjugate,jax.numpy.conjugate,0,0,0,0,0
jax.numpy.conjugate,jax.numpy.conjugate,1,0,0,0,0
jax.numpy.conjugate,jax.numpy.conjugate,1,1,0,0,0
jax.numpy.convolve,jax.numpy.convolve,1,0,0,0,0
jax.numpy.convolve,jax.numpy.convolve,1,1,1,0,0
jax.numpy.copy,jax.numpy.copy,1,0,0,0,0
jax.numpy.copysign,jax.numpy.copysign,0,0,0,0,0
jax.numpy.corrcoef,jax.numpy.corrcoef,0,0,0,0,0
jax.numpy.correlate,jax.numpy.correlate,1,0,0,0,0
jax.numpy.correlate,jax.numpy.correlate,1,1,0,0,0
jax.numpy.cos,jax.numpy.cos,0,0,0,0,0
jax.numpy.cos,jax.numpy.cos,0,0,0,0,0
jax.numpy.cos,jax.numpy.cos,0,0,0,0,0
jax.numpy.cosh,jax.numpy.cosh,0,0,0,0,0
jax.numpy.cosh,jax.numpy.cosh,0,0,0,0,0
jax.numpy.cosh,jax.numpy.cosh,0,0,0,0,0
jax.numpy.cosh,jax.numpy.cosh,1,1,0,0,0
jax.numpy.cosh,jax.numpy.cosh,1,0,0,0,0
jax.numpy.count_nonzero,jax.numpy.count_nonzero,0,0,0,0,0
jax.numpy.count_nonzero,jax.numpy.count_nonzero,0,0,0,0,0
jax.numpy.count_nonzero,jax.numpy.count_nonzero,1,1,1,0,0
jax.numpy.cov,jax.numpy.cov,1,0,0,0,0
jax.numpy.cross,jax.numpy.cross,0,0,0,0,0
jax.numpy.cumprod,jax.numpy.cumprod,0,0,0,0,0
jax.numpy.cumsum,jax.numpy.cumsum,0,0,0,0,0
jax.numpy.cumulative_prod,jax.numpy.cumulative_prod,0,0,0,0,0
jax.numpy.cumulative_sum,jax.numpy.cumulative_sum,0,0,0,0,0
jax.numpy.deg2rad,jax.numpy.deg2rad,0,0,0,0,0
jax.numpy.deg2rad,jax.numpy.deg2rad,0,0,0,0,0
jax.numpy.deg2rad,jax.numpy.deg2rad,0,0,0,0,0
jax.numpy.degrees,jax.numpy.degrees,0,0,0,0,0
jax.numpy.degrees,jax.numpy.degrees,0,0,0,0,0
jax.numpy.degrees,jax.numpy.degrees,1,0,0,0,0
jax.numpy.degrees,jax.numpy.degrees,1,1,0,0,0
jax.numpy.degrees,jax.numpy.degrees,1,1,1,0,0
jax.numpy.delete,jax.numpy.delete,0,0,0,0,0
jax.numpy.delete,jax.numpy.delete,0,0,0,0,0
jax.numpy.delete,jax.numpy.delete,1,1,0,0,0
jax.numpy.delete,jax.numpy.delete,1,1,1,0,0
jax.numpy.diag,jax.numpy.diag,0,0,0,0,0
jax.numpy.diag_indices,jax.numpy.diag_indices,0,0,0,0,0
jax.numpy.diag_indices_from,jax.numpy.diag_indices_from,1,0,0,0,0
jax.numpy.diagflat,jax.numpy.diagflat,0,0,0,0,0
jax.numpy.diagonal,jax.numpy.diagonal,0,0,0,0,0
jax.numpy.diff,jax.numpy.diff,0,0,0,0,0
jax.numpy.digitize,jax.numpy.digitize,0,0,0,0,0
jax.numpy.divide,jax.numpy.divide,0,0,0,0,0
jax.numpy.divmod,jax.numpy.divmod,0,0,0,0,0
jax.numpy.divmod,jax.numpy.divmod,0,0,0,0,0
jax.numpy.divmod,jax.numpy.divmod,0,0,0,0,0
jax.numpy.divmod,jax.numpy.divmod,0,0,0,0,0
jax.numpy.divmod,jax.numpy.divmod,0,0,0,0,0
jax.numpy.divmod,jax.numpy.divmod,0,0,0,0,0
jax.numpy.divmod,jax.numpy.divmod,0,0,0,0,0
jax.numpy.dot,jax.numpy.dot,0,0,0,0,0
jax.numpy.dot,jax.numpy.dot,1,0,0,0,0
jax.numpy.dsplit,jax.numpy.dsplit,0,0,0,0,0
jax.numpy.dsplit,jax.numpy.dsplit,0,0,0,0,0
jax.numpy.dsplit,jax.numpy.dsplit,0,0,0,0,0
jax.numpy.dsplit,jax.numpy.dsplit,0,0,0,0,0
jax.numpy.dstack,jax.numpy.dstack,1,0,0,0,0
jax.numpy.dstack,jax.numpy.dstack,1,0,0,0,0
jax.numpy.ediff1d,jax.numpy.ediff1d,1,0,0,0,0
jax.numpy.ediff1d,jax.numpy.ediff1d,0,0,0,0,0
jax.numpy.ediff1d,jax.numpy.ediff1d,0,0,0,0,0
jax.numpy.ediff1d,jax.numpy.ediff1d,1,1,1,0,0
jax.numpy.ediff1d,jax.numpy.ediff1d,1,1,1,0,0
jax.numpy.einsum,jax.numpy.einsum,1,1,1,0,0
jax.numpy.einsum,jax.numpy.einsum,1,1,1,1,1
jax.numpy.einsum,jax.numpy.einsum,1,1,1,1,0
jax.numpy.einsum_path,jax.numpy.einsum_path,0,0,0,0,0
jax.numpy.einsum_path,jax.numpy.einsum_path,0,0,0,0,0
jax.numpy.einsum_path,jax.numpy.einsum_path,0,0,0,0,0
jax.numpy.empty,jax.numpy.empty,1,1,1,0,0
jax.numpy.empty,jax.numpy.empty,1,1,1,1,1
jax.numpy.empty,jax.numpy.empty,1,1,1,1,1
jax.numpy.empty,jax.numpy.empty,1,1,1,1,1
jax.numpy.empty,jax.numpy.empty,1,1,1,1,0
jax.numpy.empty,jax.numpy.empty,1,1,1,0,0
jax.numpy.empty_like,jax.numpy.empty_like,0,0,0,0,0
jax.numpy.empty_like,jax.numpy.empty_like,0,0,0,0,0
jax.numpy.empty_like,jax.numpy.empty_like,0,0,0,0,0
jax.numpy.equal,jax.numpy.equal,0,0,0,0,0
jax.numpy.equal,jax.numpy.equal,0,0,0,0,0
jax.numpy.equal,jax.numpy.equal,0,0,0,0,0
jax.numpy.equal,jax.numpy.equal,0,0,0,0,0
jax.numpy.equal,jax.numpy.equal,1,0,0,0,0
jax.numpy.equal,jax.numpy.equal,0,0,0,0,0
jax.numpy.equal,jax.numpy.equal,0,0,0,0,0
jax.numpy.exp2,jax.numpy.exp2,0,0,0,0,0
jax.numpy.exp2,jax.numpy.exp2,1,0,0,0,0
jax.numpy.exp2,jax.numpy.exp2,0,0,0,0,0
jax.numpy.exp,jax.numpy.exp,0,0,0,0,0
jax.numpy.exp,jax.numpy.exp,0,0,0,0,0
jax.numpy.exp,jax.numpy.exp,0,0,0,0,0
jax.numpy.expand_dims,jax.numpy.expand_dims,0,0,0,0,0
jax.numpy.expand_dims,jax.numpy.expand_dims,0,0,0,0,0
jax.numpy.expand_dims,jax.numpy.expand_dims,0,0,0,0,0
jax.numpy.expm1,jax.numpy.expm1,0,0,0,0,0
jax.numpy.expm1,jax.numpy.expm1,0,0,0,0,0
jax.numpy.expm1,jax.numpy.expm1,0,0,0,0,0
jax.numpy.expm1,jax.numpy.expm1,1,1,0,0,0
jax.numpy.expm1,jax.numpy.expm1,1,1,1,0,0
jax.numpy.extract,jax.numpy.extract,1,0,0,0,0
jax.numpy.eye,jax.numpy.eye,0,0,0,0,0
jax.numpy.eye,jax.numpy.eye,0,0,0,0,0
jax.numpy.fabs,jax.numpy.fabs,0,0,0,0,0
jax.numpy.fabs,jax.numpy.fabs,0,0,0,0,0
jax.numpy.fabs,jax.numpy.fabs,0,0,0,0,0
jax.numpy.fabs,jax.numpy.fabs,0,0,0,0,0
jax.numpy.fill_diagonal,jax.numpy.fill_diagonal,0,0,0,0,0
jax.numpy.fill_diagonal,jax.numpy.fill_diagonal,0,0,0,0,0
jax.numpy.fill_diagonal,jax.numpy.fill_diagonal,0,0,0,0,0
jax.numpy.fill_diagonal,jax.numpy.fill_diagonal,1,1,1,1,1
jax.numpy.fill_diagonal,jax.numpy.fill_diagonal,1,1,1,1,1
jax.numpy.flatnonzero,jax.numpy.flatnonzero,0,0,0,0,0
jax.numpy.flatnonzero,jax.numpy.flatnonzero,1,0,0,0,0
jax.numpy.flatnonzero,jax.numpy.flatnonzero,0,0,0,0,0
jax.numpy.flatnonzero,jax.numpy.flatnonzero,0,0,0,0,0
jax.numpy.flip,jax.numpy.flip,1,0,0,0,0
jax.numpy.flip,jax.numpy.flip,0,0,0,0,0
jax.numpy.flip,jax.numpy.flip,0,0,0,0,0
jax.numpy.fliplr,jax.numpy.fliplr,0,0,0,0,0
jax.numpy.flipud,jax.numpy.flipud,0,0,0,0,0
jax.numpy.float_power,jax.numpy.float_power,0,0,0,0,0
jax.numpy.float_power,jax.numpy.float_power,0,0,0,0,0
jax.numpy.float_power,jax.numpy.float_power,0,0,0,0,0
jax.numpy.floor,jax.numpy.floor,1,0,0,0,0
jax.numpy.floor,jax.numpy.floor,0,0,0,0,0
jax.numpy.floor,jax.numpy.floor,0,0,0,0,0
jax.numpy.floor_divide,jax.numpy.floor_divide,0,0,0,0,0
jax.numpy.floor_divide,jax.numpy.floor_divide,0,0,0,0,0
jax.numpy.floor_divide,jax.numpy.floor_divide,0,0,0,0,0
jax.numpy.floor_divide,jax.numpy.floor_divide,1,0,0,0,0
jax.numpy.floor_divide,jax.numpy.floor_divide,0,0,0,0,0
jax.numpy.fmax,jax.numpy.fmax,0,0,0,0,0
jax.numpy.fmax,jax.numpy.fmax,0,0,0,0,0
jax.numpy.fmax,jax.numpy.fmax,0,0,0,0,0
jax.numpy.fmax,jax.numpy.fmax,1,0,0,0,0
jax.numpy.fmax,jax.numpy.fmax,0,0,0,0,0
jax.numpy.fmax,jax.numpy.fmax,0,0,0,0,0
jax.numpy.fmax,jax.numpy.fmax,0,0,0,0,0
jax.numpy.fmin,jax.numpy.fmin,0,0,0,0,0
jax.numpy.fmod,jax.numpy.fmod,0,0,0,0,0
jax.numpy.fmod,jax.numpy.fmod,0,0,0,0,0
jax.numpy.fmod,jax.numpy.fmod,0,0,0,0,0
jax.numpy.fmod,jax.numpy.fmod,0,0,0,0,0
jax.numpy.fmod,jax.numpy.fmod,0,0,0,0,0
jax.numpy.fmod,jax.numpy.fmod,0,0,0,0,0
jax.numpy.fmod,jax.numpy.fmod,0,0,0,0,0
jax.numpy.frexp,jax.numpy.frexp,0,0,0,0,0
jax.numpy.from_dlpack,jax.numpy.from_dlpack,0,0,0,0,0
jax.numpy.fromfunction,jax.numpy.fromfunction,0,0,0,0,0
jax.numpy.fromfunction,jax.numpy.fromfunction,1,0,0,0,0
jax.numpy.full,jax.numpy.full,0,0,0,0,0
jax.numpy.full,jax.numpy.full,0,0,0,0,0
jax.numpy.full,jax.numpy.full,0,0,0,0,0
jax.numpy.full,jax.numpy.full,1,0,0,0,0
jax.numpy.full,jax.numpy.full,0,0,0,0,0
jax.numpy.full,jax.numpy.full,0,0,0,0,0
jax.numpy.full,jax.numpy.full,0,0,0,0,0
jax.numpy.full,jax.numpy.full,0,0,0,0,0
jax.numpy.full_like,jax.numpy.full_like,1,0,0,0,0
jax.numpy.full_like,jax.numpy.full_like,0,0,0,0,0
jax.numpy.full_like,jax.numpy.full_like,0,0,0,0,0
jax.numpy.full_like,jax.numpy.full_like,0,0,0,0,0
jax.numpy.gcd,jax.numpy.gcd,1,0,0,0,0
jax.numpy.gcd,jax.numpy.gcd,0,0,0,0,0
jax.numpy.geomspace,jax.numpy.geomspace,0,0,0,0,0
jax.numpy.geomspace,jax.numpy.geomspace,0,0,0,0,0
jax.numpy.geomspace,jax.numpy.geomspace,1,0,0,0,0
jax.numpy.gradient,jax.numpy.gradient,1,0,0,0,0
jax.numpy.gradient,jax.numpy.gradient,1,0,0,0,0
jax.numpy.gradient,jax.numpy.gradient,1,1,1,0,0
jax.numpy.gradient,jax.numpy.gradient,1,0,0,0,0
jax.numpy.gradient,jax.numpy.gradient,1,0,0,0,0
jax.numpy.gradient,jax.numpy.gradient,1,1,1,0,0
jax.numpy.greater,jax.numpy.greater,1,0,0,0,0
jax.numpy.greater,jax.numpy.greater,0,0,0,0,0
jax.numpy.greater,jax.numpy.greater,0,0,0,0,0
jax.numpy.greater,jax.numpy.greater,0,0,0,0,0
jax.numpy.greater,jax.numpy.greater,0,0,0,0,0
jax.numpy.greater,jax.numpy.greater,0,0,0,0,0
jax.numpy.greater,jax.numpy.greater,0,0,0,0,0
jax.numpy.greater_equal,jax.numpy.greater_equal,0,0,0,0,0
jax.numpy.hamming,jax.numpy.hamming,1,0,0,0,0
jax.numpy.hanning,jax.numpy.hanning,1,0,0,0,0
jax.numpy.heaviside,jax.numpy.heaviside,0,0,0,0,0
jax.numpy.heaviside,jax.numpy.heaviside,0,0,0,0,0
jax.numpy.heaviside,jax.numpy.heaviside,0,0,0,0,0
jax.numpy.heaviside,jax.numpy.heaviside,0,0,0,0,0
jax.numpy.heaviside,jax.numpy.heaviside,0,0,0,0,0
jax.numpy.heaviside,jax.numpy.heaviside,0,0,0,0,0
jax.numpy.heaviside,jax.numpy.heaviside,0,0,0,0,0
jax.numpy.heaviside,jax.numpy.heaviside,0,0,0,0,0
jax.numpy.heaviside,jax.numpy.heaviside,0,0,0,0,0
jax.numpy.histogram2d,jax.numpy.histogram2d,0,0,0,0,0
jax.numpy.histogram2d,jax.numpy.histogram2d,1,0,0,0,0
jax.numpy.histogram2d,jax.numpy.histogram2d,0,0,0,0,0
jax.numpy.histogram2d,jax.numpy.histogram2d,1,1,1,0,0
jax.numpy.histogram2d,jax.numpy.histogram2d,0,0,0,0,0
jax.numpy.histogram2d,jax.numpy.histogram2d,1,1,0,0,0
jax.numpy.histogram2d,jax.numpy.histogram2d,0,0,0,0,0
jax.numpy.histogram2d,jax.numpy.histogram2d,0,0,0,0,0
jax.numpy.histogram2d,jax.numpy.histogram2d,1,0,0,0,0
jax.numpy.histogram2d,jax.numpy.histogram2d,0,0,0,0,0
jax.numpy.histogram,jax.numpy.histogram,0,0,0,0,0
jax.numpy.histogram,jax.numpy.histogram,0,0,0,0,0
jax.numpy.histogram_bin_edges,jax.numpy.histogram_bin_edges,0,0,0,0,0
jax.numpy.histogram_bin_edges,jax.numpy.histogram_bin_edges,0,0,0,0,0
jax.numpy.histogram_bin_edges,jax.numpy.histogram_bin_edges,0,0,0,0,0
jax.numpy.histogram_bin_edges,jax.numpy.histogram_bin_edges,0,0,0,0,0
jax.numpy.histogramdd,jax.numpy.histogramdd,0,0,0,0,0
jax.numpy.histogramdd,jax.numpy.histogramdd,0,0,0,0,0
jax.numpy.histogramdd,jax.numpy.histogramdd,1,0,0,0,0
jax.numpy.histogramdd,jax.numpy.histogramdd,0,0,0,0,0
jax.numpy.hsplit,jax.numpy.hsplit,0,0,0,0,0
jax.numpy.hsplit,jax.numpy.hsplit,0,0,0,0,0
jax.numpy.hsplit,jax.numpy.hsplit,0,0,0,0,0
jax.numpy.hsplit,jax.numpy.hsplit,0,0,0,0,0
jax.numpy.hstack,jax.numpy.hstack,1,0,0,0,0
jax.numpy.hstack,jax.numpy.hstack,1,0,0,0,0
jax.numpy.hstack,jax.numpy.hstack,1,0,0,0,0
jax.numpy.hypot,jax.numpy.hypot,0,0,0,0,0
jax.numpy.hypot,jax.numpy.hypot,0,0,0,0,0
jax.numpy.hypot,jax.numpy.hypot,0,0,0,0,0
jax.numpy.i0,jax.numpy.i0,0,0,0,0,0
jax.numpy.i0,jax.numpy.i0,0,0,0,0,0
jax.numpy.i0,jax.numpy.i0,0,0,0,0,0
jax.numpy.identity,jax.numpy.identity,0,0,0,0,0
jax.numpy.imag,jax.numpy.imag,0,0,0,0,0
jax.numpy.imag,jax.numpy.imag,1,0,0,0,0
jax.numpy.imag,jax.numpy.imag,0,0,0,0,0
jax.numpy.indices,jax.numpy.indices,0,0,0,0,0
jax.numpy.indices,jax.numpy.indices,0,0,0,0,0
jax.numpy.inner,jax.numpy.inner,1,0,0,0,0
jax.numpy.inner,jax.numpy.inner,1,0,0,0,0
jax.numpy.inner,jax.numpy.inner,0,0,0,0,0
jax.numpy.inner,jax.numpy.inner,1,1,1,0,0
jax.numpy.insert,jax.numpy.insert,0,0,0,0,0
jax.numpy.insert,jax.numpy.insert,0,0,0,0,0
jax.numpy.insert,jax.numpy.insert,1,1,0,0,0
jax.numpy.insert,jax.numpy.insert,1,1,1,1,1
jax.numpy.interp,jax.numpy.interp,0,0,0,0,0
jax.numpy.interp,jax.numpy.interp,0,0,0,0,0
jax.numpy.intersect1d,jax.numpy.intersect1d,1,1,0,0,0
jax.numpy.invert,jax.numpy.invert,1,0,0,0,0
jax.numpy.isclose,jax.numpy.isclose,0,0,0,0,0
jax.numpy.iscomplex,jax.numpy.iscomplex,0,0,0,0,0
jax.numpy.iscomplexobj,jax.numpy.iscomplexobj,0,0,0,0,0
jax.numpy.iscomplexobj,jax.numpy.iscomplexobj,0,0,0,0,0
jax.numpy.iscomplexobj,jax.numpy.iscomplexobj,1,0,0,0,0
jax.numpy.iscomplexobj,jax.numpy.iscomplexobj,0,0,0,0,0
jax.numpy.iscomplexobj,jax.numpy.iscomplexobj,0,0,0,0,0
jax.numpy.iscomplexobj,jax.numpy.iscomplexobj,0,0,0,0,0
jax.numpy.isdtype,jax.numpy.isdtype,0,0,0,0,0
jax.numpy.isdtype,jax.numpy.isdtype,0,0,0,0,0
jax.numpy.isdtype,jax.numpy.isdtype,1,1,0,0,0
jax.numpy.isfinite,jax.numpy.isfinite,0,0,0,0,0
jax.numpy.isfinite,jax.numpy.isfinite,0,0,0,0,0
jax.numpy.isfinite,jax.numpy.isfinite,1,0,0,0,0
jax.numpy.isfinite,jax.numpy.isfinite,1,1,0,0,0
jax.numpy.isfinite,jax.numpy.isfinite,1,1,1,0,0
jax.numpy.isin,jax.numpy.isin,0,0,0,0,0
jax.numpy.isinf,jax.numpy.isinf,0,0,0,0,0
jax.numpy.isinf,jax.numpy.isinf,0,0,0,0,0
jax.numpy.isinf,jax.numpy.isinf,0,0,0,0,0
jax.numpy.isinf,jax.numpy.isinf,0,0,0,0,0
jax.numpy.isnan,jax.numpy.isnan,0,0,0,0,0
jax.numpy.isnan,jax.numpy.isnan,0,0,0,0,0
jax.numpy.isnan,jax.numpy.isnan,0,0,0,0,0
jax.numpy.isneginf,jax.numpy.isneginf,1,0,0,0,0
jax.numpy.isneginf,jax.numpy.isneginf,1,0,0,0,0
jax.numpy.isneginf,jax.numpy.isneginf,1,1,0,0,0
jax.numpy.isposinf,jax.numpy.isposinf,1,1,0,0,0
jax.numpy.isposinf,jax.numpy.isposinf,1,1,0,0,0
jax.numpy.isposinf,jax.numpy.isposinf,1,0,0,0,0
jax.numpy.isreal,jax.numpy.isreal,0,0,0,0,0
jax.numpy.isreal,jax.numpy.isreal,0,0,0,0,0
jax.numpy.isreal,jax.numpy.isreal,0,0,0,0,0
jax.numpy.isreal,jax.numpy.isreal,0,0,0,0,0
jax.numpy.isreal,jax.numpy.isreal,1,0,0,0,0
jax.numpy.isreal,jax.numpy.isreal,1,1,1,0,0
jax.numpy.isrealobj,jax.numpy.isrealobj,0,0,0,0,0
jax.numpy.isrealobj,jax.numpy.isrealobj,0,0,0,0,0
jax.numpy.isrealobj,jax.numpy.isrealobj,0,0,0,0,0
jax.numpy.isrealobj,jax.numpy.isrealobj,0,0,0,0,0
jax.numpy.isrealobj,jax.numpy.isrealobj,0,0,0,0,0
jax.numpy.isrealobj,jax.numpy.isrealobj,0,0,0,0,0
jax.numpy.isscalar,jax.numpy.isscalar,0,0,0,0,0
jax.numpy.isscalar,jax.numpy.isscalar,1,0,0,0,0
jax.numpy.isscalar,jax.numpy.isscalar,0,0,0,0,0
jax.numpy.isscalar,jax.numpy.isscalar,0,0,0,0,0
jax.numpy.isscalar,jax.numpy.isscalar,0,0,0,0,0
jax.numpy.isscalar,jax.numpy.isscalar,0,0,0,0,0
jax.numpy.isscalar,jax.numpy.isscalar,0,0,0,0,0
jax.numpy.isscalar,jax.numpy.isscalar,1,0,0,0,0
jax.numpy.issubdtype,jax.numpy.issubdtype,0,0,0,0,0
jax.numpy.issubdtype,jax.numpy.issubdtype,0,0,0,0,0
jax.numpy.issubdtype,jax.numpy.issubdtype,0,0,0,0,0
jax.numpy.issubdtype,jax.numpy.issubdtype,1,0,0,0,0
jax.numpy.iterable,jax.numpy.iterable,0,0,0,0,0
jax.numpy.iterable,jax.numpy.iterable,1,0,0,0,0
jax.numpy.iterable,jax.numpy.iterable,1,0,0,0,0
jax.numpy.iterable,jax.numpy.iterable,1,0,0,0,0
jax.numpy.iterable,jax.numpy.iterable,0,0,0,0,0
jax.numpy.iterable,jax.numpy.iterable,0,0,0,0,0
jax.numpy.iterable,jax.numpy.iterable,0,0,0,0,0
jax.numpy.ix_,jax.numpy.ix_,1,1,1,0,0
jax.numpy.kaiser,jax.numpy.kaiser,0,0,0,0,0
jax.numpy.kaiser,jax.numpy.kaiser,0,0,0,0,0
jax.numpy.kaiser,jax.numpy.kaiser,0,0,0,0,0
jax.numpy.kaiser,jax.numpy.kaiser,0,0,0,0,0
jax.numpy.kron,jax.numpy.kron,1,0,0,0,0
jax.numpy.lcm,jax.numpy.lcm,1,0,0,0,0
jax.numpy.ldexp,jax.numpy.ldexp,0,0,0,0,0
jax.numpy.ldexp,jax.numpy.ldexp,0,0,0,0,0
jax.numpy.left_shift,jax.numpy.left_shift,1,0,0,0,0
jax.numpy.left_shift,jax.numpy.left_shift,1,0,0,0,0
jax.numpy.left_shift,jax.numpy.left_shift,1,0,0,0,0
jax.numpy.left_shift,jax.numpy.left_shift,0,0,0,0,0
jax.numpy.less,jax.numpy.less,0,0,0,0,0
jax.numpy.less,jax.numpy.less,0,0,0,0,0
jax.numpy.less,jax.numpy.less,0,0,0,0,0
jax.numpy.less,jax.numpy.less,0,0,0,0,0
jax.numpy.less,jax.numpy.less,1,0,0,0,0
jax.numpy.less,jax.numpy.less,0,0,0,0,0
jax.numpy.less,jax.numpy.less,0,0,0,0,0
jax.numpy.less_equal,jax.numpy.less_equal,0,0,0,0,0
jax.numpy.lexsort,jax.numpy.lexsort,1,0,0,0,0
jax.numpy.lexsort,jax.numpy.lexsort,1,0,0,0,0
jax.numpy.linspace,jax.numpy.linspace,0,0,0,0,0
jax.numpy.linspace,jax.numpy.linspace,0,0,0,0,0
jax.numpy.log10,jax.numpy.log10,0,0,0,0,0
jax.numpy.log1p,jax.numpy.log1p,0,0,0,0,0
jax.numpy.log1p,jax.numpy.log1p,0,0,0,0,0
jax.numpy.log1p,jax.numpy.log1p,1,0,0,0,0
jax.numpy.log2,jax.numpy.log2,0,0,0,0,0
jax.numpy.log,jax.numpy.log,0,0,0,0,0
jax.numpy.log,jax.numpy.log,1,0,0,0,0
jax.numpy.log,jax.numpy.log,0,0,0,0,0
jax.numpy.log,jax.numpy.log,1,0,0,0,0
jax.numpy.log,jax.numpy.log,1,1,0,0,0
jax.numpy.logaddexp,jax.numpy.logaddexp,0,0,0,0,0
jax.numpy.logaddexp2,jax.numpy.logaddexp2,0,0,0,0,0
jax.numpy.logaddexp2,jax.numpy.logaddexp2,0,0,0,0,0
jax.numpy.logaddexp2,jax.numpy.logaddexp2,0,0,0,0,0
jax.numpy.logical_and,jax.numpy.logical_and,0,0,0,0,0
jax.numpy.logical_not,jax.numpy.logical_not,0,0,0,0,0
jax.numpy.logical_or,jax.numpy.logical_or,0,0,0,0,0
jax.numpy.logical_xor,jax.numpy.logical_xor,0,0,0,0,0
jax.numpy.logspace,jax.numpy.logspace,0,0,0,0,0
jax.numpy.logspace,jax.numpy.logspace,0,0,0,0,0
jax.numpy.logspace,jax.numpy.logspace,0,0,0,0,0
jax.numpy.mask_indices,jax.numpy.mask_indices,1,0,0,0,0
jax.numpy.matmul,jax.numpy.matmul,0,0,0,0,0
jax.numpy.matmul,jax.numpy.matmul,1,0,0,0,0
jax.numpy.matrix_transpose,jax.numpy.matrix_transpose,0,0,0,0,0
jax.numpy.matvec,jax.numpy.matvec,0,0,0,0,0
jax.numpy.max,jax.numpy.max,0,0,0,0,0
jax.numpy.max,jax.numpy.max,0,0,0,0,0
jax.numpy.max,jax.numpy.max,0,0,0,0,0
jax.numpy.maximum,jax.numpy.maximum,0,0,0,0,0
jax.numpy.mean,jax.numpy.mean,0,0,0,0,0
jax.numpy.mean,jax.numpy.mean,0,0,0,0,0
jax.numpy.mean,jax.numpy.mean,0,0,0,0,0
jax.numpy.median,jax.numpy.median,1,0,0,0,0
jax.numpy.median,jax.numpy.median,1,0,0,0,0
jax.numpy.meshgrid,jax.numpy.meshgrid,1,0,0,0,0
jax.numpy.min,jax.numpy.min,0,0,0,0,0
jax.numpy.min,jax.numpy.min,0,0,0,0,0
jax.numpy.min,jax.numpy.min,0,0,0,0,0
jax.numpy.min,jax.numpy.min,0,0,0,0,0
jax.numpy.minimum,jax.numpy.minimum,0,0,0,0,0
jax.numpy.mod,jax.numpy.mod,0,0,0,0,0
jax.numpy.modf,jax.numpy.modf,1,0,0,0,0
jax.numpy.modf,jax.numpy.modf,1,0,0,0,0
jax.numpy.modf,jax.numpy.modf,1,0,0,0,0
jax.numpy.modf,jax.numpy.modf,1,1,0,0,0
jax.numpy.modf,jax.numpy.modf,1,1,0,0,0
jax.numpy.moveaxis,jax.numpy.moveaxis,0,0,0,0,0
jax.numpy.moveaxis,jax.numpy.moveaxis,0,0,0,0,0
jax.numpy.moveaxis,jax.numpy.moveaxis,0,0,0,0,0
jax.numpy.multiply,jax.numpy.multiply,0,0,0,0,0
jax.numpy.nan_to_num,jax.numpy.nan_to_num,0,0,0,0,0
jax.numpy.nan_to_num,jax.numpy.nan_to_num,0,0,0,0,0
jax.numpy.nanargmax,jax.numpy.nanargmax,0,0,0,0,0
jax.numpy.nanargmin,jax.numpy.nanargmin,0,0,0,0,0
jax.numpy.nancumprod,jax.numpy.nancumprod,0,0,0,0,0
jax.numpy.nancumsum,jax.numpy.nancumsum,0,0,0,0,0
jax.numpy.nanmax,jax.numpy.nanmax,0,0,0,0,0
jax.numpy.nanmax,jax.numpy.nanmax,0,0,0,0,0
jax.numpy.nanmax,jax.numpy.nanmax,1,0,0,0,0
jax.numpy.nanmean,jax.numpy.nanmean,0,0,0,0,0
jax.numpy.nanmean,jax.numpy.nanmean,0,0,0,0,0
jax.numpy.nanmean,jax.numpy.nanmean,1,1,0,0,0
jax.numpy.nanmedian,jax.numpy.nanmedian,1,0,0,0,0
jax.numpy.nanmedian,jax.numpy.nanmedian,1,0,0,0,0
jax.numpy.nanmin,jax.numpy.nanmin,0,0,0,0,0
jax.numpy.nanmin,jax.numpy.nanmin,0,0,0,0,0
jax.numpy.nanmin,jax.numpy.nanmin,1,1,0,0,0
jax.numpy.nanpercentile,jax.numpy.nanpercentile,0,0,0,0,0
jax.numpy.nanpercentile,jax.numpy.nanpercentile,0,0,0,0,0
jax.numpy.nanprod,jax.numpy.nanprod,0,0,0,0,0
jax.numpy.nanprod,jax.numpy.nanprod,1,1,0,0,0
jax.numpy.nanprod,jax.numpy.nanprod,0,0,0,0,0
jax.numpy.nanquantile,jax.numpy.nanquantile,0,0,0,0,0
jax.numpy.nanquantile,jax.numpy.nanquantile,0,0,0,0,0
jax.numpy.nanquantile,jax.numpy.nanquantile,0,0,0,0,0
jax.numpy.nanquantile,jax.numpy.nanquantile,0,0,0,0,0
jax.numpy.nanquantile,jax.numpy.nanquantile,1,1,0,0,0
jax.numpy.nanquantile,jax.numpy.nanquantile,1,1,1,0,0
jax.numpy.nanstd,jax.numpy.nanstd,0,0,0,0,0
jax.numpy.nanstd,jax.numpy.nanstd,0,0,0,0,0
jax.numpy.nanstd,jax.numpy.nanstd,1,1,1,0,0
jax.numpy.nansum,jax.numpy.nansum,0,0,0,0,0
jax.numpy.nansum,jax.numpy.nansum,0,0,0,0,0
jax.numpy.nansum,jax.numpy.nansum,1,1,0,0,0
jax.numpy.nanvar,jax.numpy.nanvar,0,0,0,0,0
jax.numpy.nanvar,jax.numpy.nanvar,0,0,0,0,0
jax.numpy.nanvar,jax.numpy.nanvar,1,1,1,0,0
jax.numpy.ndim,jax.numpy.ndim,0,0,0,0,0
jax.numpy.ndim,jax.numpy.ndim,1,0,0,0,0
jax.numpy.ndim,jax.numpy.ndim,0,0,0,0,0
jax.numpy.ndim,jax.numpy.ndim,0,0,0,0,0
jax.numpy.negative,jax.numpy.negative,1,0,0,0,0
jax.numpy.negative,jax.numpy.negative,0,0,0,0,0
jax.numpy.negative,jax.numpy.negative,0,0,0,0,0
jax.numpy.nextafter,jax.numpy.nextafter,0,0,0,0,0
jax.numpy.nextafter,jax.numpy.nextafter,0,0,0,0,0
jax.numpy.nextafter,jax.numpy.nextafter,0,0,0,0,0
jax.numpy.nonzero,jax.numpy.nonzero,0,0,0,0,0
jax.numpy.nonzero,jax.numpy.nonzero,1,0,0,0,0
jax.numpy.not_equal,jax.numpy.not_equal,0,0,0,0,0
jax.numpy.not_equal,jax.numpy.not_equal,0,0,0,0,0
jax.numpy.not_equal,jax.numpy.not_equal,1,0,0,0,0
jax.numpy.not_equal,jax.numpy.not_equal,0,0,0,0,0
jax.numpy.not_equal,jax.numpy.not_equal,0,0,0,0,0
jax.numpy.not_equal,jax.numpy.not_equal,0,0,0,0,0
jax.numpy.not_equal,jax.numpy.not_equal,0,0,0,0,0
jax.numpy.ones,jax.numpy.ones,0,0,0,0,0
jax.numpy.ones,jax.numpy.ones,0,0,0,0,0
jax.numpy.ones,jax.numpy.ones,0,0,0,0,0
jax.numpy.ones_like,jax.numpy.ones_like,0,0,0,0,0
jax.numpy.ones_like,jax.numpy.ones_like,0,0,0,0,0
jax.numpy.ones_like,jax.numpy.ones_like,0,0,0,0,0
jax.numpy.outer,jax.numpy.outer,0,0,0,0,0
jax.numpy.packbits,jax.numpy.packbits,0,0,0,0,0
jax.numpy.pad,jax.numpy.pad,1,1,1,0,0
jax.numpy.pad,jax.numpy.pad,1,1,0,0,0
jax.numpy.pad,jax.numpy.pad,1,1,1,0,0
jax.numpy.partition,jax.numpy.partition,1,0,0,0,0
jax.numpy.percentile,jax.numpy.percentile,0,0,0,0,0
jax.numpy.percentile,jax.numpy.percentile,0,0,0,0,0
jax.numpy.percentile,jax.numpy.percentile,0,0,0,0,0
jax.numpy.percentile,jax.numpy.percentile,0,0,0,0,0
jax.numpy.permute_dims,jax.numpy.permute_dims,0,0,0,0,0
jax.numpy.piecewise,jax.numpy.piecewise,1,1,0,0,0
jax.numpy.piecewise,jax.numpy.piecewise,1,1,0,0,0
jax.numpy.place,jax.numpy.place,0,0,0,0,0
jax.numpy.place,jax.numpy.place,0,0,0,0,0
jax.numpy.place,jax.numpy.place,0,0,0,0,0
jax.numpy.place,jax.numpy.place,1,1,0,0,0
jax.numpy.place,jax.numpy.place,1,0,0,0,0
jax.numpy.poly,jax.numpy.poly,0,0,0,0,0
jax.numpy.poly,jax.numpy.poly,0,0,0,0,0
jax.numpy.poly,jax.numpy.poly,0,0,0,0,0
jax.numpy.polyadd,jax.numpy.polyadd,0,0,0,0,0
jax.numpy.polyder,jax.numpy.polyder,0,0,0,0,0
jax.numpy.polydiv,jax.numpy.polydiv,0,0,0,0,0
jax.numpy.polyfit,jax.numpy.polyfit,0,0,0,0,0
jax.numpy.polyfit,jax.numpy.polyfit,0,0,0,0,0
jax.numpy.polyint,jax.numpy.polyint,0,0,0,0,0
jax.numpy.polyint,jax.numpy.polyint,0,0,0,0,0
jax.numpy.polyint,jax.numpy.polyint,1,1,1,1,1
jax.numpy.polyint,jax.numpy.polyint,1,1,1,1,1
jax.numpy.polymul,jax.numpy.polymul,0,0,0,0,0
jax.numpy.polysub,jax.numpy.polysub,0,0,0,0,0
jax.numpy.polyval,jax.numpy.polyval,0,0,0,0,0
jax.numpy.polyval,jax.numpy.polyval,0,0,0,0,0
jax.numpy.polyval,jax.numpy.polyval,0,0,0,0,0
jax.numpy.positive,jax.numpy.positive,1,0,0,0,0
jax.numpy.positive,jax.numpy.positive,0,0,0,0,0
jax.numpy.positive,jax.numpy.positive,0,0,0,0,0
jax.numpy.pow,jax.numpy.pow,0,0,0,0,0
jax.numpy.power,jax.numpy.power,0,0,0,0,0
jax.numpy.power,jax.numpy.power,0,0,0,0,0
jax.numpy.power,jax.numpy.power,0,0,0,0,0
jax.numpy.power,jax.numpy.power,0,0,0,0,0
jax.numpy.power,jax.numpy.power,0,0,0,0,0
jax.numpy.power,jax.numpy.power,0,0,0,0,0
jax.numpy.power,jax.numpy.power,0,0,0,0,0
jax.numpy.prod,jax.numpy.prod,0,0,0,0,0
jax.numpy.prod,jax.numpy.prod,0,0,0,0,0
jax.numpy.prod,jax.numpy.prod,1,0,0,0,0
jax.numpy.promote_types,jax.numpy.promote_types,0,0,0,0,0
jax.numpy.promote_types,jax.numpy.promote_types,0,0,0,0,0
jax.numpy.promote_types,jax.numpy.promote_types,0,0,0,0,0
jax.numpy.promote_types,jax.numpy.promote_types,0,0,0,0,0
jax.numpy.ptp,jax.numpy.ptp,1,0,0,0,0
jax.numpy.ptp,jax.numpy.ptp,0,0,0,0,0
jax.numpy.ptp,jax.numpy.ptp,0,0,0,0,0
jax.numpy.put,jax.numpy.put,0,0,0,0,0
jax.numpy.put,jax.numpy.put,1,1,0,0,0
jax.numpy.put,jax.numpy.put,1,1,0,0,0
jax.numpy.put,jax.numpy.put,1,1,0,0,0
jax.numpy.put,jax.numpy.put,1,0,0,0,0
jax.numpy.put_along_axis,jax.numpy.put_along_axis,0,0,0,0,0
jax.numpy.put_along_axis,jax.numpy.put_along_axis,0,0,0,0,0
jax.numpy.put_along_axis,jax.numpy.put_along_axis,1,0,0,0,0
jax.numpy.quantile,jax.numpy.quantile,0,0,0,0,0
jax.numpy.quantile,jax.numpy.quantile,0,0,0,0,0
jax.numpy.quantile,jax.numpy.quantile,0,0,0,0,0
jax.numpy.quantile,jax.numpy.quantile,1,0,0,0,0
jax.numpy.rad2deg,jax.numpy.rad2deg,0,0,0,0,0
jax.numpy.rad2deg,jax.numpy.rad2deg,0,0,0,0,0
jax.numpy.rad2deg,jax.numpy.rad2deg,0,0,0,0,0
jax.numpy.radians,jax.numpy.radians,0,0,0,0,0
jax.numpy.radians,jax.numpy.radians,1,1,1,0,0
jax.numpy.radians,jax.numpy.radians,1,1,1,1,1
jax.numpy.radians,jax.numpy.radians,0,0,0,0,0
jax.numpy.radians,jax.numpy.radians,0,0,0,0,0
jax.numpy.ravel,jax.numpy.ravel,0,0,0,0,0
jax.numpy.ravel_multi_index,jax.numpy.ravel_multi_index,1,0,0,0,0
jax.numpy.ravel_multi_index,jax.numpy.ravel_multi_index,1,0,0,0,0
jax.numpy.real,jax.numpy.real,0,0,0,0,0
jax.numpy.real,jax.numpy.real,0,0,0,0,0
jax.numpy.real,jax.numpy.real,0,0,0,0,0
jax.numpy.reciprocal,jax.numpy.reciprocal,0,0,0,0,0
jax.numpy.reciprocal,jax.numpy.reciprocal,0,0,0,0,0
jax.numpy.reciprocal,jax.numpy.reciprocal,0,0,0,0,0
jax.numpy.remainder,jax.numpy.remainder,0,0,0,0,0
jax.numpy.remainder,jax.numpy.remainder,0,0,0,0,0
jax.numpy.remainder,jax.numpy.remainder,0,0,0,0,0
jax.numpy.repeat,jax.numpy.repeat,0,0,0,0,0
jax.numpy.repeat,jax.numpy.repeat,0,0,0,0,0
jax.numpy.repeat,jax.numpy.repeat,1,1,1,1,0
jax.numpy.reshape,jax.numpy.reshape,0,0,0,0,0
jax.numpy.reshape,jax.numpy.reshape,0,0,0,0,0
jax.numpy.reshape,jax.numpy.reshape,0,0,0,0,0
jax.numpy.resize,jax.numpy.resize,1,0,0,0,0
jax.numpy.resize,jax.numpy.resize,0,0,0,0,0
jax.numpy.result_type,jax.numpy.result_type,0,0,0,0,0
jax.numpy.result_type,jax.numpy.result_type,0,0,0,0,0
jax.numpy.result_type,jax.numpy.result_type,1,0,0,0,0
jax.numpy.result_type,jax.numpy.result_type,0,0,0,0,0
jax.numpy.result_type,jax.numpy.result_type,0,0,0,0,0
jax.numpy.result_type,jax.numpy.result_type,1,1,0,0,0
jax.numpy.right_shift,jax.numpy.right_shift,1,0,0,0,0
jax.numpy.right_shift,jax.numpy.right_shift,1,0,0,0,0
jax.numpy.right_shift,jax.numpy.right_shift,1,0,0,0,0
jax.numpy.right_shift,jax.numpy.right_shift,1,0,0,0,0
jax.numpy.rint,jax.numpy.rint,0,0,0,0,0
jax.numpy.roll,jax.numpy.roll,0,0,0,0,0
jax.numpy.roll,jax.numpy.roll,0,0,0,0,0
jax.numpy.roll,jax.numpy.roll,0,0,0,0,0
jax.numpy.roll,jax.numpy.roll,0,0,0,0,0
jax.numpy.rollaxis,jax.numpy.rollaxis,0,0,0,0,0
jax.numpy.roots,jax.numpy.roots,0,0,0,0,0
jax.numpy.rot90,jax.numpy.rot90,0,0,0,0,0
jax.numpy.round,jax.numpy.round,0,0,0,0,0
jax.numpy.round,jax.numpy.round,0,0,0,0,0
jax.numpy.round,jax.numpy.round,1,0,0,0,0
jax.numpy.searchsorted,jax.numpy.searchsorted,0,0,0,0,0
jax.numpy.select,jax.numpy.select,1,0,0,0,0
jax.numpy.select,jax.numpy.select,1,0,0,0,0
jax.numpy.select,jax.numpy.select,1,1,0,0,0
jax.numpy.select,jax.numpy.select,1,0,0,0,0
jax.numpy.setdiff1d,jax.numpy.setdiff1d,0,0,0,0,0
jax.numpy.setdiff1d,jax.numpy.setdiff1d,0,0,0,0,0
jax.numpy.setdiff1d,jax.numpy.setdiff1d,1,1,1,0,0
jax.numpy.setxor1d,jax.numpy.setxor1d,0,0,0,0,0
jax.numpy.shape,jax.numpy.shape,0,0,0,0,0
jax.numpy.shape,jax.numpy.shape,0,0,0,0,0
jax.numpy.shape,jax.numpy.shape,0,0,0,0,0
jax.numpy.shape,jax.numpy.shape,0,0,0,0,0
jax.numpy.sign,jax.numpy.sign,0,0,0,0,0
jax.numpy.sign,jax.numpy.sign,0,0,0,0,0
jax.numpy.sign,jax.numpy.sign,0,0,0,0,0
jax.numpy.sign,jax.numpy.sign,1,1,1,0,0
jax.numpy.sign,jax.numpy.sign,1,1,0,0,0
jax.numpy.signbit,jax.numpy.signbit,0,0,0,0,0
jax.numpy.sin,jax.numpy.sin,0,0,0,0,0
jax.numpy.sin,jax.numpy.sin,0,0,0,0,0
jax.numpy.sin,jax.numpy.sin,1,0,0,0,0
jax.numpy.sin,jax.numpy.sin,1,1,1,1,0
jax.numpy.sin,jax.numpy.sin,1,0,0,0,0
jax.numpy.sinc,jax.numpy.sinc,0,0,0,0,0
jax.numpy.sinh,jax.numpy.sinh,0,0,0,0,0
jax.numpy.sinh,jax.numpy.sinh,0,0,0,0,0
jax.numpy.sinh,jax.numpy.sinh,0,0,0,0,0
jax.numpy.size,jax.numpy.size,1,0,0,0,0
jax.numpy.size,jax.numpy.size,0,0,0,0,0
jax.numpy.size,jax.numpy.size,0,0,0,0,0
jax.numpy.sort,jax.numpy.sort,0,0,0,0,0
jax.numpy.sort,jax.numpy.sort,1,0,0,0,0
jax.numpy.sort,jax.numpy.sort,1,1,1,0,0
jax.numpy.sort_complex,jax.numpy.sort_complex,0,0,0,0,0
jax.numpy.spacing,jax.numpy.spacing,0,0,0,0,0
jax.numpy.split,jax.numpy.split,0,0,0,0,0
jax.numpy.split,jax.numpy.split,0,0,0,0,0
jax.numpy.split,jax.numpy.split,0,0,0,0,0
jax.numpy.split,jax.numpy.split,0,0,0,0,0
jax.numpy.sqrt,jax.numpy.sqrt,0,0,0,0,0
jax.numpy.sqrt,jax.numpy.sqrt,0,0,0,0,0
jax.numpy.sqrt,jax.numpy.sqrt,0,0,0,0,0
jax.numpy.square,jax.numpy.square,1,0,0,0,0
jax.numpy.square,jax.numpy.square,0,0,0,0,0
jax.numpy.square,jax.numpy.square,0,0,0,0,0
jax.numpy.square,jax.numpy.square,1,0,0,0,0
jax.numpy.square,jax.numpy.square,1,1,1,0,0
jax.numpy.squeeze,jax.numpy.squeeze,0,0,0,0,0
jax.numpy.squeeze,jax.numpy.squeeze,0,0,0,0,0
jax.numpy.squeeze,jax.numpy.squeeze,0,0,0,0,0
jax.numpy.stack,jax.numpy.stack,1,0,0,0,0
jax.numpy.stack,jax.numpy.stack,0,0,0,0,0
jax.numpy.std,jax.numpy.std,1,0,0,0,0
jax.numpy.std,jax.numpy.std,1,0,0,0,0
jax.numpy.std,jax.numpy.std,1,0,0,0,0
jax.numpy.subtract,jax.numpy.subtract,1,0,0,0,0
jax.numpy.sum,jax.numpy.sum,0,0,0,0,0
jax.numpy.sum,jax.numpy.sum,0,0,0,0,0
jax.numpy.sum,jax.numpy.sum,0,0,0,0,0
jax.numpy.swapaxes,jax.numpy.swapaxes,0,0,0,0,0
jax.numpy.take,jax.numpy.take,0,0,0,0,0
jax.numpy.take,jax.numpy.take,0,0,0,0,0
jax.numpy.take,jax.numpy.take,1,1,1,1,1
jax.numpy.take,jax.numpy.take,1,1,1,1,0
jax.numpy.take_along_axis,jax.numpy.take_along_axis,0,0,0,0,0
jax.numpy.take_along_axis,jax.numpy.take_along_axis,0,0,0,0,0
jax.numpy.tan,jax.numpy.tan,0,0,0,0,0
jax.numpy.tan,jax.numpy.tan,0,0,0,0,0
jax.numpy.tan,jax.numpy.tan,0,0,0,0,0
jax.numpy.tanh,jax.numpy.tanh,0,0,0,0,0
jax.numpy.tanh,jax.numpy.tanh,0,0,0,0,0
jax.numpy.tanh,jax.numpy.tanh,0,0,0,0,0
jax.numpy.tensordot,jax.numpy.tensordot,0,0,0,0,0
jax.numpy.tensordot,jax.numpy.tensordot,0,0,0,0,0
jax.numpy.tensordot,jax.numpy.tensordot,1,0,0,0,0
jax.numpy.tile,jax.numpy.tile,0,0,0,0,0
jax.numpy.tile,jax.numpy.tile,0,0,0,0,0
jax.numpy.tile,jax.numpy.tile,0,0,0,0,0
jax.numpy.trace,jax.numpy.trace,1,0,0,0,0
jax.numpy.trace,jax.numpy.trace,0,0,0,0,0
jax.numpy.transpose,jax.numpy.transpose,0,0,0,0,0
jax.numpy.transpose,jax.numpy.transpose,0,0,0,0,0
jax.numpy.trapezoid,jax.numpy.trapezoid,0,0,0,0,0
jax.numpy.trapezoid,jax.numpy.trapezoid,0,0,0,0,0
jax.numpy.trapezoid,jax.numpy.trapezoid,0,0,0,0,0
jax.numpy.trapezoid,jax.numpy.trapezoid,0,0,0,0,0
jax.numpy.trapezoid,jax.numpy.trapezoid,0,0,0,0,0
jax.numpy.trapezoid,jax.numpy.trapezoid,0,0,0,0,0
jax.numpy.tri,jax.numpy.tri,0,0,0,0,0
jax.numpy.tril,jax.numpy.tril,0,0,0,0,0
jax.numpy.tril_indices,jax.numpy.tril_indices,0,0,0,0,0
jax.numpy.tril_indices_from,jax.numpy.tril_indices_from,0,0,0,0,0
jax.numpy.trim_zeros,jax.numpy.trim_zeros,0,0,0,0,0
jax.numpy.trim_zeros,jax.numpy.trim_zeros,0,0,0,0,0
jax.numpy.trim_zeros,jax.numpy.trim_zeros,0,0,0,0,0
jax.numpy.triu,jax.numpy.triu,0,0,0,0,0
jax.numpy.triu_indices,jax.numpy.triu_indices,0,0,0,0,0
jax.numpy.triu_indices_from,jax.numpy.triu_indices_from,0,0,0,0,0
jax.numpy.true_divide,jax.numpy.true_divide,0,0,0,0,0
jax.numpy.trunc,jax.numpy.trunc,0,0,0,0,0
jax.numpy.trunc,jax.numpy.trunc,0,0,0,0,0
jax.numpy.trunc,jax.numpy.trunc,0,0,0,0,0
jax.numpy.union1d,jax.numpy.union1d,1,0,0,0,0
jax.numpy.union1d,jax.numpy.union1d,0,0,0,0,0
jax.numpy.union1d,jax.numpy.union1d,0,0,0,0,0
jax.numpy.unique,jax.numpy.unique,1,0,0,0,0
jax.numpy.unique_all,jax.numpy.unique_all,0,0,0,0,0
jax.numpy.unique_all,jax.numpy.unique_all,0,0,0,0,0
jax.numpy.unique_all,jax.numpy.unique_all,0,0,0,0,0
jax.numpy.unique_counts,jax.numpy.unique_counts,1,0,0,0,0
jax.numpy.unique_counts,jax.numpy.unique_counts,0,0,0,0,0
jax.numpy.unique_counts,jax.numpy.unique_counts,0,0,0,0,0
jax.numpy.unique_counts,jax.numpy.unique_counts,0,0,0,0,0
jax.numpy.unique_inverse,jax.numpy.unique_inverse,1,0,0,0,0
jax.numpy.unique_inverse,jax.numpy.unique_inverse,0,0,0,0,0
jax.numpy.unique_inverse,jax.numpy.unique_inverse,0,0,0,0,0
jax.numpy.unique_inverse,jax.numpy.unique_inverse,0,0,0,0,0
jax.numpy.unique_values,jax.numpy.unique_values,0,0,0,0,0
jax.numpy.unique_values,jax.numpy.unique_values,0,0,0,0,0
jax.numpy.unique_values,jax.numpy.unique_values,0,0,0,0,0
jax.numpy.unpackbits,jax.numpy.unpackbits,0,0,0,0,0
jax.numpy.unravel_index,jax.numpy.unravel_index,0,0,0,0,0
jax.numpy.unravel_index,jax.numpy.unravel_index,1,0,0,0,0
jax.numpy.unravel_index,jax.numpy.unravel_index,0,0,0,0,0
jax.numpy.unravel_index,jax.numpy.unravel_index,0,0,0,0,0
jax.numpy.unstack,jax.numpy.unstack,0,0,0,0,0
jax.numpy.unwrap,jax.numpy.unwrap,0,0,0,0,0
jax.numpy.unwrap,jax.numpy.unwrap,0,0,0,0,0
jax.numpy.vander,jax.numpy.vander,0,0,0,0,0
jax.numpy.var,jax.numpy.var,1,1,1,0,0
jax.numpy.var,jax.numpy.var,1,1,1,1,0
jax.numpy.var,jax.numpy.var,1,1,1,0,0
jax.numpy.var,jax.numpy.var,1,1,1,0,0
jax.numpy.vdot,jax.numpy.vdot,1,0,0,0,0
jax.numpy.vdot,jax.numpy.vdot,1,1,0,0,0
jax.numpy.vdot,jax.numpy.vdot,0,0,0,0,0
jax.numpy.vdot,jax.numpy.vdot,1,1,0,0,0
jax.numpy.vecdot,jax.numpy.vecdot,0,0,0,0,0
jax.numpy.vecdot,jax.numpy.vecdot,1,1,0,0,0
jax.numpy.vecmat,jax.numpy.vecmat,0,0,0,0,0
jax.numpy.vectorize,jax.numpy.vectorize,0,0,0,0,0
jax.numpy.vectorize,jax.numpy.vectorize,0,0,0,0,0
jax.numpy.vsplit,jax.numpy.vsplit,0,0,0,0,0
jax.numpy.vsplit,jax.numpy.vsplit,0,0,0,0,0
jax.numpy.vsplit,jax.numpy.vsplit,0,0,0,0,0
jax.numpy.vsplit,jax.numpy.vsplit,0,0,0,0,0
jax.numpy.vstack,jax.numpy.vstack,1,0,0,0,0
jax.numpy.vstack,jax.numpy.vstack,0,0,0,0,0
jax.numpy.where,jax.numpy.where,0,0,0,0,0
jax.numpy.where,jax.numpy.where,0,0,0,0,0
jax.numpy.zeros,jax.numpy.zeros,1,1,1,0,0
jax.numpy.zeros,jax.numpy.zeros,1,1,1,1,1
jax.numpy.zeros,jax.numpy.zeros,1,1,1,1,0
jax.numpy.zeros_like,jax.numpy.zeros_like,0,0,0,0,0
jax.numpy.zeros_like,jax.numpy.zeros_like,0,0,0,0,0
jax.numpy.zeros_like,jax.numpy.zeros_like,0,0,0,0,0
jax.numpy.zeros_like,jax.numpy.zeros_like,0,0,0,0,0
jax.numpy.zeros_like,jax.numpy.zeros_like,0,0,0,0,0
jax.numpy.zeros_like,jax.numpy.zeros_like,0,0,0,0,0
