[Prompt]

This is the documentation for the function torch.fix:

"torch.fix#
torch.fix(input, *, out=None)  Tensor#
Alias for torch.trunc()
torch.trunc()"

For the api torch.fix, provide a signature of the api as a dictionary. Here are the specifications:
- The dictionary should have three keys: 
    - `args` for positional arguments (parameters). The value should be a dictionary with names of the parameters as the key (e.g. "input"). The values should be the type of argument it accepts.
    - `kwargs` for keyword arguments. The value should be a dictinary similar to the one above.
    - `inner` for apis that are callable modules i.e. they return a function that can be called with more parameters. This will contain the signature required to call the function returned by the api. This value should be another dictionary with `args` and `kwargs` if the api is a callable module. Otherwise, keep this dictionary empty (i.e. do not include the `args` or `kwargs` keys). This api likely does not return a function, check if that is true. If so, `inner` should be empty. Otherwise add the signature for the inner call.
- **IMPORTANT** The types of each parameter can only be (strictly) one of the following options:
    - "tensor"
    - "tensor_list"
    - "integer"
    - "float"
    - "boolean"
    - "string"
    - "dtype"
    - "list"
    - "tuple"
- Choose the value that most closely matches with the argument type. For example, change IntTensor or FloatTensor type arguments to "tensor", change "Numbers" to "float" etc.
- If you are confused about a type, choose the best one and add a small comment on what you think should have been there instead.
- Do not add the argument "device".
- If a parameter name starts with an underscore `_` and/or the document does not describe the parameter (i.e. internal parameters), skip including the parameter in the signature.
- If the api has multiple signatures, add both with a prefix to the dictionary key enumerating the count (e.g. `"torch.fix_1"`, `"torch.fix_2"` etc). Same goes for argument types, if an argument can be of multiple types (e.g. tuples and integers), create new signatures for each possible type with same prefixes as mentioned before.
- **IMPORTANT** Assume I already have a dictionary called `signatures` (you don't have to initialize it). Provide the output as assigning the signature to the entry of the `signatures` dictionary. 

Examples:

```python
signatures["torch.scatter_add"] = {
    "args": {
        "input": "tensor",
        "dim": "integer",
        "index": "tensor",
        "src": "tensor"
    },
    "kwargs": {},
    "inner": {},
}
signatures["torch.add"] = {
    "args": {
        "input": "tensor",
        "other": "tensor"
    },
    "kwargs": {
        "alpha": "float",
        "out": "tensor"
    },
    "inner": {},
}
signatures["torch.nn.ReflectionPad1d_1"] = {
    "args": {
        "padding": "integer"
    },
    "kwargs": {},
    "inner": {
        "args": {
            "input": "tensor",
            "other": "tensor"
        },
        "kwargs": {}
    }
}
signatures["torch.nn.ReflectionPad1d_2"] = {
    "args": {
        "padding": "tuple"
    },
    "kwargs": {},
    "inner": {
        "args": {
            "input": "tensor",
            "other": "tensor"
        },
        "kwargs": {}
    }
}
```


- Only provide the code, skip any other text. Do not include verbose comments inside code other than short comments about confusion. Do not make any system calls within the code. Do not break any dependencies.


HTTP Request: POST http://127.0.0.1:8080/v1/chat/completions "HTTP/1.1 200 OK"
[Response]

```python
signatures["torch.fix"] = {
    "args": {
        "input": "tensor"
    },
    "kwargs": {
        "out": "tensor"
    },
    "inner": {}
}
```


[Usage]

Token usage: input=849, output=47, total=896


[Prompt]

For the api torch.is_grad_enabled, provide a signature of the api as a dictionary. Here are the specifications:
- The dictionary should have three keys: 
    - `args` for positional arguments (parameters). The value should be a dictionary with names of the parameters as the key (e.g. "input"). The values should be the type of argument it accepts.
    - `kwargs` for keyword arguments. The value should be a dictinary similar to the one above.
    - `inner` for apis that are callable modules i.e. they return a function that can be called with more parameters. This will contain the signature required to call the function returned by the api. This value should be another dictionary with `args` and `kwargs` if the api is a callable module. Otherwise, keep this dictionary empty (i.e. do not include the `args` or `kwargs` keys). This api likely does not return a function, check if that is true. If so, `inner` should be empty. Otherwise add the signature for the inner call.
- **IMPORTANT** The types of each parameter can only be (strictly) one of the following options:
    - "tensor"
    - "tensor_list"
    - "integer"
    - "float"
    - "boolean"
    - "string"
    - "dtype"
    - "list"
    - "tuple"
- Choose the value that most closely matches with the argument type. For example, change IntTensor or FloatTensor type arguments to "tensor", change "Numbers" to "float" etc.
- If you are confused about a type, choose the best one and add a small comment on what you think should have been there instead.
- Do not add the argument "device".
- If a parameter name starts with an underscore `_` and/or the document does not describe the parameter (i.e. internal parameters), skip including the parameter in the signature.
- If the api has multiple signatures, add both with a prefix to the dictionary key enumerating the count (e.g. `"torch.is_grad_enabled_1"`, `"torch.is_grad_enabled_2"` etc). Same goes for argument types, if an argument can be of multiple types (e.g. tuples and integers), create new signatures for each possible type with same prefixes as mentioned before.
- **IMPORTANT** Assume I already have a dictionary called `signatures` (you don't have to initialize it). Provide the output as assigning the signature to the entry of the `signatures` dictionary. 

Examples:

```python
signatures["torch.scatter_add"] = {
    "args": {
        "input": "tensor",
        "dim": "integer",
        "index": "tensor",
        "src": "tensor"
    },
    "kwargs": {},
    "inner": {},
}
signatures["torch.add"] = {
    "args": {
        "input": "tensor",
        "other": "tensor"
    },
    "kwargs": {
        "alpha": "float",
        "out": "tensor"
    },
    "inner": {},
}
signatures["torch.nn.ReflectionPad1d_1"] = {
    "args": {
        "padding": "integer"
    },
    "kwargs": {},
    "inner": {
        "args": {
            "input": "tensor",
            "other": "tensor"
        },
        "kwargs": {}
    }
}
signatures["torch.nn.ReflectionPad1d_2"] = {
    "args": {
        "padding": "tuple"
    },
    "kwargs": {},
    "inner": {
        "args": {
            "input": "tensor",
            "other": "tensor"
        },
        "kwargs": {}
    }
}
```


- Only provide the code, skip any other text. Do not include verbose comments inside code other than short comments about confusion. Do not make any system calls within the code. Do not break any dependencies.


HTTP Request: POST http://127.0.0.1:8080/v1/chat/completions "HTTP/1.1 200 OK"
[Response]

signatures["torch.is_grad_enabled"] = {
    "args": {},
    "kwargs": {},
    "inner": {}
}


[Usage]

Token usage: input=819, output=27, total=846


[Prompt]

This is the documentation for the function torch.nn.functional.hardshrink:

"torch.nn.functional.hardshrink#
torch.nn.functional.hardshrink(input, lambd=0.5)  Tensor#
Applies the hard shrinkage function element-wise See Hardshrink for more details.
Applies the hard shrinkage function element-wise
See Hardshrink for more details.
Hardshrink"

For the api torch.nn.functional.hardshrink, provide a signature of the api as a dictionary. Here are the specifications:
- The dictionary should have three keys: 
    - `args` for positional arguments (parameters). The value should be a dictionary with names of the parameters as the key (e.g. "input"). The values should be the type of argument it accepts.
    - `kwargs` for keyword arguments. The value should be a dictinary similar to the one above.
    - `inner` for apis that are callable modules i.e. they return a function that can be called with more parameters. This will contain the signature required to call the function returned by the api. This value should be another dictionary with `args` and `kwargs` if the api is a callable module. Otherwise, keep this dictionary empty (i.e. do not include the `args` or `kwargs` keys). This api likely does not return a function, check if that is true. If so, `inner` should be empty. Otherwise add the signature for the inner call.
- **IMPORTANT** The types of each parameter can only be (strictly) one of the following options:
    - "tensor"
    - "tensor_list"
    - "integer"
    - "float"
    - "boolean"
    - "string"
    - "dtype"
    - "list"
    - "tuple"
- Choose the value that most closely matches with the argument type. For example, change IntTensor or FloatTensor type arguments to "tensor", change "Numbers" to "float" etc.
- If you are confused about a type, choose the best one and add a small comment on what you think should have been there instead.
- Do not add the argument "device".
- If a parameter name starts with an underscore `_` and/or the document does not describe the parameter (i.e. internal parameters), skip including the parameter in the signature.
- If the api has multiple signatures, add both with a prefix to the dictionary key enumerating the count (e.g. `"torch.nn.functional.hardshrink_1"`, `"torch.nn.functional.hardshrink_2"` etc). Same goes for argument types, if an argument can be of multiple types (e.g. tuples and integers), create new signatures for each possible type with same prefixes as mentioned before.
- **IMPORTANT** Assume I already have a dictionary called `signatures` (you don't have to initialize it). Provide the output as assigning the signature to the entry of the `signatures` dictionary. 

Examples:

```python
signatures["torch.scatter_add"] = {
    "args": {
        "input": "tensor",
        "dim": "integer",
        "index": "tensor",
        "src": "tensor"
    },
    "kwargs": {},
    "inner": {},
}
signatures["torch.add"] = {
    "args": {
        "input": "tensor",
        "other": "tensor"
    },
    "kwargs": {
        "alpha": "float",
        "out": "tensor"
    },
    "inner": {},
}
signatures["torch.nn.ReflectionPad1d_1"] = {
    "args": {
        "padding": "integer"
    },
    "kwargs": {},
    "inner": {
        "args": {
            "input": "tensor",
            "other": "tensor"
        },
        "kwargs": {}
    }
}
signatures["torch.nn.ReflectionPad1d_2"] = {
    "args": {
        "padding": "tuple"
    },
    "kwargs": {},
    "inner": {
        "args": {
            "input": "tensor",
            "other": "tensor"
        },
        "kwargs": {}
    }
}
```


- Only provide the code, skip any other text. Do not include verbose comments inside code other than short comments about confusion. Do not make any system calls within the code. Do not break any dependencies.


HTTP Request: POST http://127.0.0.1:8080/v1/chat/completions "HTTP/1.1 200 OK"
[Response]

signatures["torch.nn.functional.hardshrink"] = {
    "args": {
        "input": "tensor"
    },
    "kwargs": {
        "lambd": "float"
    },
    "inner": {},
}


[Usage]

Token usage: input=910, output=50, total=960


[Prompt]

This is the documentation for the function torch.reciprocal:

"torch.reciprocal#
torch.reciprocal(input, *, out=None)  Tensor#
Returns a new tensor with the reciprocal of the elements of input outi=1inputi\text{out}_{i} = \frac{1}{\text{input}_{i}} outi=inputi1 Note Unlike NumPys reciprocal, torch.reciprocal supports integral inputs. Integral inputs to reciprocal are automatically promoted to the default scalar type. Parameters input (Tensor)  the input tensor. Keyword Arguments out (Tensor, optional)  the output tensor. Example: >>> a = torch.randn(4) >>> a tensor([-0.4595, -2.1219, -1.4314, 0.7298]) >>> torch.reciprocal(a) tensor([-2.1763, -0.4713, -0.6986, 1.3702])
Returns a new tensor with the reciprocal of the elements of input
input
Note
Unlike NumPys reciprocal, torch.reciprocal supports integral inputs. Integral inputs to reciprocal are automatically promoted to the default scalar type.
Parameters
input (Tensor)  the input tensor.
Keyword Arguments
out (Tensor, optional)  the output tensor.
Example:
>>> a = torch.randn(4) >>> a tensor([-0.4595, -2.1219, -1.4314, 0.7298]) >>> torch.reciprocal(a) tensor([-2.1763, -0.4713, -0.6986, 1.3702])"

For the api torch.reciprocal, provide a signature of the api as a dictionary. Here are the specifications:
- The dictionary should have three keys: 
    - `args` for positional arguments (parameters). The value should be a dictionary with names of the parameters as the key (e.g. "input"). The values should be the type of argument it accepts.
    - `kwargs` for keyword arguments. The value should be a dictinary similar to the one above.
    - `inner` for apis that are callable modules i.e. they return a function that can be called with more parameters. This will contain the signature required to call the function returned by the api. This value should be another dictionary with `args` and `kwargs` if the api is a callable module. Otherwise, keep this dictionary empty (i.e. do not include the `args` or `kwargs` keys). This api likely does not return a function, check if that is true. If so, `inner` should be empty. Otherwise add the signature for the inner call.
- **IMPORTANT** The types of each parameter can only be (strictly) one of the following options:
    - "tensor"
    - "tensor_list"
    - "integer"
    - "float"
    - "boolean"
    - "string"
    - "dtype"
    - "list"
    - "tuple"
- Choose the value that most closely matches with the argument type. For example, change IntTensor or FloatTensor type arguments to "tensor", change "Numbers" to "float" etc.
- If you are confused about a type, choose the best one and add a small comment on what you think should have been there instead.
- Do not add the argument "device".
- If a parameter name starts with an underscore `_` and/or the document does not describe the parameter (i.e. internal parameters), skip including the parameter in the signature.
- If the api has multiple signatures, add both with a prefix to the dictionary key enumerating the count (e.g. `"torch.reciprocal_1"`, `"torch.reciprocal_2"` etc). Same goes for argument types, if an argument can be of multiple types (e.g. tuples and integers), create new signatures for each possible type with same prefixes as mentioned before.
- **IMPORTANT** Assume I already have a dictionary called `signatures` (you don't have to initialize it). Provide the output as assigning the signature to the entry of the `signatures` dictionary. 

Examples:

```python
signatures["torch.scatter_add"] = {
    "args": {
        "input": "tensor",
        "dim": "integer",
        "index": "tensor",
        "src": "tensor"
    },
    "kwargs": {},
    "inner": {},
}
signatures["torch.add"] = {
    "args": {
        "input": "tensor",
        "other": "tensor"
    },
    "kwargs": {
        "alpha": "float",
        "out": "tensor"
    },
    "inner": {},
}
signatures["torch.nn.ReflectionPad1d_1"] = {
    "args": {
        "padding": "integer"
    },
    "kwargs": {},
    "inner": {
        "args": {
            "input": "tensor",
            "other": "tensor"
        },
        "kwargs": {}
    }
}
signatures["torch.nn.ReflectionPad1d_2"] = {
    "args": {
        "padding": "tuple"
    },
    "kwargs": {},
    "inner": {
        "args": {
            "input": "tensor",
            "other": "tensor"
        },
        "kwargs": {}
    }
}
```


- Only provide the code, skip any other text. Do not include verbose comments inside code other than short comments about confusion. Do not make any system calls within the code. Do not break any dependencies.


HTTP Request: POST http://127.0.0.1:8080/v1/chat/completions "HTTP/1.1 200 OK"
[Response]

signatures["torch.reciprocal"] = {
    "args": {
        "input": "tensor"
    },
    "kwargs": {
        "out": " tensor"
    },
    "inner": {}
}


[Usage]

Token usage: input=1184, output=45, total=1229


[Prompt]

This is the documentation for the function torch.nn.functional.celu:

"torch.nn.functional.celu#
torch.nn.functional.celu(input, alpha=1., inplace=False)  Tensor[source]#
Applies element-wise, CELU(x)=max(0,x)+min(0,(exp(x/)1))\text{CELU}(x) = \max(0,x) + \min(0, \alpha * (\exp(x/\alpha) - 1))CELU(x)=max(0,x)+min(0,(exp(x/)1)). See CELU for more details. Return type Tensor
Applies element-wise, CELU(x)=max(0,x)+min(0,(exp(x/)1))\text{CELU}(x) = \max(0,x) + \min(0, \alpha * (\exp(x/\alpha) - 1))CELU(x)=max(0,x)+min(0,(exp(x/)1)).
See CELU for more details.
CELU
Return type
Tensor"

For the api torch.nn.functional.celu, provide a signature of the api as a dictionary. Here are the specifications:
- The dictionary should have three keys: 
    - `args` for positional arguments (parameters). The value should be a dictionary with names of the parameters as the key (e.g. "input"). The values should be the type of argument it accepts.
    - `kwargs` for keyword arguments. The value should be a dictinary similar to the one above.
    - `inner` for apis that are callable modules i.e. they return a function that can be called with more parameters. This will contain the signature required to call the function returned by the api. This value should be another dictionary with `args` and `kwargs` if the api is a callable module. Otherwise, keep this dictionary empty (i.e. do not include the `args` or `kwargs` keys). This api likely does not return a function, check if that is true. If so, `inner` should be empty. Otherwise add the signature for the inner call.
- **IMPORTANT** The types of each parameter can only be (strictly) one of the following options:
    - "tensor"
    - "tensor_list"
    - "integer"
    - "float"
    - "boolean"
    - "string"
    - "dtype"
    - "list"
    - "tuple"
- Choose the value that most closely matches with the argument type. For example, change IntTensor or FloatTensor type arguments to "tensor", change "Numbers" to "float" etc.
- If you are confused about a type, choose the best one and add a small comment on what you think should have been there instead.
- Do not add the argument "device".
- If a parameter name starts with an underscore `_` and/or the document does not describe the parameter (i.e. internal parameters), skip including the parameter in the signature.
- If the api has multiple signatures, add both with a prefix to the dictionary key enumerating the count (e.g. `"torch.nn.functional.celu_1"`, `"torch.nn.functional.celu_2"` etc). Same goes for argument types, if an argument can be of multiple types (e.g. tuples and integers), create new signatures for each possible type with same prefixes as mentioned before.
- **IMPORTANT** Assume I already have a dictionary called `signatures` (you don't have to initialize it). Provide the output as assigning the signature to the entry of the `signatures` dictionary. 

Examples:

```python
signatures["torch.scatter_add"] = {
    "args": {
        "input": "tensor",
        "dim": "integer",
        "index": "tensor",
        "src": "tensor"
    },
    "kwargs": {},
    "inner": {},
}
signatures["torch.add"] = {
    "args": {
        "input": "tensor",
        "other": "tensor"
    },
    "kwargs": {
        "alpha": "float",
        "out": "tensor"
    },
    "inner": {},
}
signatures["torch.nn.ReflectionPad1d_1"] = {
    "args": {
        "padding": "integer"
    },
    "kwargs": {},
    "inner": {
        "args": {
            "input": "tensor",
            "other": "tensor"
        },
        "kwargs": {}
    }
}
signatures["torch.nn.ReflectionPad1d_2"] = {
    "args": {
        "padding": "tuple"
    },
    "kwargs": {},
    "inner": {
        "args": {
            "input": "tensor",
            "other": "tensor"
        },
        "kwargs": {}
    }
}
```


- Only provide the code, skip any other text. Do not include verbose comments inside code other than short comments about confusion. Do not make any system calls within the code. Do not break any dependencies.


HTTP Request: POST http://127.0.0.1:8080/v1/chat/completions "HTTP/1.1 200 OK"
[Response]

```python
signatures["torch.nn.functional.celu"] = {
    "args": {
        "input": "tensor"
    },
    "kwargs": {
        "alpha": "float",
        "inplace": "boolean"
    },
    "inner": {},
}
```


[Usage]

Token usage: input=1037, output=58, total=1095


[Prompt]

This is the documentation for the function torch.nn.MaxPool2d:

"class torch.nn.MaxPool2d(kernel_size, stride=None, padding=0, dilation=1, return_indices=False, ceil_mode=False)[source]#
Applies a 2D max pooling over an input signal composed of several input planes. In the simplest case, the output value of the layer with input size (N,C,H,W)(N, C, H, W)(N,C,H,W), output (N,C,Hout,Wout)(N, C, H_{out}, W_{out})(N,C,Hout,Wout) and kernel_size (kH,kW)(kH, kW)(kH,kW) can be precisely described as: out(Ni,Cj,h,w)=maxm=0,,kH1maxn=0,,kW1input(Ni,Cj,stride[0]h+m,stride[1]w+n)\begin{aligned} out(N_i, C_j, h, w) ={} & \max_{m=0, \ldots, kH-1} \max_{n=0, \ldots, kW-1} \\ & \text{input}(N_i, C_j, \text{stride[0]} \times h + m, \text{stride[1]} \times w + n) \end{aligned} out(Ni,Cj,h,w)=m=0,,kH1maxn=0,,kW1maxinput(Ni,Cj,stride[0]h+m,stride[1]w+n)If padding is non-zero, then the input is implicitly padded with negative infinity on both sides for padding number of points. dilation controls the spacing between the kernel points. It is harder to describe, but this link has a nice visualization of what dilation does. Note When ceil_mode=True, sliding windows are allowed to go off-bounds if they start within the left padding or the input. Sliding windows that would start in the right padded region are ignored. The parameters kernel_size, stride, padding, dilation can either be: a single int  in which case the same value is used for the height and width dimension a tuple of two ints  in which case, the first int is used for the height dimension, and the second int for the width dimension Parameters kernel_size (Union[int, tuple[int, int]])  the size of the window to take a max over stride (Union[int, tuple[int, int]])  the stride of the window. Default value is kernel_size padding (Union[int, tuple[int, int]])  Implicit negative infinity padding to be added on both sides dilation (Union[int, tuple[int, int]])  a parameter that controls the stride of elements in the window return_indices (bool)  if True, will return the max indices along with the outputs. Useful for torch.nn.MaxUnpool2d later ceil_mode (bool)  when True, will use ceil instead of floor to compute the output shape Shape: Input: (N,C,Hin,Win)(N, C, H_{in}, W_{in})(N,C,Hin,Win) or (C,Hin,Win)(C, H_{in}, W_{in})(C,Hin,Win) Output: (N,C,Hout,Wout)(N, C, H_{out}, W_{out})(N,C,Hout,Wout) or (C,Hout,Wout)(C, H_{out}, W_{out})(C,Hout,Wout), where Hout=Hin+2padding[0]dilation[0](kernel_size[0]1)1stride[0]+1H_{out} = \left\lfloor\frac{H_{in} + 2 * \text{padding[0]} - \text{dilation[0]} \times (\text{kernel\_size[0]} - 1) - 1}{\text{stride[0]}} + 1\right\rfloor Hout=stride[0]Hin+2padding[0]dilation[0](kernel_size[0]1)1+1 Wout=Win+2padding[1]dilation[1](kernel_size[1]1)1stride[1]+1W_{out} = \left\lfloor\frac{W_{in} + 2 * \text{padding[1]} - \text{dilation[1]} \times (\text{kernel\_size[1]} - 1) - 1}{\text{stride[1]}} + 1\right\rfloor Wout=stride[1]Win+2padding[1]dilation[1](kernel_size[1]1)1+1 Examples: >>> # pool of square window of size=3, stride=2 >>> m = nn.MaxPool2d(3, stride=2) >>> # pool of non-square window >>> m = nn.MaxPool2d((3, 2), stride=(2, 1)) >>> input = torch.randn(20, 16, 50, 32) >>> output = m(input) forward(input)[source]# Runs the forward pass.
Applies a 2D max pooling over an input signal composed of several input planes.
In the simplest case, the output value of the layer with input size (N,C,H,W)(N, C, H, W)(N,C,H,W), output (N,C,Hout,Wout)(N, C, H_{out}, W_{out})(N,C,Hout,Wout) and kernel_size (kH,kW)(kH, kW)(kH,kW) can be precisely described as:
kernel_size
If padding is non-zero, then the input is implicitly padded with negative infinity on both sides for padding number of points. dilation controls the spacing between the kernel points. It is harder to describe, but this link has a nice visualization of what dilation does.
padding
dilation
Note
When ceil_mode=True, sliding windows are allowed to go off-bounds if they start within the left padding or the input. Sliding windows that would start in the right padded region are ignored.
The parameters kernel_size, stride, padding, dilation can either be:
stride
a single int  in which case the same value is used for the height and width dimension a tuple of two ints  in which case, the first int is used for the height dimension, and the second int for the width dimension
a single int  in which case the same value is used for the height and width dimension
int
a tuple of two ints  in which case, the first int is used for the height dimension, and the second int for the width dimension
tuple
Parameters
kernel_size (Union[int, tuple[int, int]])  the size of the window to take a max over stride (Union[int, tuple[int, int]])  the stride of the window. Default value is kernel_size padding (Union[int, tuple[int, int]])  Implicit negative infinity padding to be added on both sides dilation (Union[int, tuple[int, int]])  a parameter that controls the stride of elements in the window return_indices (bool)  if True, will return the max indices along with the outputs. Useful for torch.nn.MaxUnpool2d later ceil_mode (bool)  when True, will use ceil instead of floor to compute the output shape
kernel_size (Union[int, tuple[int, int]])  the size of the window to take a max over
stride (Union[int, tuple[int, int]])  the stride of the window. Default value is kernel_size
padding (Union[int, tuple[int, int]])  Implicit negative infinity padding to be added on both sides
dilation (Union[int, tuple[int, int]])  a parameter that controls the stride of elements in the window
return_indices (bool)  if True, will return the max indices along with the outputs. Useful for torch.nn.MaxUnpool2d later
True
torch.nn.MaxUnpool2d
ceil_mode (bool)  when True, will use ceil instead of floor to compute the output shape
Shape:
Input: (N,C,Hin,Win)(N, C, H_{in}, W_{in})(N,C,Hin,Win) or (C,Hin,Win)(C, H_{in}, W_{in})(C,Hin,Win) Output: (N,C,Hout,Wout)(N, C, H_{out}, W_{out})(N,C,Hout,Wout) or (C,Hout,Wout)(C, H_{out}, W_{out})(C,Hout,Wout), where Hout=Hin+2padding[0]dilation[0](kernel_size[0]1)1stride[0]+1H_{out} = \left\lfloor\frac{H_{in} + 2 * \text{padding[0]} - \text{dilation[0]} \times (\text{kernel\_size[0]} - 1) - 1}{\text{stride[0]}} + 1\right\rfloor Hout=stride[0]Hin+2padding[0]dilation[0](kernel_size[0]1)1+1 Wout=Win+2padding[1]dilation[1](kernel_size[1]1)1stride[1]+1W_{out} = \left\lfloor\frac{W_{in} + 2 * \text{padding[1]} - \text{dilation[1]} \times (\text{kernel\_size[1]} - 1) - 1}{\text{stride[1]}} + 1\right\rfloor Wout=stride[1]Win+2padding[1]dilation[1](kernel_size[1]1)1+1
Input: (N,C,Hin,Win)(N, C, H_{in}, W_{in})(N,C,Hin,Win) or (C,Hin,Win)(C, H_{in}, W_{in})(C,Hin,Win)
Output: (N,C,Hout,Wout)(N, C, H_{out}, W_{out})(N,C,Hout,Wout) or (C,Hout,Wout)(C, H_{out}, W_{out})(C,Hout,Wout), where Hout=Hin+2padding[0]dilation[0](kernel_size[0]1)1stride[0]+1H_{out} = \left\lfloor\frac{H_{in} + 2 * \text{padding[0]} - \text{dilation[0]} \times (\text{kernel\_size[0]} - 1) - 1}{\text{stride[0]}} + 1\right\rfloor Hout=stride[0]Hin+2padding[0]dilation[0](kernel_size[0]1)1+1 Wout=Win+2padding[1]dilation[1](kernel_size[1]1)1stride[1]+1W_{out} = \left\lfloor\frac{W_{in} + 2 * \text{padding[1]} - \text{dilation[1]} \times (\text{kernel\_size[1]} - 1) - 1}{\text{stride[1]}} + 1\right\rfloor Wout=stride[1]Win+2padding[1]dilation[1](kernel_size[1]1)1+1
Output: (N,C,Hout,Wout)(N, C, H_{out}, W_{out})(N,C,Hout,Wout) or (C,Hout,Wout)(C, H_{out}, W_{out})(C,Hout,Wout), where
Examples:
>>> # pool of square window of size=3, stride=2 >>> m = nn.MaxPool2d(3, stride=2) >>> # pool of non-square window >>> m = nn.MaxPool2d((3, 2), stride=(2, 1)) >>> input = torch.randn(20, 16, 50, 32) >>> output = m(input)
forward(input)[source]#
Runs the forward pass."

For the api torch.nn.MaxPool2d, provide a signature of the api as a dictionary. Here are the specifications:
- The dictionary should have three keys: 
    - `args` for positional arguments (parameters). The value should be a dictionary with names of the parameters as the key (e.g. "input"). The values should be the type of argument it accepts.
    - `kwargs` for keyword arguments. The value should be a dictinary similar to the one above.
    - `inner` for apis that are callable modules i.e. they return a function that can be called with more parameters. This will contain the signature required to call the function returned by the api. This value should be another dictionary with `args` and `kwargs` if the api is a callable module. Otherwise, keep this dictionary empty (i.e. do not include the `args` or `kwargs` keys). This api likely returns a function, look for the parameters that can be passed to the function returned by this api. Hint: very often this information can be found under the "Shape:" section of the documentation.
- **IMPORTANT** The types of each parameter can only be (strictly) one of the following options:
    - "tensor"
    - "tensor_list"
    - "integer"
    - "float"
    - "boolean"
    - "string"
    - "dtype"
    - "list"
    - "tuple"
- Choose the value that most closely matches with the argument type. For example, change IntTensor or FloatTensor type arguments to "tensor", change "Numbers" to "float" etc.
- If you are confused about a type, choose the best one and add a small comment on what you think should have been there instead.
- Do not add the argument "device".
- If a parameter name starts with an underscore `_` and/or the document does not describe the parameter (i.e. internal parameters), skip including the parameter in the signature.
- If the api has multiple signatures, add both with a prefix to the dictionary key enumerating the count (e.g. `"torch.nn.MaxPool2d_1"`, `"torch.nn.MaxPool2d_2"` etc). Same goes for argument types, if an argument can be of multiple types (e.g. tuples and integers), create new signatures for each possible type with same prefixes as mentioned before.
- **IMPORTANT** Assume I already have a dictionary called `signatures` (you don't have to initialize it). Provide the output as assigning the signature to the entry of the `signatures` dictionary. 

Examples:

```python
signatures["torch.scatter_add"] = {
    "args": {
        "input": "tensor",
        "dim": "integer",
        "index": "tensor",
        "src": "tensor"
    },
    "kwargs": {},
    "inner": {},
}
signatures["torch.add"] = {
    "args": {
        "input": "tensor",
        "other": "tensor"
    },
    "kwargs": {
        "alpha": "float",
        "out": "tensor"
    },
    "inner": {},
}
signatures["torch.nn.ReflectionPad1d_1"] = {
    "args": {
        "padding": "integer"
    },
    "kwargs": {},
    "inner": {
        "args": {
            "input": "tensor",
            "other": "tensor"
        },
        "kwargs": {}
    }
}
signatures["torch.nn.ReflectionPad1d_2"] = {
    "args": {
        "padding": "tuple"
    },
    "kwargs": {},
    "inner": {
        "args": {
            "input": "tensor",
            "other": "tensor"
        },
        "kwargs": {}
    }
}
```


- Only provide the code, skip any other text. Do not include verbose comments inside code other than short comments about confusion. Do not make any system calls within the code. Do not break any dependencies.


HTTP Request: POST http://127.0.0.1:8080/v1/chat/completions "HTTP/1.1 200 OK"
[Response]

signatures["torch.nn.MaxPool2d_1"] = {
    "args": {
        "kernel_size": "integer"
    },
    "kwargs": {
        "stride": "integer",
        "padding": "integer",
        "dilation": "integer",
        "return_indices": "boolean",
        "ceil_mode": "boolean"
    },
    "inner": {}
}

signatures["torch.nn.MaxPool2d_2"] = {
    "args": {
        "kernel_size": "tuple"
    },
    "kwargs": {
        "stride": "tuple",
        "padding": "tuple",
        "dilation": "tuple",
        "return_indices": "boolean",
        "ceil_mode": "boolean"
    },
    "inner": {}
}

signatures["torch.nn.MaxPool2d_3"] = {
    "args": {
        "kernel_size": "integer"
    },
    "kwargs": {
        "stride": "tuple",
        "padding": "tuple",
        "dilation": "tuple",
        "return_indices": "boolean",
        "ceil_mode": "boolean"
    },
    "inner": {}
}

signatures["torch.nn.MaxPool2d_4"] = {
    "args": {
        "kernel_size": "tuple"
    },
    "kwargs": {
        "stride": "integer",
        "padding": "integer",
        "dilation": "integer",
        "return_indices": "boolean",
        "ceil_mode": "boolean"
    },
    "inner": {}
}


[Usage]

Token usage: input=3419, output=321, total=3740


[Prompt]

This is the documentation for the function torch.nansum:

"torch.nansum#
torch.nansum(input, *, dtype=None)  Tensor#
Returns the sum of all elements, treating Not a Numbers (NaNs) as zero. Parameters input (Tensor)  the input tensor. Keyword Arguments dtype (torch.dtype, optional)  the desired data type of returned tensor. If specified, the input tensor is casted to dtype before the operation is performed. This is useful for preventing data type overflows. Default: None. Example: >>> a = torch.tensor([1., 2., float('nan'), 4.]) >>> torch.nansum(a) tensor(7.) torch.nansum(input, dim, keepdim=False, *, dtype=None)  Tensor Returns the sum of each row of the input tensor in the given dimension dim, treating Not a Numbers (NaNs) as zero. If dim is a list of dimensions, reduce over all of them. If keepdim is True, the output tensor is of the same size as input except in the dimension(s) dim where it is of size 1. Otherwise, dim is squeezed (see torch.squeeze()), resulting in the output tensor having 1 (or len(dim)) fewer dimension(s). Parameters input (Tensor)  the input tensor. dim (int or tuple of ints, optional)  the dimension or dimensions to reduce. If None, all dimensions are reduced. keepdim (bool, optional)  whether the output tensor has dim retained or not. Default: False. Keyword Arguments dtype (torch.dtype, optional)  the desired data type of returned tensor. If specified, the input tensor is casted to dtype before the operation is performed. This is useful for preventing data type overflows. Default: None. Example: >>> torch.nansum(torch.tensor([1., float("nan")])) tensor(1.) >>> a = torch.tensor([[1, 2], [3., float("nan")]]) >>> torch.nansum(a) tensor(6.) >>> torch.nansum(a, dim=0) tensor([4., 2.]) >>> torch.nansum(a, dim=1) tensor([3., 3.])
Returns the sum of all elements, treating Not a Numbers (NaNs) as zero.
Parameters
input (Tensor)  the input tensor.
Keyword Arguments
dtype (torch.dtype, optional)  the desired data type of returned tensor. If specified, the input tensor is casted to dtype before the operation is performed. This is useful for preventing data type overflows. Default: None.
torch.dtype
dtype
Example:
>>> a = torch.tensor([1., 2., float('nan'), 4.]) >>> torch.nansum(a) tensor(7.)
torch.nansum(input, dim, keepdim=False, *, dtype=None)  Tensor

Returns the sum of each row of the input tensor in the given dimension dim, treating Not a Numbers (NaNs) as zero. If dim is a list of dimensions, reduce over all of them.
input
dim
If keepdim is True, the output tensor is of the same size as input except in the dimension(s) dim where it is of size 1. Otherwise, dim is squeezed (see torch.squeeze()), resulting in the output tensor having 1 (or len(dim)) fewer dimension(s).
keepdim
True
torch.squeeze()
len(dim)
input (Tensor)  the input tensor. dim (int or tuple of ints, optional)  the dimension or dimensions to reduce. If None, all dimensions are reduced. keepdim (bool, optional)  whether the output tensor has dim retained or not. Default: False.
dim (int or tuple of ints, optional)  the dimension or dimensions to reduce. If None, all dimensions are reduced.
None
keepdim (bool, optional)  whether the output tensor has dim retained or not. Default: False.
False
>>> torch.nansum(torch.tensor([1., float("nan")])) tensor(1.) >>> a = torch.tensor([[1, 2], [3., float("nan")]]) >>> torch.nansum(a) tensor(6.) >>> torch.nansum(a, dim=0) tensor([4., 2.]) >>> torch.nansum(a, dim=1) tensor([3., 3.])"

For the api torch.nansum, provide a signature of the api as a dictionary. Here are the specifications:
- The dictionary should have three keys: 
    - `args` for positional arguments (parameters). The value should be a dictionary with names of the parameters as the key (e.g. "input"). The values should be the type of argument it accepts.
    - `kwargs` for keyword arguments. The value should be a dictinary similar to the one above.
    - `inner` for apis that are callable modules i.e. they return a function that can be called with more parameters. This will contain the signature required to call the function returned by the api. This value should be another dictionary with `args` and `kwargs` if the api is a callable module. Otherwise, keep this dictionary empty (i.e. do not include the `args` or `kwargs` keys). This api likely does not return a function, check if that is true. If so, `inner` should be empty. Otherwise add the signature for the inner call.
- **IMPORTANT** The types of each parameter can only be (strictly) one of the following options:
    - "tensor"
    - "tensor_list"
    - "integer"
    - "float"
    - "boolean"
    - "string"
    - "dtype"
    - "list"
    - "tuple"
- Choose the value that most closely matches with the argument type. For example, change IntTensor or FloatTensor type arguments to "tensor", change "Numbers" to "float" etc.
- If you are confused about a type, choose the best one and add a small comment on what you think should have been there instead.
- Do not add the argument "device".
- If a parameter name starts with an underscore `_` and/or the document does not describe the parameter (i.e. internal parameters), skip including the parameter in the signature.
- If the api has multiple signatures, add both with a prefix to the dictionary key enumerating the count (e.g. `"torch.nansum_1"`, `"torch.nansum_2"` etc). Same goes for argument types, if an argument can be of multiple types (e.g. tuples and integers), create new signatures for each possible type with same prefixes as mentioned before.
- **IMPORTANT** Assume I already have a dictionary called `signatures` (you don't have to initialize it). Provide the output as assigning the signature to the entry of the `signatures` dictionary. 

Examples:

```python
signatures["torch.scatter_add"] = {
    "args": {
        "input": "tensor",
        "dim": "integer",
        "index": "tensor",
        "src": "tensor"
    },
    "kwargs": {},
    "inner": {},
}
signatures["torch.add"] = {
    "args": {
        "input": "tensor",
        "other": "tensor"
    },
    "kwargs": {
        "alpha": "float",
        "out": "tensor"
    },
    "inner": {},
}
signatures["torch.nn.ReflectionPad1d_1"] = {
    "args": {
        "padding": "integer"
    },
    "kwargs": {},
    "inner": {
        "args": {
            "input": "tensor",
            "other": "tensor"
        },
        "kwargs": {}
    }
}
signatures["torch.nn.ReflectionPad1d_2"] = {
    "args": {
        "padding": "tuple"
    },
    "kwargs": {},
    "inner": {
        "args": {
            "input": "tensor",
            "other": "tensor"
        },
        "kwargs": {}
    }
}
```


- Only provide the code, skip any other text. Do not include verbose comments inside code other than short comments about confusion. Do not make any system calls within the code. Do not break any dependencies.


HTTP Request: POST http://127.0.0.1:8080/v1/chat/completions "HTTP/1.1 200 OK"
[Response]

signatures["torch.nansum_1"] = {
    "args": {
        "input": "tensor"
    },
    "kwargs": {
        "dtype": "dtype"
    },
    "inner": {}
}

signatures["torch.nansum_2"] = {
    "args": {
        "input": "tensor",
        "dim": "integer"
    },
    "kwargs": {
        "keepdim": "boolean",
        "dtype": "dtype"
    },
    "inner": {}
}


[Usage]

Token usage: input=1718, output=108, total=1826


[Prompt]

For the api torch.cartesian_prod, provide a signature of the api as a dictionary. Here are the specifications:
- The dictionary should have three keys: 
    - `args` for positional arguments (parameters). The value should be a dictionary with names of the parameters as the key (e.g. "input"). The values should be the type of argument it accepts.
    - `kwargs` for keyword arguments. The value should be a dictinary similar to the one above.
    - `inner` for apis that are callable modules i.e. they return a function that can be called with more parameters. This will contain the signature required to call the function returned by the api. This value should be another dictionary with `args` and `kwargs` if the api is a callable module. Otherwise, keep this dictionary empty (i.e. do not include the `args` or `kwargs` keys). This api likely does not return a function, check if that is true. If so, `inner` should be empty. Otherwise add the signature for the inner call.
- **IMPORTANT** The types of each parameter can only be (strictly) one of the following options:
    - "tensor"
    - "tensor_list"
    - "integer"
    - "float"
    - "boolean"
    - "string"
    - "dtype"
    - "list"
    - "tuple"
- Choose the value that most closely matches with the argument type. For example, change IntTensor or FloatTensor type arguments to "tensor", change "Numbers" to "float" etc.
- If you are confused about a type, choose the best one and add a small comment on what you think should have been there instead.
- Do not add the argument "device".
- If a parameter name starts with an underscore `_` and/or the document does not describe the parameter (i.e. internal parameters), skip including the parameter in the signature.
- If the api has multiple signatures, add both with a prefix to the dictionary key enumerating the count (e.g. `"torch.cartesian_prod_1"`, `"torch.cartesian_prod_2"` etc). Same goes for argument types, if an argument can be of multiple types (e.g. tuples and integers), create new signatures for each possible type with same prefixes as mentioned before.
- **IMPORTANT** Assume I already have a dictionary called `signatures` (you don't have to initialize it). Provide the output as assigning the signature to the entry of the `signatures` dictionary. 

Examples:

```python
signatures["torch.scatter_add"] = {
    "args": {
        "input": "tensor",
        "dim": "integer",
        "index": "tensor",
        "src": "tensor"
    },
    "kwargs": {},
    "inner": {},
}
signatures["torch.add"] = {
    "args": {
        "input": "tensor",
        "other": "tensor"
    },
    "kwargs": {
        "alpha": "float",
        "out": "tensor"
    },
    "inner": {},
}
signatures["torch.nn.ReflectionPad1d_1"] = {
    "args": {
        "padding": "integer"
    },
    "kwargs": {},
    "inner": {
        "args": {
            "input": "tensor",
            "other": "tensor"
        },
        "kwargs": {}
    }
}
signatures["torch.nn.ReflectionPad1d_2"] = {
    "args": {
        "padding": "tuple"
    },
    "kwargs": {},
    "inner": {
        "args": {
            "input": "tensor",
            "other": "tensor"
        },
        "kwargs": {}
    }
}
```


- Only provide the code, skip any other text. Do not include verbose comments inside code other than short comments about confusion. Do not make any system calls within the code. Do not break any dependencies.


HTTP Request: POST http://127.0.0.1:8080/v1/chat/completions "HTTP/1.1 200 OK"
[Response]

signatures["torch.cartesian_prod"] = {
    "args": {
        " tensors": "tensor_list"
    },
    "kwargs": {},
    "inner": {},
}


[Usage]

Token usage: input=819, output=37, total=856


[Prompt]

This is the documentation for the function torch.nextafter:

"torch.nextafter#
torch.nextafter(input, other, *, out=None)  Tensor#
Return the next floating-point value after input towards other, elementwise. The shapes of input and other must be broadcastable. Parameters input (Tensor)  the first input tensor other (Tensor)  the second input tensor Keyword Arguments out (Tensor, optional)  the output tensor. Example: >>> eps = torch.finfo(torch.float32).eps >>> torch.nextafter(torch.tensor([1.0, 2.0]), torch.tensor([2.0, 1.0])) == torch.tensor([eps + 1, 2 - eps]) tensor([True, True])
Return the next floating-point value after input towards other, elementwise.
input
other
The shapes of input and other must be broadcastable.
Parameters
input (Tensor)  the first input tensor other (Tensor)  the second input tensor
input (Tensor)  the first input tensor
other (Tensor)  the second input tensor
Keyword Arguments
out (Tensor, optional)  the output tensor.
Example:
>>> eps = torch.finfo(torch.float32).eps >>> torch.nextafter(torch.tensor([1.0, 2.0]), torch.tensor([2.0, 1.0])) == torch.tensor([eps + 1, 2 - eps]) tensor([True, True])"

For the api torch.nextafter, provide a signature of the api as a dictionary. Here are the specifications:
- The dictionary should have three keys: 
    - `args` for positional arguments (parameters). The value should be a dictionary with names of the parameters as the key (e.g. "input"). The values should be the type of argument it accepts.
    - `kwargs` for keyword arguments. The value should be a dictinary similar to the one above.
    - `inner` for apis that are callable modules i.e. they return a function that can be called with more parameters. This will contain the signature required to call the function returned by the api. This value should be another dictionary with `args` and `kwargs` if the api is a callable module. Otherwise, keep this dictionary empty (i.e. do not include the `args` or `kwargs` keys). This api likely does not return a function, check if that is true. If so, `inner` should be empty. Otherwise add the signature for the inner call.
- **IMPORTANT** The types of each parameter can only be (strictly) one of the following options:
    - "tensor"
    - "tensor_list"
    - "integer"
    - "float"
    - "boolean"
    - "string"
    - "dtype"
    - "list"
    - "tuple"
- Choose the value that most closely matches with the argument type. For example, change IntTensor or FloatTensor type arguments to "tensor", change "Numbers" to "float" etc.
- If you are confused about a type, choose the best one and add a small comment on what you think should have been there instead.
- Do not add the argument "device".
- If a parameter name starts with an underscore `_` and/or the document does not describe the parameter (i.e. internal parameters), skip including the parameter in the signature.
- If the api has multiple signatures, add both with a prefix to the dictionary key enumerating the count (e.g. `"torch.nextafter_1"`, `"torch.nextafter_2"` etc). Same goes for argument types, if an argument can be of multiple types (e.g. tuples and integers), create new signatures for each possible type with same prefixes as mentioned before.
- **IMPORTANT** Assume I already have a dictionary called `signatures` (you don't have to initialize it). Provide the output as assigning the signature to the entry of the `signatures` dictionary. 

Examples:

```python
signatures["torch.scatter_add"] = {
    "args": {
        "input": "tensor",
        "dim": "integer",
        "index": "tensor",
        "src": "tensor"
    },
    "kwargs": {},
    "inner": {},
}
signatures["torch.add"] = {
    "args": {
        "input": "tensor",
        "other": "tensor"
    },
    "kwargs": {
        "alpha": "float",
        "out": "tensor"
    },
    "inner": {},
}
signatures["torch.nn.ReflectionPad1d_1"] = {
    "args": {
        "padding": "integer"
    },
    "kwargs": {},
    "inner": {
        "args": {
            "input": "tensor",
            "other": "tensor"
        },
        "kwargs": {}
    }
}
signatures["torch.nn.ReflectionPad1d_2"] = {
    "args": {
        "padding": "tuple"
    },
    "kwargs": {},
    "inner": {
        "args": {
            "input": "tensor",
            "other": "tensor"
        },
        "kwargs": {}
    }
}
```


- Only provide the code, skip any other text. Do not include verbose comments inside code other than short comments about confusion. Do not make any system calls within the code. Do not break any dependencies.


HTTP Request: POST http://127.0.0.1:8080/v1/chat/completions "HTTP/1.1 200 OK"
[Response]

```python
signatures["torch.nextafter"] = {
    "args": {
        "input": "tensor",
        "other": "tensor"
    },
    "kwargs": {
        "out": "tensor"
    },
    "inner": {},
}
```


[Usage]

Token usage: input=1112, output=55, total=1167


[Prompt]

This is the documentation for the function torch.tril:

"torch.tril#
torch.tril(input, diagonal=0, *, out=None)  Tensor#
Returns the lower triangular part of the matrix (2-D tensor) or batch of matrices input, the other elements of the result tensor out are set to 0. The lower triangular part of the matrix is defined as the elements on and below the diagonal. The argument diagonal controls which diagonal to consider. If diagonal = 0, all elements on and below the main diagonal are retained. A positive value includes just as many diagonals above the main diagonal, and similarly a negative value excludes just as many diagonals below the main diagonal. The main diagonal are the set of indices {(i,i)}\lbrace (i, i) \rbrace{(i,i)} for i[0,min{d1,d2}1]i \in [0, \min\{d_{1}, d_{2}\} - 1]i[0,min{d1,d2}1] where d1,d2d_{1}, d_{2}d1,d2 are the dimensions of the matrix. Parameters input (Tensor)  the input tensor. diagonal (int, optional)  the diagonal to consider Keyword Arguments out (Tensor, optional)  the output tensor. Example: >>> a = torch.randn(3, 3) >>> a tensor([[-1.0813, -0.8619, 0.7105], [ 0.0935, 0.1380, 2.2112], [-0.3409, -0.9828, 0.0289]]) >>> torch.tril(a) tensor([[-1.0813, 0.0000, 0.0000], [ 0.0935, 0.1380, 0.0000], [-0.3409, -0.9828, 0.0289]]) >>> b = torch.randn(4, 6) >>> b tensor([[ 1.2219, 0.5653, -0.2521, -0.2345, 1.2544, 0.3461], [ 0.4785, -0.4477, 0.6049, 0.6368, 0.8775, 0.7145], [ 1.1502, 3.2716, -1.1243, -0.5413, 0.3615, 0.6864], [-0.0614, -0.7344, -1.3164, -0.7648, -1.4024, 0.0978]]) >>> torch.tril(b, diagonal=1) tensor([[ 1.2219, 0.5653, 0.0000, 0.0000, 0.0000, 0.0000], [ 0.4785, -0.4477, 0.6049, 0.0000, 0.0000, 0.0000], [ 1.1502, 3.2716, -1.1243, -0.5413, 0.0000, 0.0000], [-0.0614, -0.7344, -1.3164, -0.7648, -1.4024, 0.0000]]) >>> torch.tril(b, diagonal=-1) tensor([[ 0.0000, 0.0000, 0.0000, 0.0000, 0.0000, 0.0000], [ 0.4785, 0.0000, 0.0000, 0.0000, 0.0000, 0.0000], [ 1.1502, 3.2716, 0.0000, 0.0000, 0.0000, 0.0000], [-0.0614, -0.7344, -1.3164, 0.0000, 0.0000, 0.0000]])
Returns the lower triangular part of the matrix (2-D tensor) or batch of matrices input, the other elements of the result tensor out are set to 0.
input
out
The lower triangular part of the matrix is defined as the elements on and below the diagonal.
The argument diagonal controls which diagonal to consider. If diagonal = 0, all elements on and below the main diagonal are retained. A positive value includes just as many diagonals above the main diagonal, and similarly a negative value excludes just as many diagonals below the main diagonal. The main diagonal are the set of indices {(i,i)}\lbrace (i, i) \rbrace{(i,i)} for i[0,min{d1,d2}1]i \in [0, \min\{d_{1}, d_{2}\} - 1]i[0,min{d1,d2}1] where d1,d2d_{1}, d_{2}d1,d2 are the dimensions of the matrix.
diagonal
Parameters
input (Tensor)  the input tensor. diagonal (int, optional)  the diagonal to consider
input (Tensor)  the input tensor.
diagonal (int, optional)  the diagonal to consider
Keyword Arguments
out (Tensor, optional)  the output tensor.
Example:
>>> a = torch.randn(3, 3) >>> a tensor([[-1.0813, -0.8619, 0.7105], [ 0.0935, 0.1380, 2.2112], [-0.3409, -0.9828, 0.0289]]) >>> torch.tril(a) tensor([[-1.0813, 0.0000, 0.0000], [ 0.0935, 0.1380, 0.0000], [-0.3409, -0.9828, 0.0289]]) >>> b = torch.randn(4, 6) >>> b tensor([[ 1.2219, 0.5653, -0.2521, -0.2345, 1.2544, 0.3461], [ 0.4785, -0.4477, 0.6049, 0.6368, 0.8775, 0.7145], [ 1.1502, 3.2716, -1.1243, -0.5413, 0.3615, 0.6864], [-0.0614, -0.7344, -1.3164, -0.7648, -1.4024, 0.0978]]) >>> torch.tril(b, diagonal=1) tensor([[ 1.2219, 0.5653, 0.0000, 0.0000, 0.0000, 0.0000], [ 0.4785, -0.4477, 0.6049, 0.0000, 0.0000, 0.0000], [ 1.1502, 3.2716, -1.1243, -0.5413, 0.0000, 0.0000], [-0.0614, -0.7344, -1.3164, -0.7648, -1.4024, 0.0000]]) >>> torch.tril(b, diagonal=-1) tensor([[ 0.0000, 0.0000, 0.0000, 0.0000, 0.0000, 0.0000], [ 0.4785, 0.0000, 0.0000, 0.0000, 0.0000, 0.0000], [ 1.1502, 3.2716, 0.0000, 0.0000, 0.0000, 0.0000], [-0.0614, -0.7344, -1.3164, 0.0000, 0.0000, 0.0000]])"

For the api torch.tril, provide a signature of the api as a dictionary. Here are the specifications:
- The dictionary should have three keys: 
    - `args` for positional arguments (parameters). The value should be a dictionary with names of the parameters as the key (e.g. "input"). The values should be the type of argument it accepts.
    - `kwargs` for keyword arguments. The value should be a dictinary similar to the one above.
    - `inner` for apis that are callable modules i.e. they return a function that can be called with more parameters. This will contain the signature required to call the function returned by the api. This value should be another dictionary with `args` and `kwargs` if the api is a callable module. Otherwise, keep this dictionary empty (i.e. do not include the `args` or `kwargs` keys). This api likely does not return a function, check if that is true. If so, `inner` should be empty. Otherwise add the signature for the inner call.
- **IMPORTANT** The types of each parameter can only be (strictly) one of the following options:
    - "tensor"
    - "tensor_list"
    - "integer"
    - "float"
    - "boolean"
    - "string"
    - "dtype"
    - "list"
    - "tuple"
- Choose the value that most closely matches with the argument type. For example, change IntTensor or FloatTensor type arguments to "tensor", change "Numbers" to "float" etc.
- If you are confused about a type, choose the best one and add a small comment on what you think should have been there instead.
- Do not add the argument "device".
- If a parameter name starts with an underscore `_` and/or the document does not describe the parameter (i.e. internal parameters), skip including the parameter in the signature.
- If the api has multiple signatures, add both with a prefix to the dictionary key enumerating the count (e.g. `"torch.tril_1"`, `"torch.tril_2"` etc). Same goes for argument types, if an argument can be of multiple types (e.g. tuples and integers), create new signatures for each possible type with same prefixes as mentioned before.
- **IMPORTANT** Assume I already have a dictionary called `signatures` (you don't have to initialize it). Provide the output as assigning the signature to the entry of the `signatures` dictionary. 

Examples:

```python
signatures["torch.scatter_add"] = {
    "args": {
        "input": "tensor",
        "dim": "integer",
        "index": "tensor",
        "src": "tensor"
    },
    "kwargs": {},
    "inner": {},
}
signatures["torch.add"] = {
    "args": {
        "input": "tensor",
        "other": "tensor"
    },
    "kwargs": {
        "alpha": "float",
        "out": "tensor"
    },
    "inner": {},
}
signatures["torch.nn.ReflectionPad1d_1"] = {
    "args": {
        "padding": "integer"
    },
    "kwargs": {},
    "inner": {
        "args": {
            "input": "tensor",
            "other": "tensor"
        },
        "kwargs": {}
    }
}
signatures["torch.nn.ReflectionPad1d_2"] = {
    "args": {
        "padding": "tuple"
    },
    "kwargs": {},
    "inner": {
        "args": {
            "input": "tensor",
            "other": "tensor"
        },
        "kwargs": {}
    }
}
```


- Only provide the code, skip any other text. Do not include verbose comments inside code other than short comments about confusion. Do not make any system calls within the code. Do not break any dependencies.


HTTP Request: POST http://127.0.0.1:8080/v1/chat/completions "HTTP/1.1 200 OK"
[Response]

signatures["torch.tril_1"] = {
    "args": {
        "input": "tensor",
        "diagonal": "integer"
    },
    "kwargs": {
        "out": "tensor"
    },
    "inner": {},
}


[Usage]

Token usage: input=2941, output=54, total=2995


[Prompt]

For the api torch.nn.functional.max_pool1d, provide a signature of the api as a dictionary. Here are the specifications:
- The dictionary should have three keys: 
    - `args` for positional arguments (parameters). The value should be a dictionary with names of the parameters as the key (e.g. "input"). The values should be the type of argument it accepts.
    - `kwargs` for keyword arguments. The value should be a dictinary similar to the one above.
    - `inner` for apis that are callable modules i.e. they return a function that can be called with more parameters. This will contain the signature required to call the function returned by the api. This value should be another dictionary with `args` and `kwargs` if the api is a callable module. Otherwise, keep this dictionary empty (i.e. do not include the `args` or `kwargs` keys). This api likely does not return a function, check if that is true. If so, `inner` should be empty. Otherwise add the signature for the inner call.
- **IMPORTANT** The types of each parameter can only be (strictly) one of the following options:
    - "tensor"
    - "tensor_list"
    - "integer"
    - "float"
    - "boolean"
    - "string"
    - "dtype"
    - "list"
    - "tuple"
- Choose the value that most closely matches with the argument type. For example, change IntTensor or FloatTensor type arguments to "tensor", change "Numbers" to "float" etc.
- If you are confused about a type, choose the best one and add a small comment on what you think should have been there instead.
- Do not add the argument "device".
- If a parameter name starts with an underscore `_` and/or the document does not describe the parameter (i.e. internal parameters), skip including the parameter in the signature.
- If the api has multiple signatures, add both with a prefix to the dictionary key enumerating the count (e.g. `"torch.nn.functional.max_pool1d_1"`, `"torch.nn.functional.max_pool1d_2"` etc). Same goes for argument types, if an argument can be of multiple types (e.g. tuples and integers), create new signatures for each possible type with same prefixes as mentioned before.
- **IMPORTANT** Assume I already have a dictionary called `signatures` (you don't have to initialize it). Provide the output as assigning the signature to the entry of the `signatures` dictionary. 

Examples:

```python
signatures["torch.scatter_add"] = {
    "args": {
        "input": "tensor",
        "dim": "integer",
        "index": "tensor",
        "src": "tensor"
    },
    "kwargs": {},
    "inner": {},
}
signatures["torch.add"] = {
    "args": {
        "input": "tensor",
        "other": "tensor"
    },
    "kwargs": {
        "alpha": "float",
        "out": "tensor"
    },
    "inner": {},
}
signatures["torch.nn.ReflectionPad1d_1"] = {
    "args": {
        "padding": "integer"
    },
    "kwargs": {},
    "inner": {
        "args": {
            "input": "tensor",
            "other": "tensor"
        },
        "kwargs": {}
    }
}
signatures["torch.nn.ReflectionPad1d_2"] = {
    "args": {
        "padding": "tuple"
    },
    "kwargs": {},
    "inner": {
        "args": {
            "input": "tensor",
            "other": "tensor"
        },
        "kwargs": {}
    }
}
```


- Only provide the code, skip any other text. Do not include verbose comments inside code other than short comments about confusion. Do not make any system calls within the code. Do not break any dependencies.


HTTP Request: POST http://127.0.0.1:8080/v1/chat/completions "HTTP/1.1 200 OK"
[Response]

signatures["torch.nn.functional.max_pool1d_1"] = {
    "args": {
        "input": "tensor",
        "kernel_size": "integer"
    },
    "kwargs": {
        "stride": "integer",
        "padding": "integer",
        "dilation": "integer",
        "ceil_mode": "boolean"
    },
    "inner": {},
}


[Usage]

Token usage: input=828, output=81, total=909


[Prompt]

This is the documentation for the function torch.nn.Softmax:

"class torch.nn.Softmax(dim=None)[source]#
Applies the Softmax function to an n-dimensional input Tensor. Rescales them so that the elements of the n-dimensional output Tensor lie in the range [0,1] and sum to 1. Softmax is defined as: Softmax(xi)=exp(xi)jexp(xj)\text{Softmax}(x_{i}) = \frac{\exp(x_i)}{\sum_j \exp(x_j)} Softmax(xi)=jexp(xj)exp(xi)When the input Tensor is a sparse tensor then the unspecified values are treated as -inf. Shape: Input: ()(*)() where * means, any number of additional dimensions Output: ()(*)(), same shape as the input Returns a Tensor of the same dimension and shape as the input with values in the range [0, 1] Parameters dim (int)  A dimension along which Softmax will be computed (so every slice along dim will sum to 1). Return type None Note This module doesnt work directly with NLLLoss, which expects the Log to be computed between the Softmax and itself. Use LogSoftmax instead (its faster and has better numerical properties). Examples: >>> m = nn.Softmax(dim=1) >>> input = torch.randn(2, 3) >>> output = m(input) extra_repr()[source]# Return the extra representation of the module. Return type str forward(input)[source]# Runs the forward pass. Return type Tensor
Applies the Softmax function to an n-dimensional input Tensor.
Rescales them so that the elements of the n-dimensional output Tensor lie in the range [0,1] and sum to 1.
Softmax is defined as:
When the input Tensor is a sparse tensor then the unspecified values are treated as -inf.
-inf
Shape:
Input: ()(*)() where * means, any number of additional dimensions Output: ()(*)(), same shape as the input
Input: ()(*)() where * means, any number of additional dimensions
Output: ()(*)(), same shape as the input
Returns
a Tensor of the same dimension and shape as the input with values in the range [0, 1]
Parameters
dim (int)  A dimension along which Softmax will be computed (so every slice along dim will sum to 1).
Return type
None
Note
This module doesnt work directly with NLLLoss, which expects the Log to be computed between the Softmax and itself. Use LogSoftmax instead (its faster and has better numerical properties).
Examples:
>>> m = nn.Softmax(dim=1) >>> input = torch.randn(2, 3) >>> output = m(input)
extra_repr()[source]#
Return the extra representation of the module. Return type str
Return the extra representation of the module.
str
forward(input)[source]#
Runs the forward pass. Return type Tensor
Runs the forward pass.
Tensor"

For the api torch.nn.Softmax, provide a signature of the api as a dictionary. Here are the specifications:
- The dictionary should have three keys: 
    - `args` for positional arguments (parameters). The value should be a dictionary with names of the parameters as the key (e.g. "input"). The values should be the type of argument it accepts.
    - `kwargs` for keyword arguments. The value should be a dictinary similar to the one above.
    - `inner` for apis that are callable modules i.e. they return a function that can be called with more parameters. This will contain the signature required to call the function returned by the api. This value should be another dictionary with `args` and `kwargs` if the api is a callable module. Otherwise, keep this dictionary empty (i.e. do not include the `args` or `kwargs` keys). This api likely returns a function, look for the parameters that can be passed to the function returned by this api. Hint: very often this information can be found under the "Shape:" section of the documentation.
- **IMPORTANT** The types of each parameter can only be (strictly) one of the following options:
    - "tensor"
    - "tensor_list"
    - "integer"
    - "float"
    - "boolean"
    - "string"
    - "dtype"
    - "list"
    - "tuple"
- Choose the value that most closely matches with the argument type. For example, change IntTensor or FloatTensor type arguments to "tensor", change "Numbers" to "float" etc.
- If you are confused about a type, choose the best one and add a small comment on what you think should have been there instead.
- Do not add the argument "device".
- If a parameter name starts with an underscore `_` and/or the document does not describe the parameter (i.e. internal parameters), skip including the parameter in the signature.
- If the api has multiple signatures, add both with a prefix to the dictionary key enumerating the count (e.g. `"torch.nn.Softmax_1"`, `"torch.nn.Softmax_2"` etc). Same goes for argument types, if an argument can be of multiple types (e.g. tuples and integers), create new signatures for each possible type with same prefixes as mentioned before.
- **IMPORTANT** Assume I already have a dictionary called `signatures` (you don't have to initialize it). Provide the output as assigning the signature to the entry of the `signatures` dictionary. 

Examples:

```python
signatures["torch.scatter_add"] = {
    "args": {
        "input": "tensor",
        "dim": "integer",
        "index": "tensor",
        "src": "tensor"
    },
    "kwargs": {},
    "inner": {},
}
signatures["torch.add"] = {
    "args": {
        "input": "tensor",
        "other": "tensor"
    },
    "kwargs": {
        "alpha": "float",
        "out": "tensor"
    },
    "inner": {},
}
signatures["torch.nn.ReflectionPad1d_1"] = {
    "args": {
        "padding": "integer"
    },
    "kwargs": {},
    "inner": {
        "args": {
            "input": "tensor",
            "other": "tensor"
        },
        "kwargs": {}
    }
}
signatures["torch.nn.ReflectionPad1d_2"] = {
    "args": {
        "padding": "tuple"
    },
    "kwargs": {},
    "inner": {
        "args": {
            "input": "tensor",
            "other": "tensor"
        },
        "kwargs": {}
    }
}
```


- Only provide the code, skip any other text. Do not include verbose comments inside code other than short comments about confusion. Do not make any system calls within the code. Do not break any dependencies.


HTTP Request: POST http://127.0.0.1:8080/v1/chat/completions "HTTP/1.1 200 OK"
[Response]

```python
signatures["torch.nn.Softmax"] = {
    "args": {
        "dim": "integer"
    },
    "kwargs": {},
    "inner": {
        "args": {
            "input": "tensor"
        },
        "kwargs": {}
    }
}
```


[Usage]

Token usage: input=1446, output=62, total=1508


[Prompt]

For the api torch.are_deterministic_algorithms_enabled, provide a signature of the api as a dictionary. Here are the specifications:
- The dictionary should have three keys: 
    - `args` for positional arguments (parameters). The value should be a dictionary with names of the parameters as the key (e.g. "input"). The values should be the type of argument it accepts.
    - `kwargs` for keyword arguments. The value should be a dictinary similar to the one above.
    - `inner` for apis that are callable modules i.e. they return a function that can be called with more parameters. This will contain the signature required to call the function returned by the api. This value should be another dictionary with `args` and `kwargs` if the api is a callable module. Otherwise, keep this dictionary empty (i.e. do not include the `args` or `kwargs` keys). This api likely does not return a function, check if that is true. If so, `inner` should be empty. Otherwise add the signature for the inner call.
- **IMPORTANT** The types of each parameter can only be (strictly) one of the following options:
    - "tensor"
    - "tensor_list"
    - "integer"
    - "float"
    - "boolean"
    - "string"
    - "dtype"
    - "list"
    - "tuple"
- Choose the value that most closely matches with the argument type. For example, change IntTensor or FloatTensor type arguments to "tensor", change "Numbers" to "float" etc.
- If you are confused about a type, choose the best one and add a small comment on what you think should have been there instead.
- Do not add the argument "device".
- If a parameter name starts with an underscore `_` and/or the document does not describe the parameter (i.e. internal parameters), skip including the parameter in the signature.
- If the api has multiple signatures, add both with a prefix to the dictionary key enumerating the count (e.g. `"torch.are_deterministic_algorithms_enabled_1"`, `"torch.are_deterministic_algorithms_enabled_2"` etc). Same goes for argument types, if an argument can be of multiple types (e.g. tuples and integers), create new signatures for each possible type with same prefixes as mentioned before.
- **IMPORTANT** Assume I already have a dictionary called `signatures` (you don't have to initialize it). Provide the output as assigning the signature to the entry of the `signatures` dictionary. 

Examples:

```python
signatures["torch.scatter_add"] = {
    "args": {
        "input": "tensor",
        "dim": "integer",
        "index": "tensor",
        "src": "tensor"
    },
    "kwargs": {},
    "inner": {},
}
signatures["torch.add"] = {
    "args": {
        "input": "tensor",
        "other": "tensor"
    },
    "kwargs": {
        "alpha": "float",
        "out": "tensor"
    },
    "inner": {},
}
signatures["torch.nn.ReflectionPad1d_1"] = {
    "args": {
        "padding": "integer"
    },
    "kwargs": {},
    "inner": {
        "args": {
            "input": "tensor",
            "other": "tensor"
        },
        "kwargs": {}
    }
}
signatures["torch.nn.ReflectionPad1d_2"] = {
    "args": {
        "padding": "tuple"
    },
    "kwargs": {},
    "inner": {
        "args": {
            "input": "tensor",
            "other": "tensor"
        },
        "kwargs": {}
    }
}
```


- Only provide the code, skip any other text. Do not include verbose comments inside code other than short comments about confusion. Do not make any system calls within the code. Do not break any dependencies.


HTTP Request: POST http://127.0.0.1:8080/v1/chat/completions "HTTP/1.1 200 OK"
[Response]

signatures["torch.are_deterministic_algorithms_enabled"] = {
    "args": {},
    "kwargs": {},
    "inner": {}
}


[Usage]

Token usage: input=831, output=31, total=862


[Prompt]

This is the documentation for the function torch.numel:

"torch.numel#
torch.numel(input: Tensor)  int#
Returns the total number of elements in the input tensor. Parameters input (Tensor)  the input tensor. Example: >>> a = torch.randn(1, 2, 3, 4, 5) >>> torch.numel(a) 120 >>> a = torch.zeros(4,4) >>> torch.numel(a) 16
Returns the total number of elements in the input tensor.
input
Parameters
input (Tensor)  the input tensor.
Example:
>>> a = torch.randn(1, 2, 3, 4, 5) >>> torch.numel(a) 120 >>> a = torch.zeros(4,4) >>> torch.numel(a) 16"

For the api torch.numel, provide a signature of the api as a dictionary. Here are the specifications:
- The dictionary should have three keys: 
    - `args` for positional arguments (parameters). The value should be a dictionary with names of the parameters as the key (e.g. "input"). The values should be the type of argument it accepts.
    - `kwargs` for keyword arguments. The value should be a dictinary similar to the one above.
    - `inner` for apis that are callable modules i.e. they return a function that can be called with more parameters. This will contain the signature required to call the function returned by the api. This value should be another dictionary with `args` and `kwargs` if the api is a callable module. Otherwise, keep this dictionary empty (i.e. do not include the `args` or `kwargs` keys). This api likely does not return a function, check if that is true. If so, `inner` should be empty. Otherwise add the signature for the inner call.
- **IMPORTANT** The types of each parameter can only be (strictly) one of the following options:
    - "tensor"
    - "tensor_list"
    - "integer"
    - "float"
    - "boolean"
    - "string"
    - "dtype"
    - "list"
    - "tuple"
- Choose the value that most closely matches with the argument type. For example, change IntTensor or FloatTensor type arguments to "tensor", change "Numbers" to "float" etc.
- If you are confused about a type, choose the best one and add a small comment on what you think should have been there instead.
- Do not add the argument "device".
- If a parameter name starts with an underscore `_` and/or the document does not describe the parameter (i.e. internal parameters), skip including the parameter in the signature.
- If the api has multiple signatures, add both with a prefix to the dictionary key enumerating the count (e.g. `"torch.numel_1"`, `"torch.numel_2"` etc). Same goes for argument types, if an argument can be of multiple types (e.g. tuples and integers), create new signatures for each possible type with same prefixes as mentioned before.
- **IMPORTANT** Assume I already have a dictionary called `signatures` (you don't have to initialize it). Provide the output as assigning the signature to the entry of the `signatures` dictionary. 

Examples:

```python
signatures["torch.scatter_add"] = {
    "args": {
        "input": "tensor",
        "dim": "integer",
        "index": "tensor",
        "src": "tensor"
    },
    "kwargs": {},
    "inner": {},
}
signatures["torch.add"] = {
    "args": {
        "input": "tensor",
        "other": "tensor"
    },
    "kwargs": {
        "alpha": "float",
        "out": "tensor"
    },
    "inner": {},
}
signatures["torch.nn.ReflectionPad1d_1"] = {
    "args": {
        "padding": "integer"
    },
    "kwargs": {},
    "inner": {
        "args": {
            "input": "tensor",
            "other": "tensor"
        },
        "kwargs": {}
    }
}
signatures["torch.nn.ReflectionPad1d_2"] = {
    "args": {
        "padding": "tuple"
    },
    "kwargs": {},
    "inner": {
        "args": {
            "input": "tensor",
            "other": "tensor"
        },
        "kwargs": {}
    }
}
```


- Only provide the code, skip any other text. Do not include verbose comments inside code other than short comments about confusion. Do not make any system calls within the code. Do not break any dependencies.


HTTP Request: POST http://127.0.0.1:8080/v1/chat/completions "HTTP/1.1 200 OK"
[Response]

signatures["torch.numel"] = {
    "args": {
        "input": "tensor"
    },
    "kwargs": {},
    "inner": {}
}


[Usage]

Token usage: input=991, output=35, total=1026


[Prompt]

This is the documentation for the function torch.nn.ReflectionPad2d:

"class torch.nn.ReflectionPad2d(padding)[source]#
Pads the input tensor using the reflection of the input boundary. For N-dimensional padding, use torch.nn.functional.pad(). Parameters padding (int, tuple)  the size of the padding. If is int, uses the same padding in all boundaries. If a 4-tuple, uses (padding_left\text{padding\_left}padding_left, padding_right\text{padding\_right}padding_right, padding_top\text{padding\_top}padding_top, padding_bottom\text{padding\_bottom}padding_bottom) Note that padding size should be less than the corresponding input dimension. Shape: Input: (N,C,Hin,Win)(N, C, H_{in}, W_{in})(N,C,Hin,Win) or (C,Hin,Win)(C, H_{in}, W_{in})(C,Hin,Win). Output: (N,C,Hout,Wout)(N, C, H_{out}, W_{out})(N,C,Hout,Wout) or (C,Hout,Wout)(C, H_{out}, W_{out})(C,Hout,Wout) where Hout=Hin+padding_top+padding_bottomH_{out} = H_{in} + \text{padding\_top} + \text{padding\_bottom}Hout=Hin+padding_top+padding_bottom Wout=Win+padding_left+padding_rightW_{out} = W_{in} + \text{padding\_left} + \text{padding\_right}Wout=Win+padding_left+padding_right Examples: >>> m = nn.ReflectionPad2d(2) >>> input = torch.arange(9, dtype=torch.float).reshape(1, 1, 3, 3) >>> input tensor([[[[0., 1., 2.], [3., 4., 5.], [6., 7., 8.]]]]) >>> m(input) tensor([[[[8., 7., 6., 7., 8., 7., 6.], [5., 4., 3., 4., 5., 4., 3.], [2., 1., 0., 1., 2., 1., 0.], [5., 4., 3., 4., 5., 4., 3.], [8., 7., 6., 7., 8., 7., 6.], [5., 4., 3., 4., 5., 4., 3.], [2., 1., 0., 1., 2., 1., 0.]]]]) >>> # using different paddings for different sides >>> m = nn.ReflectionPad2d((1, 1, 2, 0)) >>> m(input) tensor([[[[7., 6., 7., 8., 7.], [4., 3., 4., 5., 4.], [1., 0., 1., 2., 1.], [4., 3., 4., 5., 4.], [7., 6., 7., 8., 7.]]]])
Pads the input tensor using the reflection of the input boundary.
For N-dimensional padding, use torch.nn.functional.pad().
torch.nn.functional.pad()
Parameters
padding (int, tuple)  the size of the padding. If is int, uses the same padding in all boundaries. If a 4-tuple, uses (padding_left\text{padding\_left}padding_left, padding_right\text{padding\_right}padding_right, padding_top\text{padding\_top}padding_top, padding_bottom\text{padding\_bottom}padding_bottom) Note that padding size should be less than the corresponding input dimension.
Shape:
Input: (N,C,Hin,Win)(N, C, H_{in}, W_{in})(N,C,Hin,Win) or (C,Hin,Win)(C, H_{in}, W_{in})(C,Hin,Win). Output: (N,C,Hout,Wout)(N, C, H_{out}, W_{out})(N,C,Hout,Wout) or (C,Hout,Wout)(C, H_{out}, W_{out})(C,Hout,Wout) where Hout=Hin+padding_top+padding_bottomH_{out} = H_{in} + \text{padding\_top} + \text{padding\_bottom}Hout=Hin+padding_top+padding_bottom Wout=Win+padding_left+padding_rightW_{out} = W_{in} + \text{padding\_left} + \text{padding\_right}Wout=Win+padding_left+padding_right
Input: (N,C,Hin,Win)(N, C, H_{in}, W_{in})(N,C,Hin,Win) or (C,Hin,Win)(C, H_{in}, W_{in})(C,Hin,Win).
Output: (N,C,Hout,Wout)(N, C, H_{out}, W_{out})(N,C,Hout,Wout) or (C,Hout,Wout)(C, H_{out}, W_{out})(C,Hout,Wout) where Hout=Hin+padding_top+padding_bottomH_{out} = H_{in} + \text{padding\_top} + \text{padding\_bottom}Hout=Hin+padding_top+padding_bottom Wout=Win+padding_left+padding_rightW_{out} = W_{in} + \text{padding\_left} + \text{padding\_right}Wout=Win+padding_left+padding_right
Output: (N,C,Hout,Wout)(N, C, H_{out}, W_{out})(N,C,Hout,Wout) or (C,Hout,Wout)(C, H_{out}, W_{out})(C,Hout,Wout) where
Hout=Hin+padding_top+padding_bottomH_{out} = H_{in} + \text{padding\_top} + \text{padding\_bottom}Hout=Hin+padding_top+padding_bottom
Wout=Win+padding_left+padding_rightW_{out} = W_{in} + \text{padding\_left} + \text{padding\_right}Wout=Win+padding_left+padding_right
Examples:
>>> m = nn.ReflectionPad2d(2) >>> input = torch.arange(9, dtype=torch.float).reshape(1, 1, 3, 3) >>> input tensor([[[[0., 1., 2.], [3., 4., 5.], [6., 7., 8.]]]]) >>> m(input) tensor([[[[8., 7., 6., 7., 8., 7., 6.], [5., 4., 3., 4., 5., 4., 3.], [2., 1., 0., 1., 2., 1., 0.], [5., 4., 3., 4., 5., 4., 3.], [8., 7., 6., 7., 8., 7., 6.], [5., 4., 3., 4., 5., 4., 3.], [2., 1., 0., 1., 2., 1., 0.]]]]) >>> # using different paddings for different sides >>> m = nn.ReflectionPad2d((1, 1, 2, 0)) >>> m(input) tensor([[[[7., 6., 7., 8., 7.], [4., 3., 4., 5., 4.], [1., 0., 1., 2., 1.], [4., 3., 4., 5., 4.], [7., 6., 7., 8., 7.]]]])"

For the api torch.nn.ReflectionPad2d, provide a signature of the api as a dictionary. Here are the specifications:
- The dictionary should have three keys: 
    - `args` for positional arguments (parameters). The value should be a dictionary with names of the parameters as the key (e.g. "input"). The values should be the type of argument it accepts.
    - `kwargs` for keyword arguments. The value should be a dictinary similar to the one above.
    - `inner` for apis that are callable modules i.e. they return a function that can be called with more parameters. This will contain the signature required to call the function returned by the api. This value should be another dictionary with `args` and `kwargs` if the api is a callable module. Otherwise, keep this dictionary empty (i.e. do not include the `args` or `kwargs` keys). This api likely returns a function, look for the parameters that can be passed to the function returned by this api. Hint: very often this information can be found under the "Shape:" section of the documentation.
- **IMPORTANT** The types of each parameter can only be (strictly) one of the following options:
    - "tensor"
    - "tensor_list"
    - "integer"
    - "float"
    - "boolean"
    - "string"
    - "dtype"
    - "list"
    - "tuple"
- Choose the value that most closely matches with the argument type. For example, change IntTensor or FloatTensor type arguments to "tensor", change "Numbers" to "float" etc.
- If you are confused about a type, choose the best one and add a small comment on what you think should have been there instead.
- Do not add the argument "device".
- If a parameter name starts with an underscore `_` and/or the document does not describe the parameter (i.e. internal parameters), skip including the parameter in the signature.
- If the api has multiple signatures, add both with a prefix to the dictionary key enumerating the count (e.g. `"torch.nn.ReflectionPad2d_1"`, `"torch.nn.ReflectionPad2d_2"` etc). Same goes for argument types, if an argument can be of multiple types (e.g. tuples and integers), create new signatures for each possible type with same prefixes as mentioned before.
- **IMPORTANT** Assume I already have a dictionary called `signatures` (you don't have to initialize it). Provide the output as assigning the signature to the entry of the `signatures` dictionary. 

Examples:

```python
signatures["torch.scatter_add"] = {
    "args": {
        "input": "tensor",
        "dim": "integer",
        "index": "tensor",
        "src": "tensor"
    },
    "kwargs": {},
    "inner": {},
}
signatures["torch.add"] = {
    "args": {
        "input": "tensor",
        "other": "tensor"
    },
    "kwargs": {
        "alpha": "float",
        "out": "tensor"
    },
    "inner": {},
}
signatures["torch.nn.ReflectionPad1d_1"] = {
    "args": {
        "padding": "integer"
    },
    "kwargs": {},
    "inner": {
        "args": {
            "input": "tensor",
            "other": "tensor"
        },
        "kwargs": {}
    }
}
signatures["torch.nn.ReflectionPad1d_2"] = {
    "args": {
        "padding": "tuple"
    },
    "kwargs": {},
    "inner": {
        "args": {
            "input": "tensor",
            "other": "tensor"
        },
        "kwargs": {}
    }
}
```


- Only provide the code, skip any other text. Do not include verbose comments inside code other than short comments about confusion. Do not make any system calls within the code. Do not break any dependencies.


HTTP Request: POST http://127.0.0.1:8080/v1/chat/completions "HTTP/1.1 200 OK"
[Response]

```python
signatures["torch.nn.ReflectionPad2d_1"] = {
    "args": {
        "padding": "integer"
    },
    "kwargs": {},
    "inner": {
        "args": {
            "input": "tensor"
        },
        "kwargs": {}
    }
}
signatures["torch.nn.ReflectionPad2d_2"] = {
    "args": {
        "padding": "tuple"
    },
    "kwargs": {},
    "inner": {
        "args": {
            "input": "tensor"
        },
        "kwargs": {}
    }
}
```


[Usage]

Token usage: input=2564, output=125, total=2689


[Prompt]

This is the documentation for the function torch.minimum:

"torch.minimum#
torch.minimum(input, other, *, out=None)  Tensor#
Computes the element-wise minimum of input and other. Note If one of the elements being compared is a NaN, then that element is returned. minimum() is not supported for tensors with complex dtypes. Parameters input (Tensor)  the input tensor. other (Tensor)  the second input tensor Keyword Arguments out (Tensor, optional)  the output tensor. Example: >>> a = torch.tensor((1, 2, -1)) >>> b = torch.tensor((3, 0, 4)) >>> torch.minimum(a, b) tensor([1, 0, -1])
Computes the element-wise minimum of input and other.
input
other
Note
If one of the elements being compared is a NaN, then that element is returned. minimum() is not supported for tensors with complex dtypes.
minimum()
Parameters
input (Tensor)  the input tensor. other (Tensor)  the second input tensor
input (Tensor)  the input tensor.
other (Tensor)  the second input tensor
Keyword Arguments
out (Tensor, optional)  the output tensor.
Example:
>>> a = torch.tensor((1, 2, -1)) >>> b = torch.tensor((3, 0, 4)) >>> torch.minimum(a, b) tensor([1, 0, -1])"

For the api torch.minimum, provide a signature of the api as a dictionary. Here are the specifications:
- The dictionary should have three keys: 
    - `args` for positional arguments (parameters). The value should be a dictionary with names of the parameters as the key (e.g. "input"). The values should be the type of argument it accepts.
    - `kwargs` for keyword arguments. The value should be a dictinary similar to the one above.
    - `inner` for apis that are callable modules i.e. they return a function that can be called with more parameters. This will contain the signature required to call the function returned by the api. This value should be another dictionary with `args` and `kwargs` if the api is a callable module. Otherwise, keep this dictionary empty (i.e. do not include the `args` or `kwargs` keys). This api likely does not return a function, check if that is true. If so, `inner` should be empty. Otherwise add the signature for the inner call.
- **IMPORTANT** The types of each parameter can only be (strictly) one of the following options:
    - "tensor"
    - "tensor_list"
    - "integer"
    - "float"
    - "boolean"
    - "string"
    - "dtype"
    - "list"
    - "tuple"
- Choose the value that most closely matches with the argument type. For example, change IntTensor or FloatTensor type arguments to "tensor", change "Numbers" to "float" etc.
- If you are confused about a type, choose the best one and add a small comment on what you think should have been there instead.
- Do not add the argument "device".
- If a parameter name starts with an underscore `_` and/or the document does not describe the parameter (i.e. internal parameters), skip including the parameter in the signature.
- If the api has multiple signatures, add both with a prefix to the dictionary key enumerating the count (e.g. `"torch.minimum_1"`, `"torch.minimum_2"` etc). Same goes for argument types, if an argument can be of multiple types (e.g. tuples and integers), create new signatures for each possible type with same prefixes as mentioned before.
- **IMPORTANT** Assume I already have a dictionary called `signatures` (you don't have to initialize it). Provide the output as assigning the signature to the entry of the `signatures` dictionary. 

Examples:

```python
signatures["torch.scatter_add"] = {
    "args": {
        "input": "tensor",
        "dim": "integer",
        "index": "tensor",
        "src": "tensor"
    },
    "kwargs": {},
    "inner": {},
}
signatures["torch.add"] = {
    "args": {
        "input": "tensor",
        "other": "tensor"
    },
    "kwargs": {
        "alpha": "float",
        "out": "tensor"
    },
    "inner": {},
}
signatures["torch.nn.ReflectionPad1d_1"] = {
    "args": {
        "padding": "integer"
    },
    "kwargs": {},
    "inner": {
        "args": {
            "input": "tensor",
            "other": "tensor"
        },
        "kwargs": {}
    }
}
signatures["torch.nn.ReflectionPad1d_2"] = {
    "args": {
        "padding": "tuple"
    },
    "kwargs": {},
    "inner": {
        "args": {
            "input": "tensor",
            "other": "tensor"
        },
        "kwargs": {}
    }
}
```


- Only provide the code, skip any other text. Do not include verbose comments inside code other than short comments about confusion. Do not make any system calls within the code. Do not break any dependencies.


HTTP Request: POST http://127.0.0.1:8080/v1/chat/completions "HTTP/1.1 200 OK"
[Response]

signatures["torch.minimum_1"] = {
    "args": {
        "input": "tensor",
        "other": "tensor"
    },
    "kwargs": {
        "out": "tensor"
    },
    "inner": {},
}

signatures["torch.minimum_2"] = {
    "args": {
        "input": "tensor",
        "other": "tensor"
    },
    "kwargs": {
        "out": "tensor"
    },
    "inner": {},
}


[Usage]

Token usage: input=1110, output=103, total=1213


[Prompt]

For the api torch.set_num_interop_threads, provide a signature of the api as a dictionary. Here are the specifications:
- The dictionary should have three keys: 
    - `args` for positional arguments (parameters). The value should be a dictionary with names of the parameters as the key (e.g. "input"). The values should be the type of argument it accepts.
    - `kwargs` for keyword arguments. The value should be a dictinary similar to the one above.
    - `inner` for apis that are callable modules i.e. they return a function that can be called with more parameters. This will contain the signature required to call the function returned by the api. This value should be another dictionary with `args` and `kwargs` if the api is a callable module. Otherwise, keep this dictionary empty (i.e. do not include the `args` or `kwargs` keys). This api likely does not return a function, check if that is true. If so, `inner` should be empty. Otherwise add the signature for the inner call.
- **IMPORTANT** The types of each parameter can only be (strictly) one of the following options:
    - "tensor"
    - "tensor_list"
    - "integer"
    - "float"
    - "boolean"
    - "string"
    - "dtype"
    - "list"
    - "tuple"
- Choose the value that most closely matches with the argument type. For example, change IntTensor or FloatTensor type arguments to "tensor", change "Numbers" to "float" etc.
- If you are confused about a type, choose the best one and add a small comment on what you think should have been there instead.
- Do not add the argument "device".
- If a parameter name starts with an underscore `_` and/or the document does not describe the parameter (i.e. internal parameters), skip including the parameter in the signature.
- If the api has multiple signatures, add both with a prefix to the dictionary key enumerating the count (e.g. `"torch.set_num_interop_threads_1"`, `"torch.set_num_interop_threads_2"` etc). Same goes for argument types, if an argument can be of multiple types (e.g. tuples and integers), create new signatures for each possible type with same prefixes as mentioned before.
- **IMPORTANT** Assume I already have a dictionary called `signatures` (you don't have to initialize it). Provide the output as assigning the signature to the entry of the `signatures` dictionary. 

Examples:

```python
signatures["torch.scatter_add"] = {
    "args": {
        "input": "tensor",
        "dim": "integer",
        "index": "tensor",
        "src": "tensor"
    },
    "kwargs": {},
    "inner": {},
}
signatures["torch.add"] = {
    "args": {
        "input": "tensor",
        "other": "tensor"
    },
    "kwargs": {
        "alpha": "float",
        "out": "tensor"
    },
    "inner": {},
}
signatures["torch.nn.ReflectionPad1d_1"] = {
    "args": {
        "padding": "integer"
    },
    "kwargs": {},
    "inner": {
        "args": {
            "input": "tensor",
            "other": "tensor"
        },
        "kwargs": {}
    }
}
signatures["torch.nn.ReflectionPad1d_2"] = {
    "args": {
        "padding": "tuple"
    },
    "kwargs": {},
    "inner": {
        "args": {
            "input": "tensor",
            "other": "tensor"
        },
        "kwargs": {}
    }
}
```


- Only provide the code, skip any other text. Do not include verbose comments inside code other than short comments about confusion. Do not make any system calls within the code. Do not break any dependencies.


HTTP Request: POST http://127.0.0.1:8080/v1/chat/completions "HTTP/1.1 200 OK"
[Response]

signatures["torch.set_num_interop_threads"] = {
    "args": {
        "num_threads": "integer"
    },
    "kwargs": {},
    "inner": {},
}


[Usage]

Token usage: input=825, output=39, total=864


[Prompt]

This is the documentation for the function torch.nn.AvgPool2d:

"class torch.nn.AvgPool2d(kernel_size, stride=None, padding=0, ceil_mode=False, count_include_pad=True, divisor_override=None)[source]#
Applies a 2D average pooling over an input signal composed of several input planes. In the simplest case, the output value of the layer with input size (N,C,H,W)(N, C, H, W)(N,C,H,W), output (N,C,Hout,Wout)(N, C, H_{out}, W_{out})(N,C,Hout,Wout) and kernel_size (kH,kW)(kH, kW)(kH,kW) can be precisely described as: out(Ni,Cj,h,w)=1kHkWm=0kH1n=0kW1input(Ni,Cj,stride[0]h+m,stride[1]w+n)out(N_i, C_j, h, w) = \frac{1}{kH * kW} \sum_{m=0}^{kH-1} \sum_{n=0}^{kW-1} input(N_i, C_j, stride[0] \times h + m, stride[1] \times w + n)out(Ni,Cj,h,w)=kHkW1m=0kH1n=0kW1input(Ni,Cj,stride[0]h+m,stride[1]w+n)If padding is non-zero, then the input is implicitly zero-padded on both sides for padding number of points. Note When ceil_mode=True, sliding windows are allowed to go off-bounds if they start within the left padding or the input. Sliding windows that would start in the right padded region are ignored. Note pad should be at most half of effective kernel size. The parameters kernel_size, stride, padding can either be: a single int or a single-element tuple  in which case the same value is used for the height and width dimension a tuple of two ints  in which case, the first int is used for the height dimension, and the second int for the width dimension Parameters kernel_size (Union[int, tuple[int, int]])  the size of the window stride (Union[int, tuple[int, int]])  the stride of the window. Default value is kernel_size padding (Union[int, tuple[int, int]])  implicit zero padding to be added on both sides ceil_mode (bool)  when True, will use ceil instead of floor to compute the output shape count_include_pad (bool)  when True, will include the zero-padding in the averaging calculation divisor_override (Optional[int])  if specified, it will be used as divisor, otherwise size of the pooling region will be used. Shape: Input: (N,C,Hin,Win)(N, C, H_{in}, W_{in})(N,C,Hin,Win) or (C,Hin,Win)(C, H_{in}, W_{in})(C,Hin,Win). Output: (N,C,Hout,Wout)(N, C, H_{out}, W_{out})(N,C,Hout,Wout) or (C,Hout,Wout)(C, H_{out}, W_{out})(C,Hout,Wout), where Hout=Hin+2padding[0]kernel_size[0]stride[0]+1H_{out} = \left\lfloor\frac{H_{in} + 2 \times \text{padding}[0] - \text{kernel\_size}[0]}{\text{stride}[0]} + 1\right\rfloor Hout=stride[0]Hin+2padding[0]kernel_size[0]+1 Wout=Win+2padding[1]kernel_size[1]stride[1]+1W_{out} = \left\lfloor\frac{W_{in} + 2 \times \text{padding}[1] - \text{kernel\_size}[1]}{\text{stride}[1]} + 1\right\rfloor Wout=stride[1]Win+2padding[1]kernel_size[1]+1Per the note above, if ceil_mode is True and (Hout1)stride[0]Hin+padding[0](H_{out} - 1)\times \text{stride}[0]\geq H_{in} + \text{padding}[0](Hout1)stride[0]Hin+padding[0], we skip the last window as it would start in the bottom padded region, resulting in HoutH_{out}Hout being reduced by one. The same applies for WoutW_{out}Wout. Examples: >>> # pool of square window of size=3, stride=2 >>> m = nn.AvgPool2d(3, stride=2) >>> # pool of non-square window >>> m = nn.AvgPool2d((3, 2), stride=(2, 1)) >>> input = torch.randn(20, 16, 50, 32) >>> output = m(input) forward(input)[source]# Runs the forward pass. Return type Tensor
Applies a 2D average pooling over an input signal composed of several input planes.
In the simplest case, the output value of the layer with input size (N,C,H,W)(N, C, H, W)(N,C,H,W), output (N,C,Hout,Wout)(N, C, H_{out}, W_{out})(N,C,Hout,Wout) and kernel_size (kH,kW)(kH, kW)(kH,kW) can be precisely described as:
kernel_size
If padding is non-zero, then the input is implicitly zero-padded on both sides for padding number of points.
padding
Note
When ceil_mode=True, sliding windows are allowed to go off-bounds if they start within the left padding or the input. Sliding windows that would start in the right padded region are ignored.
pad should be at most half of effective kernel size.
The parameters kernel_size, stride, padding can either be:
stride
a single int or a single-element tuple  in which case the same value is used for the height and width dimension a tuple of two ints  in which case, the first int is used for the height dimension, and the second int for the width dimension
a single int or a single-element tuple  in which case the same value is used for the height and width dimension
int
a tuple of two ints  in which case, the first int is used for the height dimension, and the second int for the width dimension
tuple
Parameters
kernel_size (Union[int, tuple[int, int]])  the size of the window stride (Union[int, tuple[int, int]])  the stride of the window. Default value is kernel_size padding (Union[int, tuple[int, int]])  implicit zero padding to be added on both sides ceil_mode (bool)  when True, will use ceil instead of floor to compute the output shape count_include_pad (bool)  when True, will include the zero-padding in the averaging calculation divisor_override (Optional[int])  if specified, it will be used as divisor, otherwise size of the pooling region will be used.
kernel_size (Union[int, tuple[int, int]])  the size of the window
stride (Union[int, tuple[int, int]])  the stride of the window. Default value is kernel_size
padding (Union[int, tuple[int, int]])  implicit zero padding to be added on both sides
ceil_mode (bool)  when True, will use ceil instead of floor to compute the output shape
count_include_pad (bool)  when True, will include the zero-padding in the averaging calculation
divisor_override (Optional[int])  if specified, it will be used as divisor, otherwise size of the pooling region will be used.
Shape:
Input: (N,C,Hin,Win)(N, C, H_{in}, W_{in})(N,C,Hin,Win) or (C,Hin,Win)(C, H_{in}, W_{in})(C,Hin,Win). Output: (N,C,Hout,Wout)(N, C, H_{out}, W_{out})(N,C,Hout,Wout) or (C,Hout,Wout)(C, H_{out}, W_{out})(C,Hout,Wout), where Hout=Hin+2padding[0]kernel_size[0]stride[0]+1H_{out} = \left\lfloor\frac{H_{in} + 2 \times \text{padding}[0] - \text{kernel\_size}[0]}{\text{stride}[0]} + 1\right\rfloor Hout=stride[0]Hin+2padding[0]kernel_size[0]+1 Wout=Win+2padding[1]kernel_size[1]stride[1]+1W_{out} = \left\lfloor\frac{W_{in} + 2 \times \text{padding}[1] - \text{kernel\_size}[1]}{\text{stride}[1]} + 1\right\rfloor Wout=stride[1]Win+2padding[1]kernel_size[1]+1Per the note above, if ceil_mode is True and (Hout1)stride[0]Hin+padding[0](H_{out} - 1)\times \text{stride}[0]\geq H_{in} + \text{padding}[0](Hout1)stride[0]Hin+padding[0], we skip the last window as it would start in the bottom padded region, resulting in HoutH_{out}Hout being reduced by one. The same applies for WoutW_{out}Wout.
Input: (N,C,Hin,Win)(N, C, H_{in}, W_{in})(N,C,Hin,Win) or (C,Hin,Win)(C, H_{in}, W_{in})(C,Hin,Win).
Output: (N,C,Hout,Wout)(N, C, H_{out}, W_{out})(N,C,Hout,Wout) or (C,Hout,Wout)(C, H_{out}, W_{out})(C,Hout,Wout), where Hout=Hin+2padding[0]kernel_size[0]stride[0]+1H_{out} = \left\lfloor\frac{H_{in} + 2 \times \text{padding}[0] - \text{kernel\_size}[0]}{\text{stride}[0]} + 1\right\rfloor Hout=stride[0]Hin+2padding[0]kernel_size[0]+1 Wout=Win+2padding[1]kernel_size[1]stride[1]+1W_{out} = \left\lfloor\frac{W_{in} + 2 \times \text{padding}[1] - \text{kernel\_size}[1]}{\text{stride}[1]} + 1\right\rfloor Wout=stride[1]Win+2padding[1]kernel_size[1]+1Per the note above, if ceil_mode is True and (Hout1)stride[0]Hin+padding[0](H_{out} - 1)\times \text{stride}[0]\geq H_{in} + \text{padding}[0](Hout1)stride[0]Hin+padding[0], we skip the last window as it would start in the bottom padded region, resulting in HoutH_{out}Hout being reduced by one. The same applies for WoutW_{out}Wout.
Output: (N,C,Hout,Wout)(N, C, H_{out}, W_{out})(N,C,Hout,Wout) or (C,Hout,Wout)(C, H_{out}, W_{out})(C,Hout,Wout), where
Per the note above, if ceil_mode is True and (Hout1)stride[0]Hin+padding[0](H_{out} - 1)\times \text{stride}[0]\geq H_{in} + \text{padding}[0](Hout1)stride[0]Hin+padding[0], we skip the last window as it would start in the bottom padded region, resulting in HoutH_{out}Hout being reduced by one.
ceil_mode
The same applies for WoutW_{out}Wout.
Examples:
>>> # pool of square window of size=3, stride=2 >>> m = nn.AvgPool2d(3, stride=2) >>> # pool of non-square window >>> m = nn.AvgPool2d((3, 2), stride=(2, 1)) >>> input = torch.randn(20, 16, 50, 32) >>> output = m(input)
forward(input)[source]#
Runs the forward pass. Return type Tensor
Runs the forward pass.
Return type
Tensor"

For the api torch.nn.AvgPool2d, provide a signature of the api as a dictionary. Here are the specifications:
- The dictionary should have three keys: 
    - `args` for positional arguments (parameters). The value should be a dictionary with names of the parameters as the key (e.g. "input"). The values should be the type of argument it accepts.
    - `kwargs` for keyword arguments. The value should be a dictinary similar to the one above.
    - `inner` for apis that are callable modules i.e. they return a function that can be called with more parameters. This will contain the signature required to call the function returned by the api. This value should be another dictionary with `args` and `kwargs` if the api is a callable module. Otherwise, keep this dictionary empty (i.e. do not include the `args` or `kwargs` keys). This api likely returns a function, look for the parameters that can be passed to the function returned by this api. Hint: very often this information can be found under the "Shape:" section of the documentation.
- **IMPORTANT** The types of each parameter can only be (strictly) one of the following options:
    - "tensor"
    - "tensor_list"
    - "integer"
    - "float"
    - "boolean"
    - "string"
    - "dtype"
    - "list"
    - "tuple"
- Choose the value that most closely matches with the argument type. For example, change IntTensor or FloatTensor type arguments to "tensor", change "Numbers" to "float" etc.
- If you are confused about a type, choose the best one and add a small comment on what you think should have been there instead.
- Do not add the argument "device".
- If a parameter name starts with an underscore `_` and/or the document does not describe the parameter (i.e. internal parameters), skip including the parameter in the signature.
- If the api has multiple signatures, add both with a prefix to the dictionary key enumerating the count (e.g. `"torch.nn.AvgPool2d_1"`, `"torch.nn.AvgPool2d_2"` etc). Same goes for argument types, if an argument can be of multiple types (e.g. tuples and integers), create new signatures for each possible type with same prefixes as mentioned before.
- **IMPORTANT** Assume I already have a dictionary called `signatures` (you don't have to initialize it). Provide the output as assigning the signature to the entry of the `signatures` dictionary. 

Examples:

```python
signatures["torch.scatter_add"] = {
    "args": {
        "input": "tensor",
        "dim": "integer",
        "index": "tensor",
        "src": "tensor"
    },
    "kwargs": {},
    "inner": {},
}
signatures["torch.add"] = {
    "args": {
        "input": "tensor",
        "other": "tensor"
    },
    "kwargs": {
        "alpha": "float",
        "out": "tensor"
    },
    "inner": {},
}
signatures["torch.nn.ReflectionPad1d_1"] = {
    "args": {
        "padding": "integer"
    },
    "kwargs": {},
    "inner": {
        "args": {
            "input": "tensor",
            "other": "tensor"
        },
        "kwargs": {}
    }
}
signatures["torch.nn.ReflectionPad1d_2"] = {
    "args": {
        "padding": "tuple"
    },
    "kwargs": {},
    "inner": {
        "args": {
            "input": "tensor",
            "other": "tensor"
        },
        "kwargs": {}
    }
}
```


- Only provide the code, skip any other text. Do not include verbose comments inside code other than short comments about confusion. Do not make any system calls within the code. Do not break any dependencies.


HTTP Request: POST http://127.0.0.1:8080/v1/chat/completions "HTTP/1.1 200 OK"
[Response]

```python
signatures["torch.nn.AvgPool2d_1"] = {
    "args": {
        "kernel_size": "integer"
    },
    "kwargs": {
        "stride": "integer",
        "padding": "integer",
        "ceil_mode": "boolean",
        "count_include_pad": "boolean",
        "divisor_override": "integer"
    },
    "inner": {
        "args": {
            "input": "tensor"
        },
        "kwargs": {}
    }
}

signatures["torch.nn.AvgPool2d_2"] = {
    "args": {
        "kernel_size": "tuple"
    },
    "kwargs": {
        "stride": "tuple",
        "padding": "tuple",
        "ceil_mode": "boolean",
        "count_include_pad": "boolean",
        "divisor_override": "integer"
    },
    "inner": {
        "args": {
            "input": "tensor"
        },
        "kwargs": {}
    }
}
```


[Usage]

Token usage: input=3612, output=213, total=3825


[Prompt]

This is the documentation for the function torch.clip:

"torch.clip#
torch.clip(input, min=None, max=None, *, out=None)  Tensor#
Alias for torch.clamp().
torch.clamp()"

For the api torch.clip, provide a signature of the api as a dictionary. Here are the specifications:
- The dictionary should have three keys: 
    - `args` for positional arguments (parameters). The value should be a dictionary with names of the parameters as the key (e.g. "input"). The values should be the type of argument it accepts.
    - `kwargs` for keyword arguments. The value should be a dictinary similar to the one above.
    - `inner` for apis that are callable modules i.e. they return a function that can be called with more parameters. This will contain the signature required to call the function returned by the api. This value should be another dictionary with `args` and `kwargs` if the api is a callable module. Otherwise, keep this dictionary empty (i.e. do not include the `args` or `kwargs` keys). This api likely does not return a function, check if that is true. If so, `inner` should be empty. Otherwise add the signature for the inner call.
- **IMPORTANT** The types of each parameter can only be (strictly) one of the following options:
    - "tensor"
    - "tensor_list"
    - "integer"
    - "float"
    - "boolean"
    - "string"
    - "dtype"
    - "list"
    - "tuple"
- Choose the value that most closely matches with the argument type. For example, change IntTensor or FloatTensor type arguments to "tensor", change "Numbers" to "float" etc.
- If you are confused about a type, choose the best one and add a small comment on what you think should have been there instead.
- Do not add the argument "device".
- If a parameter name starts with an underscore `_` and/or the document does not describe the parameter (i.e. internal parameters), skip including the parameter in the signature.
- If the api has multiple signatures, add both with a prefix to the dictionary key enumerating the count (e.g. `"torch.clip_1"`, `"torch.clip_2"` etc). Same goes for argument types, if an argument can be of multiple types (e.g. tuples and integers), create new signatures for each possible type with same prefixes as mentioned before.
- **IMPORTANT** Assume I already have a dictionary called `signatures` (you don't have to initialize it). Provide the output as assigning the signature to the entry of the `signatures` dictionary. 

Examples:

```python
signatures["torch.scatter_add"] = {
    "args": {
        "input": "tensor",
        "dim": "integer",
        "index": "tensor",
        "src": "tensor"
    },
    "kwargs": {},
    "inner": {},
}
signatures["torch.add"] = {
    "args": {
        "input": "tensor",
        "other": "tensor"
    },
    "kwargs": {
        "alpha": "float",
        "out": "tensor"
    },
    "inner": {},
}
signatures["torch.nn.ReflectionPad1d_1"] = {
    "args": {
        "padding": "integer"
    },
    "kwargs": {},
    "inner": {
        "args": {
            "input": "tensor",
            "other": "tensor"
        },
        "kwargs": {}
    }
}
signatures["torch.nn.ReflectionPad1d_2"] = {
    "args": {
        "padding": "tuple"
    },
    "kwargs": {},
    "inner": {
        "args": {
            "input": "tensor",
            "other": "tensor"
        },
        "kwargs": {}
    }
}
```


- Only provide the code, skip any other text. Do not include verbose comments inside code other than short comments about confusion. Do not make any system calls within the code. Do not break any dependencies.


HTTP Request: POST http://127.0.0.1:8080/v1/chat/completions "HTTP/1.1 200 OK"
[Response]

signatures["torch.clip_1"] = {
    "args": {
        "input": "tensor",
        "min": "tensor",
        "max": "tensor"
    },
    "kwargs": {},
    "inner": {}
}


[Usage]

Token usage: input=855, output=50, total=905


[Prompt]

This is the documentation for the function torch.nn.functional.pdist:

"torch.nn.functional.pdist#
torch.nn.functional.pdist(input, p=2)  Tensor#
Computes the p-norm distance between every pair of row vectors in the input. This is identical to the upper triangular portion, excluding the diagonal, of torch.norm(input[:, None] - input, dim=2, p=p). This function will be faster if the rows are contiguous. If input has shape NMN \times MNM then the output will have shape 12N(N1)\frac{1}{2} N (N - 1)21N(N1). This function is equivalent to scipy.spatial.distance.pdist(input, 'minkowski', p=p) if p(0,)p \in (0, \infty)p(0,). When p=0p = 0p=0 it is equivalent to scipy.spatial.distance.pdist(input, 'hamming') * M. When p=p = \inftyp=, the closest scipy function is scipy.spatial.distance.pdist(xn, lambda x, y: np.abs(x - y).max()). Parameters input  input tensor of shape NMN \times MNM. p  p value for the p-norm distance to calculate between each vector pair [0,]\in [0, \infty][0,].
Computes the p-norm distance between every pair of row vectors in the input. This is identical to the upper triangular portion, excluding the diagonal, of torch.norm(input[:, None] - input, dim=2, p=p). This function will be faster if the rows are contiguous.
If input has shape NMN \times MNM then the output will have shape 12N(N1)\frac{1}{2} N (N - 1)21N(N1).
This function is equivalent to scipy.spatial.distance.pdist(input, 'minkowski', p=p) if p(0,)p \in (0, \infty)p(0,). When p=0p = 0p=0 it is equivalent to scipy.spatial.distance.pdist(input, 'hamming') * M. When p=p = \inftyp=, the closest scipy function is scipy.spatial.distance.pdist(xn, lambda x, y: np.abs(x - y).max()).
scipy.spatial.distance.pdist(input, 'minkowski', p=p)
scipy.spatial.distance.pdist(input, 'hamming') * M
scipy.spatial.distance.pdist(xn, lambda x, y: np.abs(x - y).max())
Parameters
input  input tensor of shape NMN \times MNM. p  p value for the p-norm distance to calculate between each vector pair [0,]\in [0, \infty][0,].
input  input tensor of shape NMN \times MNM.
p  p value for the p-norm distance to calculate between each vector pair [0,]\in [0, \infty][0,]."

For the api torch.nn.functional.pdist, provide a signature of the api as a dictionary. Here are the specifications:
- The dictionary should have three keys: 
    - `args` for positional arguments (parameters). The value should be a dictionary with names of the parameters as the key (e.g. "input"). The values should be the type of argument it accepts.
    - `kwargs` for keyword arguments. The value should be a dictinary similar to the one above.
    - `inner` for apis that are callable modules i.e. they return a function that can be called with more parameters. This will contain the signature required to call the function returned by the api. This value should be another dictionary with `args` and `kwargs` if the api is a callable module. Otherwise, keep this dictionary empty (i.e. do not include the `args` or `kwargs` keys). This api likely does not return a function, check if that is true. If so, `inner` should be empty. Otherwise add the signature for the inner call.
- **IMPORTANT** The types of each parameter can only be (strictly) one of the following options:
    - "tensor"
    - "tensor_list"
    - "integer"
    - "float"
    - "boolean"
    - "string"
    - "dtype"
    - "list"
    - "tuple"
- Choose the value that most closely matches with the argument type. For example, change IntTensor or FloatTensor type arguments to "tensor", change "Numbers" to "float" etc.
- If you are confused about a type, choose the best one and add a small comment on what you think should have been there instead.
- Do not add the argument "device".
- If a parameter name starts with an underscore `_` and/or the document does not describe the parameter (i.e. internal parameters), skip including the parameter in the signature.
- If the api has multiple signatures, add both with a prefix to the dictionary key enumerating the count (e.g. `"torch.nn.functional.pdist_1"`, `"torch.nn.functional.pdist_2"` etc). Same goes for argument types, if an argument can be of multiple types (e.g. tuples and integers), create new signatures for each possible type with same prefixes as mentioned before.
- **IMPORTANT** Assume I already have a dictionary called `signatures` (you don't have to initialize it). Provide the output as assigning the signature to the entry of the `signatures` dictionary. 

Examples:

```python
signatures["torch.scatter_add"] = {
    "args": {
        "input": "tensor",
        "dim": "integer",
        "index": "tensor",
        "src": "tensor"
    },
    "kwargs": {},
    "inner": {},
}
signatures["torch.add"] = {
    "args": {
        "input": "tensor",
        "other": "tensor"
    },
    "kwargs": {
        "alpha": "float",
        "out": "tensor"
    },
    "inner": {},
}
signatures["torch.nn.ReflectionPad1d_1"] = {
    "args": {
        "padding": "integer"
    },
    "kwargs": {},
    "inner": {
        "args": {
            "input": "tensor",
            "other": "tensor"
        },
        "kwargs": {}
    }
}
signatures["torch.nn.ReflectionPad1d_2"] = {
    "args": {
        "padding": "tuple"
    },
    "kwargs": {},
    "inner": {
        "args": {
            "input": "tensor",
            "other": "tensor"
        },
        "kwargs": {}
    }
}
```


- Only provide the code, skip any other text. Do not include verbose comments inside code other than short comments about confusion. Do not make any system calls within the code. Do not break any dependencies.


HTTP Request: POST http://127.0.0.1:8080/v1/chat/completions "HTTP/1.1 200 OK"
[Response]

signatures["torch.nn.functional.pdist"] = {
    "args": {
        "input": "tensor",
        "p": "float"
    },
    "kwargs": {},
    "inner": {},
}


[Usage]

Token usage: input=1454, output=44, total=1498


[Prompt]

For the api torch.not_equal, provide a signature of the api as a dictionary. Here are the specifications:
- The dictionary should have three keys: 
    - `args` for positional arguments (parameters). The value should be a dictionary with names of the parameters as the key (e.g. "input"). The values should be the type of argument it accepts.
    - `kwargs` for keyword arguments. The value should be a dictinary similar to the one above.
    - `inner` for apis that are callable modules i.e. they return a function that can be called with more parameters. This will contain the signature required to call the function returned by the api. This value should be another dictionary with `args` and `kwargs` if the api is a callable module. Otherwise, keep this dictionary empty (i.e. do not include the `args` or `kwargs` keys). This api likely does not return a function, check if that is true. If so, `inner` should be empty. Otherwise add the signature for the inner call.
- **IMPORTANT** The types of each parameter can only be (strictly) one of the following options:
    - "tensor"
    - "tensor_list"
    - "integer"
    - "float"
    - "boolean"
    - "string"
    - "dtype"
    - "list"
    - "tuple"
- Choose the value that most closely matches with the argument type. For example, change IntTensor or FloatTensor type arguments to "tensor", change "Numbers" to "float" etc.
- If you are confused about a type, choose the best one and add a small comment on what you think should have been there instead.
- Do not add the argument "device".
- If a parameter name starts with an underscore `_` and/or the document does not describe the parameter (i.e. internal parameters), skip including the parameter in the signature.
- If the api has multiple signatures, add both with a prefix to the dictionary key enumerating the count (e.g. `"torch.not_equal_1"`, `"torch.not_equal_2"` etc). Same goes for argument types, if an argument can be of multiple types (e.g. tuples and integers), create new signatures for each possible type with same prefixes as mentioned before.
- **IMPORTANT** Assume I already have a dictionary called `signatures` (you don't have to initialize it). Provide the output as assigning the signature to the entry of the `signatures` dictionary. 

Examples:

```python
signatures["torch.scatter_add"] = {
    "args": {
        "input": "tensor",
        "dim": "integer",
        "index": "tensor",
        "src": "tensor"
    },
    "kwargs": {},
    "inner": {},
}
signatures["torch.add"] = {
    "args": {
        "input": "tensor",
        "other": "tensor"
    },
    "kwargs": {
        "alpha": "float",
        "out": "tensor"
    },
    "inner": {},
}
signatures["torch.nn.ReflectionPad1d_1"] = {
    "args": {
        "padding": "integer"
    },
    "kwargs": {},
    "inner": {
        "args": {
            "input": "tensor",
            "other": "tensor"
        },
        "kwargs": {}
    }
}
signatures["torch.nn.ReflectionPad1d_2"] = {
    "args": {
        "padding": "tuple"
    },
    "kwargs": {},
    "inner": {
        "args": {
            "input": "tensor",
            "other": "tensor"
        },
        "kwargs": {}
    }
}
```


- Only provide the code, skip any other text. Do not include verbose comments inside code other than short comments about confusion. Do not make any system calls within the code. Do not break any dependencies.


HTTP Request: POST http://127.0.0.1:8080/v1/chat/completions "HTTP/1.1 200 OK"
[Response]

signatures["torch.not_equal"] = {
    "args": {
        "input": "tensor",
        " other": "tensor"
    },
    "kwargs": {},
    "inner": {},
}


[Usage]

Token usage: input=816, output=42, total=858


[Prompt]

This is the documentation for the function torch.amin:

"torch.amin#
torch.amin(input, dim, keepdim=False, *, out=None)  Tensor#
Returns the minimum value of each slice of the input tensor in the given dimension(s) dim. Note The difference between max/min and amax/amin is: amax/amin supports reducing on multiple dimensions, amax/amin does not return indices. Both amax/amin evenly distribute gradients between equal values when there are multiple input elements with the same minimum or maximum value. For max/min: If reduce over all dimensions(no dim specified), gradients evenly distribute between equally max/min values. If reduce over one specified axis, only propagate to the indexed element. If keepdim is True, the output tensor is of the same size as input except in the dimension(s) dim where it is of size 1. Otherwise, dim is squeezed (see torch.squeeze()), resulting in the output tensor having 1 (or len(dim)) fewer dimension(s). Parameters input (Tensor)  the input tensor. dim (int or tuple of ints, optional)  the dimension or dimensions to reduce. If None, all dimensions are reduced. keepdim (bool, optional)  whether the output tensor has dim retained or not. Default: False. Keyword Arguments out (Tensor, optional)  the output tensor. Example: >>> a = torch.randn(4, 4) >>> a tensor([[ 0.6451, -0.4866, 0.2987, -1.3312], [-0.5744, 1.2980, 1.8397, -0.2713], [ 0.9128, 0.9214, -1.7268, -0.2995], [ 0.9023, 0.4853, 0.9075, -1.6165]]) >>> torch.amin(a, 1) tensor([-1.3312, -0.5744, -1.7268, -1.6165])
Returns the minimum value of each slice of the input tensor in the given dimension(s) dim.
input
dim
Note
The difference between max/min and amax/amin is:
max
min
amax
amin
amax/amin supports reducing on multiple dimensions, amax/amin does not return indices.
amax/amin supports reducing on multiple dimensions,
amax/amin does not return indices.
Both amax/amin evenly distribute gradients between equal values when there are multiple input elements with the same minimum or maximum value.
For max/min:
If reduce over all dimensions(no dim specified), gradients evenly distribute between equally max/min values. If reduce over one specified axis, only propagate to the indexed element.
If reduce over all dimensions(no dim specified), gradients evenly distribute between equally max/min values.
If reduce over one specified axis, only propagate to the indexed element.
If keepdim is True, the output tensor is of the same size as input except in the dimension(s) dim where it is of size 1. Otherwise, dim is squeezed (see torch.squeeze()), resulting in the output tensor having 1 (or len(dim)) fewer dimension(s).
keepdim
True
torch.squeeze()
len(dim)
Parameters
input (Tensor)  the input tensor. dim (int or tuple of ints, optional)  the dimension or dimensions to reduce. If None, all dimensions are reduced. keepdim (bool, optional)  whether the output tensor has dim retained or not. Default: False.
input (Tensor)  the input tensor.
dim (int or tuple of ints, optional)  the dimension or dimensions to reduce. If None, all dimensions are reduced.
None
keepdim (bool, optional)  whether the output tensor has dim retained or not. Default: False.
False
Keyword Arguments
out (Tensor, optional)  the output tensor.
Example:
>>> a = torch.randn(4, 4) >>> a tensor([[ 0.6451, -0.4866, 0.2987, -1.3312], [-0.5744, 1.2980, 1.8397, -0.2713], [ 0.9128, 0.9214, -1.7268, -0.2995], [ 0.9023, 0.4853, 0.9075, -1.6165]]) >>> torch.amin(a, 1) tensor([-1.3312, -0.5744, -1.7268, -1.6165])"

For the api torch.amin, provide a signature of the api as a dictionary. Here are the specifications:
- The dictionary should have three keys: 
    - `args` for positional arguments (parameters). The value should be a dictionary with names of the parameters as the key (e.g. "input"). The values should be the type of argument it accepts.
    - `kwargs` for keyword arguments. The value should be a dictinary similar to the one above.
    - `inner` for apis that are callable modules i.e. they return a function that can be called with more parameters. This will contain the signature required to call the function returned by the api. This value should be another dictionary with `args` and `kwargs` if the api is a callable module. Otherwise, keep this dictionary empty (i.e. do not include the `args` or `kwargs` keys). This api likely does not return a function, check if that is true. If so, `inner` should be empty. Otherwise add the signature for the inner call.
- **IMPORTANT** The types of each parameter can only be (strictly) one of the following options:
    - "tensor"
    - "tensor_list"
    - "integer"
    - "float"
    - "boolean"
    - "string"
    - "dtype"
    - "list"
    - "tuple"
- Choose the value that most closely matches with the argument type. For example, change IntTensor or FloatTensor type arguments to "tensor", change "Numbers" to "float" etc.
- If you are confused about a type, choose the best one and add a small comment on what you think should have been there instead.
- Do not add the argument "device".
- If a parameter name starts with an underscore `_` and/or the document does not describe the parameter (i.e. internal parameters), skip including the parameter in the signature.
- If the api has multiple signatures, add both with a prefix to the dictionary key enumerating the count (e.g. `"torch.amin_1"`, `"torch.amin_2"` etc). Same goes for argument types, if an argument can be of multiple types (e.g. tuples and integers), create new signatures for each possible type with same prefixes as mentioned before.
- **IMPORTANT** Assume I already have a dictionary called `signatures` (you don't have to initialize it). Provide the output as assigning the signature to the entry of the `signatures` dictionary. 

Examples:

```python
signatures["torch.scatter_add"] = {
    "args": {
        "input": "tensor",
        "dim": "integer",
        "index": "tensor",
        "src": "tensor"
    },
    "kwargs": {},
    "inner": {},
}
signatures["torch.add"] = {
    "args": {
        "input": "tensor",
        "other": "tensor"
    },
    "kwargs": {
        "alpha": "float",
        "out": "tensor"
    },
    "inner": {},
}
signatures["torch.nn.ReflectionPad1d_1"] = {
    "args": {
        "padding": "integer"
    },
    "kwargs": {},
    "inner": {
        "args": {
            "input": "tensor",
            "other": "tensor"
        },
        "kwargs": {}
    }
}
signatures["torch.nn.ReflectionPad1d_2"] = {
    "args": {
        "padding": "tuple"
    },
    "kwargs": {},
    "inner": {
        "args": {
            "input": "tensor",
            "other": "tensor"
        },
        "kwargs": {}
    }
}
```


- Only provide the code, skip any other text. Do not include verbose comments inside code other than short comments about confusion. Do not make any system calls within the code. Do not break any dependencies.


HTTP Request: POST http://127.0.0.1:8080/v1/chat/completions "HTTP/1.1 200 OK"
[Response]

```python
signatures["torch.amin_1"] = {
    "args": {
        "input": "tensor",
        "dim": "integer"
    },
    "kwargs": {
        "keepdim": "boolean",
        "out": "tensor"
    },
    "inner": {}
}
signatures["torch.amin_2"] = {
    "args": {
        "input": "tensor",
        "dim": "tuple"
    },
    "kwargs": {
        "keepdim": "boolean",
        "out": "tensor"
    },
    "inner": {}
}
```


[Usage]

Token usage: input=1846, output=125, total=1971


[Prompt]

This is the documentation for the function torch.dequantize:

"torch.dequantize#
torch.dequantize(tensor)  Tensor#
Returns an fp32 Tensor by dequantizing a quantized Tensor Parameters tensor (Tensor)  A quantized Tensor torch.dequantize(tensors)  sequence of Tensors Given a list of quantized Tensors, dequantize them and return a list of fp32 Tensors Parameters tensors (sequence of Tensors)  A list of quantized Tensors
Returns an fp32 Tensor by dequantizing a quantized Tensor
Parameters
tensor (Tensor)  A quantized Tensor
torch.dequantize(tensors)  sequence of Tensors

Given a list of quantized Tensors, dequantize them and return a list of fp32 Tensors
tensors (sequence of Tensors)  A list of quantized Tensors"

For the api torch.dequantize, provide a signature of the api as a dictionary. Here are the specifications:
- The dictionary should have three keys: 
    - `args` for positional arguments (parameters). The value should be a dictionary with names of the parameters as the key (e.g. "input"). The values should be the type of argument it accepts.
    - `kwargs` for keyword arguments. The value should be a dictinary similar to the one above.
    - `inner` for apis that are callable modules i.e. they return a function that can be called with more parameters. This will contain the signature required to call the function returned by the api. This value should be another dictionary with `args` and `kwargs` if the api is a callable module. Otherwise, keep this dictionary empty (i.e. do not include the `args` or `kwargs` keys). This api likely does not return a function, check if that is true. If so, `inner` should be empty. Otherwise add the signature for the inner call.
- **IMPORTANT** The types of each parameter can only be (strictly) one of the following options:
    - "tensor"
    - "tensor_list"
    - "integer"
    - "float"
    - "boolean"
    - "string"
    - "dtype"
    - "list"
    - "tuple"
- Choose the value that most closely matches with the argument type. For example, change IntTensor or FloatTensor type arguments to "tensor", change "Numbers" to "float" etc.
- If you are confused about a type, choose the best one and add a small comment on what you think should have been there instead.
- Do not add the argument "device".
- If a parameter name starts with an underscore `_` and/or the document does not describe the parameter (i.e. internal parameters), skip including the parameter in the signature.
- If the api has multiple signatures, add both with a prefix to the dictionary key enumerating the count (e.g. `"torch.dequantize_1"`, `"torch.dequantize_2"` etc). Same goes for argument types, if an argument can be of multiple types (e.g. tuples and integers), create new signatures for each possible type with same prefixes as mentioned before.
- **IMPORTANT** Assume I already have a dictionary called `signatures` (you don't have to initialize it). Provide the output as assigning the signature to the entry of the `signatures` dictionary. 

Examples:

```python
signatures["torch.scatter_add"] = {
    "args": {
        "input": "tensor",
        "dim": "integer",
        "index": "tensor",
        "src": "tensor"
    },
    "kwargs": {},
    "inner": {},
}
signatures["torch.add"] = {
    "args": {
        "input": "tensor",
        "other": "tensor"
    },
    "kwargs": {
        "alpha": "float",
        "out": "tensor"
    },
    "inner": {},
}
signatures["torch.nn.ReflectionPad1d_1"] = {
    "args": {
        "padding": "integer"
    },
    "kwargs": {},
    "inner": {
        "args": {
            "input": "tensor",
            "other": "tensor"
        },
        "kwargs": {}
    }
}
signatures["torch.nn.ReflectionPad1d_2"] = {
    "args": {
        "padding": "tuple"
    },
    "kwargs": {},
    "inner": {
        "args": {
            "input": "tensor",
            "other": "tensor"
        },
        "kwargs": {}
    }
}
```


- Only provide the code, skip any other text. Do not include verbose comments inside code other than short comments about confusion. Do not make any system calls within the code. Do not break any dependencies.


HTTP Request: POST http://127.0.0.1:8080/v1/chat/completions "HTTP/1.1 200 OK"
[Response]

signatures["torch.dequantize_1"] = {
    "args": {
        "tensor": "tensor"
    },
    "kwargs": {},
    "inner": {}
}

signatures["torch.dequantize_2"] = {
    "args": {
        "tensors": "tensor_list"
    },
    "kwargs": {},
    "inner": {}
}


[Usage]

Token usage: input=1003, output=77, total=1080


[Prompt]

This is the documentation for the function torch.nn.LogSigmoid:

"class torch.nn.LogSigmoid(*args, **kwargs)[source]#
Applies the Logsigmoid function element-wise. LogSigmoid(x)=log(11+exp(x))\text{LogSigmoid}(x) = \log\left(\frac{ 1 }{ 1 + \exp(-x)}\right) LogSigmoid(x)=log(1+exp(x)1) Shape: Input: ()(*)(), where * means any number of dimensions. Output: ()(*)(), same shape as the input. Examples: >>> m = nn.LogSigmoid() >>> input = torch.randn(2) >>> output = m(input) forward(input)[source]# Run forward pass. Return type Tensor
Applies the Logsigmoid function element-wise.
Shape:
Input: ()(*)(), where * means any number of dimensions. Output: ()(*)(), same shape as the input.
Input: ()(*)(), where * means any number of dimensions.
Output: ()(*)(), same shape as the input.
Examples:
>>> m = nn.LogSigmoid() >>> input = torch.randn(2) >>> output = m(input)
forward(input)[source]#
Run forward pass. Return type Tensor
Run forward pass.
Return type
Tensor"

For the api torch.nn.LogSigmoid, provide a signature of the api as a dictionary. Here are the specifications:
- The dictionary should have three keys: 
    - `args` for positional arguments (parameters). The value should be a dictionary with names of the parameters as the key (e.g. "input"). The values should be the type of argument it accepts.
    - `kwargs` for keyword arguments. The value should be a dictinary similar to the one above.
    - `inner` for apis that are callable modules i.e. they return a function that can be called with more parameters. This will contain the signature required to call the function returned by the api. This value should be another dictionary with `args` and `kwargs` if the api is a callable module. Otherwise, keep this dictionary empty (i.e. do not include the `args` or `kwargs` keys). This api likely returns a function, look for the parameters that can be passed to the function returned by this api. Hint: very often this information can be found under the "Shape:" section of the documentation.
- **IMPORTANT** The types of each parameter can only be (strictly) one of the following options:
    - "tensor"
    - "tensor_list"
    - "integer"
    - "float"
    - "boolean"
    - "string"
    - "dtype"
    - "list"
    - "tuple"
- Choose the value that most closely matches with the argument type. For example, change IntTensor or FloatTensor type arguments to "tensor", change "Numbers" to "float" etc.
- If you are confused about a type, choose the best one and add a small comment on what you think should have been there instead.
- Do not add the argument "device".
- If a parameter name starts with an underscore `_` and/or the document does not describe the parameter (i.e. internal parameters), skip including the parameter in the signature.
- If the api has multiple signatures, add both with a prefix to the dictionary key enumerating the count (e.g. `"torch.nn.LogSigmoid_1"`, `"torch.nn.LogSigmoid_2"` etc). Same goes for argument types, if an argument can be of multiple types (e.g. tuples and integers), create new signatures for each possible type with same prefixes as mentioned before.
- **IMPORTANT** Assume I already have a dictionary called `signatures` (you don't have to initialize it). Provide the output as assigning the signature to the entry of the `signatures` dictionary. 

Examples:

```python
signatures["torch.scatter_add"] = {
    "args": {
        "input": "tensor",
        "dim": "integer",
        "index": "tensor",
        "src": "tensor"
    },
    "kwargs": {},
    "inner": {},
}
signatures["torch.add"] = {
    "args": {
        "input": "tensor",
        "other": "tensor"
    },
    "kwargs": {
        "alpha": "float",
        "out": "tensor"
    },
    "inner": {},
}
signatures["torch.nn.ReflectionPad1d_1"] = {
    "args": {
        "padding": "integer"
    },
    "kwargs": {},
    "inner": {
        "args": {
            "input": "tensor",
            "other": "tensor"
        },
        "kwargs": {}
    }
}
signatures["torch.nn.ReflectionPad1d_2"] = {
    "args": {
        "padding": "tuple"
    },
    "kwargs": {},
    "inner": {
        "args": {
            "input": "tensor",
            "other": "tensor"
        },
        "kwargs": {}
    }
}
```


- Only provide the code, skip any other text. Do not include verbose comments inside code other than short comments about confusion. Do not make any system calls within the code. Do not break any dependencies.


HTTP Request: POST http://127.0.0.1:8080/v1/chat/completions "HTTP/1.1 200 OK"
[Response]

```python
signatures["torch.nn.LogSigmoid"] = {
    "args": {
        "input": "tensor"
    },
    "kwargs": {},
    "inner": {
        "args": {
            "input": "tensor"
        },
        "kwargs": {}
    }
}
```


[Usage]

Token usage: input=1096, output=62, total=1158


[Prompt]

For the api torch.nn.functional.binary_cross_entropy_with_logits, provide a signature of the api as a dictionary. Here are the specifications:
- The dictionary should have three keys: 
    - `args` for positional arguments (parameters). The value should be a dictionary with names of the parameters as the key (e.g. "input"). The values should be the type of argument it accepts.
    - `kwargs` for keyword arguments. The value should be a dictinary similar to the one above.
    - `inner` for apis that are callable modules i.e. they return a function that can be called with more parameters. This will contain the signature required to call the function returned by the api. This value should be another dictionary with `args` and `kwargs` if the api is a callable module. Otherwise, keep this dictionary empty (i.e. do not include the `args` or `kwargs` keys). This api likely does not return a function, check if that is true. If so, `inner` should be empty. Otherwise add the signature for the inner call.
- **IMPORTANT** The types of each parameter can only be (strictly) one of the following options:
    - "tensor"
    - "tensor_list"
    - "integer"
    - "float"
    - "boolean"
    - "string"
    - "dtype"
    - "list"
    - "tuple"
- Choose the value that most closely matches with the argument type. For example, change IntTensor or FloatTensor type arguments to "tensor", change "Numbers" to "float" etc.
- If you are confused about a type, choose the best one and add a small comment on what you think should have been there instead.
- Do not add the argument "device".
- If a parameter name starts with an underscore `_` and/or the document does not describe the parameter (i.e. internal parameters), skip including the parameter in the signature.
- If the api has multiple signatures, add both with a prefix to the dictionary key enumerating the count (e.g. `"torch.nn.functional.binary_cross_entropy_with_logits_1"`, `"torch.nn.functional.binary_cross_entropy_with_logits_2"` etc). Same goes for argument types, if an argument can be of multiple types (e.g. tuples and integers), create new signatures for each possible type with same prefixes as mentioned before.
- **IMPORTANT** Assume I already have a dictionary called `signatures` (you don't have to initialize it). Provide the output as assigning the signature to the entry of the `signatures` dictionary. 

Examples:

```python
signatures["torch.scatter_add"] = {
    "args": {
        "input": "tensor",
        "dim": "integer",
        "index": "tensor",
        "src": "tensor"
    },
    "kwargs": {},
    "inner": {},
}
signatures["torch.add"] = {
    "args": {
        "input": "tensor",
        "other": "tensor"
    },
    "kwargs": {
        "alpha": "float",
        "out": "tensor"
    },
    "inner": {},
}
signatures["torch.nn.ReflectionPad1d_1"] = {
    "args": {
        "padding": "integer"
    },
    "kwargs": {},
    "inner": {
        "args": {
            "input": "tensor",
            "other": "tensor"
        },
        "kwargs": {}
    }
}
signatures["torch.nn.ReflectionPad1d_2"] = {
    "args": {
        "padding": "tuple"
    },
    "kwargs": {},
    "inner": {
        "args": {
            "input": "tensor",
            "other": "tensor"
        },
        "kwargs": {}
    }
}
```


- Only provide the code, skip any other text. Do not include verbose comments inside code other than short comments about confusion. Do not make any system calls within the code. Do not break any dependencies.


HTTP Request: POST http://127.0.0.1:8080/v1/chat/completions "HTTP/1.1 200 OK"
[Response]

signatures["torch.nn.functional.binary_cross_entropy_with_logits"] = {
    "args": {
        "input": "tensor",
        "target": "tensor"
    },
    "kwargs": {
        "weight": "tensor",
        "size_average": "boolean",
        "reduce": "boolean",
        "reduction": "string"
    },
    "inner": {}
}


[Usage]

Token usage: input=831, output=79, total=910


[Prompt]

For the api torch.nn.functional.kl_div, provide a signature of the api as a dictionary. Here are the specifications:
- The dictionary should have three keys: 
    - `args` for positional arguments (parameters). The value should be a dictionary with names of the parameters as the key (e.g. "input"). The values should be the type of argument it accepts.
    - `kwargs` for keyword arguments. The value should be a dictinary similar to the one above.
    - `inner` for apis that are callable modules i.e. they return a function that can be called with more parameters. This will contain the signature required to call the function returned by the api. This value should be another dictionary with `args` and `kwargs` if the api is a callable module. Otherwise, keep this dictionary empty (i.e. do not include the `args` or `kwargs` keys). This api likely does not return a function, check if that is true. If so, `inner` should be empty. Otherwise add the signature for the inner call.
- **IMPORTANT** The types of each parameter can only be (strictly) one of the following options:
    - "tensor"
    - "tensor_list"
    - "integer"
    - "float"
    - "boolean"
    - "string"
    - "dtype"
    - "list"
    - "tuple"
- Choose the value that most closely matches with the argument type. For example, change IntTensor or FloatTensor type arguments to "tensor", change "Numbers" to "float" etc.
- If you are confused about a type, choose the best one and add a small comment on what you think should have been there instead.
- Do not add the argument "device".
- If a parameter name starts with an underscore `_` and/or the document does not describe the parameter (i.e. internal parameters), skip including the parameter in the signature.
- If the api has multiple signatures, add both with a prefix to the dictionary key enumerating the count (e.g. `"torch.nn.functional.kl_div_1"`, `"torch.nn.functional.kl_div_2"` etc). Same goes for argument types, if an argument can be of multiple types (e.g. tuples and integers), create new signatures for each possible type with same prefixes as mentioned before.
- **IMPORTANT** Assume I already have a dictionary called `signatures` (you don't have to initialize it). Provide the output as assigning the signature to the entry of the `signatures` dictionary. 

Examples:

```python
signatures["torch.scatter_add"] = {
    "args": {
        "input": "tensor",
        "dim": "integer",
        "index": "tensor",
        "src": "tensor"
    },
    "kwargs": {},
    "inner": {},
}
signatures["torch.add"] = {
    "args": {
        "input": "tensor",
        "other": "tensor"
    },
    "kwargs": {
        "alpha": "float",
        "out": "tensor"
    },
    "inner": {},
}
signatures["torch.nn.ReflectionPad1d_1"] = {
    "args": {
        "padding": "integer"
    },
    "kwargs": {},
    "inner": {
        "args": {
            "input": "tensor",
            "other": "tensor"
        },
        "kwargs": {}
    }
}
signatures["torch.nn.ReflectionPad1d_2"] = {
    "args": {
        "padding": "tuple"
    },
    "kwargs": {},
    "inner": {
        "args": {
            "input": "tensor",
            "other": "tensor"
        },
        "kwargs": {}
    }
}
```


- Only provide the code, skip any other text. Do not include verbose comments inside code other than short comments about confusion. Do not make any system calls within the code. Do not break any dependencies.


HTTP Request: POST http://127.0.0.1:8080/v1/chat/completions "HTTP/1.1 200 OK"
[Response]

signatures["torch.nn.functional.kl_div_1"] = {
    "args": {
        "input": "tensor",
        "target": "tensor"
    },
    "kwargs": {
        " reduction": "string",
        " log_target": "boolean"
    },
    "inner": {},
}

signatures["torch.nn.functional.kl_div_2"] = {
    "args": {
        "input": "tensor",
        "target": "tensor"
    },
    "kwargs": {
        " reduction": "string",
        " log_target": "boolean"
    },
    "inner": {},
}


[Usage]

Token usage: input=825, output=127, total=952


[Prompt]

For the api torch.unique_consecutive, provide a signature of the api as a dictionary. Here are the specifications:
- The dictionary should have three keys: 
    - `args` for positional arguments (parameters). The value should be a dictionary with names of the parameters as the key (e.g. "input"). The values should be the type of argument it accepts.
    - `kwargs` for keyword arguments. The value should be a dictinary similar to the one above.
    - `inner` for apis that are callable modules i.e. they return a function that can be called with more parameters. This will contain the signature required to call the function returned by the api. This value should be another dictionary with `args` and `kwargs` if the api is a callable module. Otherwise, keep this dictionary empty (i.e. do not include the `args` or `kwargs` keys). This api likely does not return a function, check if that is true. If so, `inner` should be empty. Otherwise add the signature for the inner call.
- **IMPORTANT** The types of each parameter can only be (strictly) one of the following options:
    - "tensor"
    - "tensor_list"
    - "integer"
    - "float"
    - "boolean"
    - "string"
    - "dtype"
    - "list"
    - "tuple"
- Choose the value that most closely matches with the argument type. For example, change IntTensor or FloatTensor type arguments to "tensor", change "Numbers" to "float" etc.
- If you are confused about a type, choose the best one and add a small comment on what you think should have been there instead.
- Do not add the argument "device".
- If a parameter name starts with an underscore `_` and/or the document does not describe the parameter (i.e. internal parameters), skip including the parameter in the signature.
- If the api has multiple signatures, add both with a prefix to the dictionary key enumerating the count (e.g. `"torch.unique_consecutive_1"`, `"torch.unique_consecutive_2"` etc). Same goes for argument types, if an argument can be of multiple types (e.g. tuples and integers), create new signatures for each possible type with same prefixes as mentioned before.
- **IMPORTANT** Assume I already have a dictionary called `signatures` (you don't have to initialize it). Provide the output as assigning the signature to the entry of the `signatures` dictionary. 

Examples:

```python
signatures["torch.scatter_add"] = {
    "args": {
        "input": "tensor",
        "dim": "integer",
        "index": "tensor",
        "src": "tensor"
    },
    "kwargs": {},
    "inner": {},
}
signatures["torch.add"] = {
    "args": {
        "input": "tensor",
        "other": "tensor"
    },
    "kwargs": {
        "alpha": "float",
        "out": "tensor"
    },
    "inner": {},
}
signatures["torch.nn.ReflectionPad1d_1"] = {
    "args": {
        "padding": "integer"
    },
    "kwargs": {},
    "inner": {
        "args": {
            "input": "tensor",
            "other": "tensor"
        },
        "kwargs": {}
    }
}
signatures["torch.nn.ReflectionPad1d_2"] = {
    "args": {
        "padding": "tuple"
    },
    "kwargs": {},
    "inner": {
        "args": {
            "input": "tensor",
            "other": "tensor"
        },
        "kwargs": {}
    }
}
```


- Only provide the code, skip any other text. Do not include verbose comments inside code other than short comments about confusion. Do not make any system calls within the code. Do not break any dependencies.


HTTP Request: POST http://127.0.0.1:8080/v1/chat/completions "HTTP/1.1 200 OK"
[Response]

signatures["torch.unique_consecutive"] = {
    "args": {
        "input": "tensor",
        "dim": "integer"
    },
    "kwargs": {
        "return_inverse": "boolean",
        "return_counts": "boolean"
    },
    "inner": {},
}


[Usage]

Token usage: input=819, output=61, total=880


[Prompt]

For the api torch.is_nonzero, provide a signature of the api as a dictionary. Here are the specifications:
- The dictionary should have three keys: 
    - `args` for positional arguments (parameters). The value should be a dictionary with names of the parameters as the key (e.g. "input"). The values should be the type of argument it accepts.
    - `kwargs` for keyword arguments. The value should be a dictinary similar to the one above.
    - `inner` for apis that are callable modules i.e. they return a function that can be called with more parameters. This will contain the signature required to call the function returned by the api. This value should be another dictionary with `args` and `kwargs` if the api is a callable module. Otherwise, keep this dictionary empty (i.e. do not include the `args` or `kwargs` keys). This api likely does not return a function, check if that is true. If so, `inner` should be empty. Otherwise add the signature for the inner call.
- **IMPORTANT** The types of each parameter can only be (strictly) one of the following options:
    - "tensor"
    - "tensor_list"
    - "integer"
    - "float"
    - "boolean"
    - "string"
    - "dtype"
    - "list"
    - "tuple"
- Choose the value that most closely matches with the argument type. For example, change IntTensor or FloatTensor type arguments to "tensor", change "Numbers" to "float" etc.
- If you are confused about a type, choose the best one and add a small comment on what you think should have been there instead.
- Do not add the argument "device".
- If a parameter name starts with an underscore `_` and/or the document does not describe the parameter (i.e. internal parameters), skip including the parameter in the signature.
- If the api has multiple signatures, add both with a prefix to the dictionary key enumerating the count (e.g. `"torch.is_nonzero_1"`, `"torch.is_nonzero_2"` etc). Same goes for argument types, if an argument can be of multiple types (e.g. tuples and integers), create new signatures for each possible type with same prefixes as mentioned before.
- **IMPORTANT** Assume I already have a dictionary called `signatures` (you don't have to initialize it). Provide the output as assigning the signature to the entry of the `signatures` dictionary. 

Examples:

```python
signatures["torch.scatter_add"] = {
    "args": {
        "input": "tensor",
        "dim": "integer",
        "index": "tensor",
        "src": "tensor"
    },
    "kwargs": {},
    "inner": {},
}
signatures["torch.add"] = {
    "args": {
        "input": "tensor",
        "other": "tensor"
    },
    "kwargs": {
        "alpha": "float",
        "out": "tensor"
    },
    "inner": {},
}
signatures["torch.nn.ReflectionPad1d_1"] = {
    "args": {
        "padding": "integer"
    },
    "kwargs": {},
    "inner": {
        "args": {
            "input": "tensor",
            "other": "tensor"
        },
        "kwargs": {}
    }
}
signatures["torch.nn.ReflectionPad1d_2"] = {
    "args": {
        "padding": "tuple"
    },
    "kwargs": {},
    "inner": {
        "args": {
            "input": "tensor",
            "other": "tensor"
        },
        "kwargs": {}
    }
}
```


- Only provide the code, skip any other text. Do not include verbose comments inside code other than short comments about confusion. Do not make any system calls within the code. Do not break any dependencies.


HTTP Request: POST http://127.0.0.1:8080/v1/chat/completions "HTTP/1.1 200 OK"
[Response]

signatures["torch.is_nonzero"] = {
    "args": {
        "input": "tensor"
    },
    "kwargs": {},
    "inner": {},
}


[Usage]

Token usage: input=819, output=36, total=855


[Prompt]

This is the documentation for the function torch.nn.SiLU:

"class torch.nn.SiLU(inplace=False)[source]#
Applies the Sigmoid Linear Unit (SiLU) function, element-wise. The SiLU function is also known as the swish function. silu(x)=x(x),where (x) is the logistic sigmoid.\text{silu}(x) = x * \sigma(x), \text{where } \sigma(x) \text{ is the logistic sigmoid.} silu(x)=x(x),where (x) is the logistic sigmoid. Note See Gaussian Error Linear Units (GELUs) where the SiLU (Sigmoid Linear Unit) was originally coined, and see Sigmoid-Weighted Linear Units for Neural Network Function Approximation in Reinforcement Learning and Swish: a Self-Gated Activation Function where the SiLU was experimented with later. Shape: Input: ()(*)(), where * means any number of dimensions. Output: ()(*)(), same shape as the input. Examples: >>> m = nn.SiLU() >>> input = torch.randn(2) >>> output = m(input) extra_repr()[source]# Return the extra representation of the module. Return type str forward(input)[source]# Runs the forward pass. Return type Tensor
Applies the Sigmoid Linear Unit (SiLU) function, element-wise.
The SiLU function is also known as the swish function.
Note
See Gaussian Error Linear Units (GELUs) where the SiLU (Sigmoid Linear Unit) was originally coined, and see Sigmoid-Weighted Linear Units for Neural Network Function Approximation in Reinforcement Learning and Swish: a Self-Gated Activation Function where the SiLU was experimented with later.
Shape:
Input: ()(*)(), where * means any number of dimensions. Output: ()(*)(), same shape as the input.
Input: ()(*)(), where * means any number of dimensions.
Output: ()(*)(), same shape as the input.
Examples:
>>> m = nn.SiLU() >>> input = torch.randn(2) >>> output = m(input)
extra_repr()[source]#
Return the extra representation of the module. Return type str
Return the extra representation of the module.
Return type
str
forward(input)[source]#
Runs the forward pass. Return type Tensor
Runs the forward pass.
Tensor"

For the api torch.nn.SiLU, provide a signature of the api as a dictionary. Here are the specifications:
- The dictionary should have three keys: 
    - `args` for positional arguments (parameters). The value should be a dictionary with names of the parameters as the key (e.g. "input"). The values should be the type of argument it accepts.
    - `kwargs` for keyword arguments. The value should be a dictinary similar to the one above.
    - `inner` for apis that are callable modules i.e. they return a function that can be called with more parameters. This will contain the signature required to call the function returned by the api. This value should be another dictionary with `args` and `kwargs` if the api is a callable module. Otherwise, keep this dictionary empty (i.e. do not include the `args` or `kwargs` keys). This api likely returns a function, look for the parameters that can be passed to the function returned by this api. Hint: very often this information can be found under the "Shape:" section of the documentation.
- **IMPORTANT** The types of each parameter can only be (strictly) one of the following options:
    - "tensor"
    - "tensor_list"
    - "integer"
    - "float"
    - "boolean"
    - "string"
    - "dtype"
    - "list"
    - "tuple"
- Choose the value that most closely matches with the argument type. For example, change IntTensor or FloatTensor type arguments to "tensor", change "Numbers" to "float" etc.
- If you are confused about a type, choose the best one and add a small comment on what you think should have been there instead.
- Do not add the argument "device".
- If a parameter name starts with an underscore `_` and/or the document does not describe the parameter (i.e. internal parameters), skip including the parameter in the signature.
- If the api has multiple signatures, add both with a prefix to the dictionary key enumerating the count (e.g. `"torch.nn.SiLU_1"`, `"torch.nn.SiLU_2"` etc). Same goes for argument types, if an argument can be of multiple types (e.g. tuples and integers), create new signatures for each possible type with same prefixes as mentioned before.
- **IMPORTANT** Assume I already have a dictionary called `signatures` (you don't have to initialize it). Provide the output as assigning the signature to the entry of the `signatures` dictionary. 

Examples:

```python
signatures["torch.scatter_add"] = {
    "args": {
        "input": "tensor",
        "dim": "integer",
        "index": "tensor",
        "src": "tensor"
    },
    "kwargs": {},
    "inner": {},
}
signatures["torch.add"] = {
    "args": {
        "input": "tensor",
        "other": "tensor"
    },
    "kwargs": {
        "alpha": "float",
        "out": "tensor"
    },
    "inner": {},
}
signatures["torch.nn.ReflectionPad1d_1"] = {
    "args": {
        "padding": "integer"
    },
    "kwargs": {},
    "inner": {
        "args": {
            "input": "tensor",
            "other": "tensor"
        },
        "kwargs": {}
    }
}
signatures["torch.nn.ReflectionPad1d_2"] = {
    "args": {
        "padding": "tuple"
    },
    "kwargs": {},
    "inner": {
        "args": {
            "input": "tensor",
            "other": "tensor"
        },
        "kwargs": {}
    }
}
```


- Only provide the code, skip any other text. Do not include verbose comments inside code other than short comments about confusion. Do not make any system calls within the code. Do not break any dependencies.


HTTP Request: POST http://127.0.0.1:8080/v1/chat/completions "HTTP/1.1 200 OK"
[Response]

signatures["torch.nn.SiLU"] = {
    "args": {
        "inplace": "boolean"
    },
    "kwargs": {},
    "inner": {
        "args": {
            "input": "tensor"
        },
        "kwargs": {}
    }
}


[Usage]

Token usage: input=1313, output=59, total=1372


[Prompt]

For the api torch.bitwise_left_shift, provide a signature of the api as a dictionary. Here are the specifications:
- The dictionary should have three keys: 
    - `args` for positional arguments (parameters). The value should be a dictionary with names of the parameters as the key (e.g. "input"). The values should be the type of argument it accepts.
    - `kwargs` for keyword arguments. The value should be a dictinary similar to the one above.
    - `inner` for apis that are callable modules i.e. they return a function that can be called with more parameters. This will contain the signature required to call the function returned by the api. This value should be another dictionary with `args` and `kwargs` if the api is a callable module. Otherwise, keep this dictionary empty (i.e. do not include the `args` or `kwargs` keys). This api likely does not return a function, check if that is true. If so, `inner` should be empty. Otherwise add the signature for the inner call.
- **IMPORTANT** The types of each parameter can only be (strictly) one of the following options:
    - "tensor"
    - "tensor_list"
    - "integer"
    - "float"
    - "boolean"
    - "string"
    - "dtype"
    - "list"
    - "tuple"
- Choose the value that most closely matches with the argument type. For example, change IntTensor or FloatTensor type arguments to "tensor", change "Numbers" to "float" etc.
- If you are confused about a type, choose the best one and add a small comment on what you think should have been there instead.
- Do not add the argument "device".
- If a parameter name starts with an underscore `_` and/or the document does not describe the parameter (i.e. internal parameters), skip including the parameter in the signature.
- If the api has multiple signatures, add both with a prefix to the dictionary key enumerating the count (e.g. `"torch.bitwise_left_shift_1"`, `"torch.bitwise_left_shift_2"` etc). Same goes for argument types, if an argument can be of multiple types (e.g. tuples and integers), create new signatures for each possible type with same prefixes as mentioned before.
- **IMPORTANT** Assume I already have a dictionary called `signatures` (you don't have to initialize it). Provide the output as assigning the signature to the entry of the `signatures` dictionary. 

Examples:

```python
signatures["torch.scatter_add"] = {
    "args": {
        "input": "tensor",
        "dim": "integer",
        "index": "tensor",
        "src": "tensor"
    },
    "kwargs": {},
    "inner": {},
}
signatures["torch.add"] = {
    "args": {
        "input": "tensor",
        "other": "tensor"
    },
    "kwargs": {
        "alpha": "float",
        "out": "tensor"
    },
    "inner": {},
}
signatures["torch.nn.ReflectionPad1d_1"] = {
    "args": {
        "padding": "integer"
    },
    "kwargs": {},
    "inner": {
        "args": {
            "input": "tensor",
            "other": "tensor"
        },
        "kwargs": {}
    }
}
signatures["torch.nn.ReflectionPad1d_2"] = {
    "args": {
        "padding": "tuple"
    },
    "kwargs": {},
    "inner": {
        "args": {
            "input": "tensor",
            "other": "tensor"
        },
        "kwargs": {}
    }
}
```


- Only provide the code, skip any other text. Do not include verbose comments inside code other than short comments about confusion. Do not make any system calls within the code. Do not break any dependencies.


HTTP Request: POST http://127.0.0.1:8080/v1/chat/completions "HTTP/1.1 200 OK"
[Response]

signatures["torch.bitwise_left_shift"] = {
    "args": {
        "input": "tensor",
        "other": "tensor"
    },
    "kwargs": {},
    "inner": {},
}


[Usage]

Token usage: input=822, output=44, total=866


[Prompt]

For the api torch.conj_physical, provide a signature of the api as a dictionary. Here are the specifications:
- The dictionary should have three keys: 
    - `args` for positional arguments (parameters). The value should be a dictionary with names of the parameters as the key (e.g. "input"). The values should be the type of argument it accepts.
    - `kwargs` for keyword arguments. The value should be a dictinary similar to the one above.
    - `inner` for apis that are callable modules i.e. they return a function that can be called with more parameters. This will contain the signature required to call the function returned by the api. This value should be another dictionary with `args` and `kwargs` if the api is a callable module. Otherwise, keep this dictionary empty (i.e. do not include the `args` or `kwargs` keys). This api likely does not return a function, check if that is true. If so, `inner` should be empty. Otherwise add the signature for the inner call.
- **IMPORTANT** The types of each parameter can only be (strictly) one of the following options:
    - "tensor"
    - "tensor_list"
    - "integer"
    - "float"
    - "boolean"
    - "string"
    - "dtype"
    - "list"
    - "tuple"
- Choose the value that most closely matches with the argument type. For example, change IntTensor or FloatTensor type arguments to "tensor", change "Numbers" to "float" etc.
- If you are confused about a type, choose the best one and add a small comment on what you think should have been there instead.
- Do not add the argument "device".
- If a parameter name starts with an underscore `_` and/or the document does not describe the parameter (i.e. internal parameters), skip including the parameter in the signature.
- If the api has multiple signatures, add both with a prefix to the dictionary key enumerating the count (e.g. `"torch.conj_physical_1"`, `"torch.conj_physical_2"` etc). Same goes for argument types, if an argument can be of multiple types (e.g. tuples and integers), create new signatures for each possible type with same prefixes as mentioned before.
- **IMPORTANT** Assume I already have a dictionary called `signatures` (you don't have to initialize it). Provide the output as assigning the signature to the entry of the `signatures` dictionary. 

Examples:

```python
signatures["torch.scatter_add"] = {
    "args": {
        "input": "tensor",
        "dim": "integer",
        "index": "tensor",
        "src": "tensor"
    },
    "kwargs": {},
    "inner": {},
}
signatures["torch.add"] = {
    "args": {
        "input": "tensor",
        "other": "tensor"
    },
    "kwargs": {
        "alpha": "float",
        "out": "tensor"
    },
    "inner": {},
}
signatures["torch.nn.ReflectionPad1d_1"] = {
    "args": {
        "padding": "integer"
    },
    "kwargs": {},
    "inner": {
        "args": {
            "input": "tensor",
            "other": "tensor"
        },
        "kwargs": {}
    }
}
signatures["torch.nn.ReflectionPad1d_2"] = {
    "args": {
        "padding": "tuple"
    },
    "kwargs": {},
    "inner": {
        "args": {
            "input": "tensor",
            "other": "tensor"
        },
        "kwargs": {}
    }
}
```


- Only provide the code, skip any other text. Do not include verbose comments inside code other than short comments about confusion. Do not make any system calls within the code. Do not break any dependencies.


HTTP Request: POST http://127.0.0.1:8080/v1/chat/completions "HTTP/1.1 200 OK"
[Response]

signatures["torch.conj_physical"] = {
    "args": {
        "input": "tensor"
    },
    "kwargs": {},
    "inner": {},
}


[Usage]

Token usage: input=819, output=36, total=855


[Prompt]

This is the documentation for the function torch.take:

"torch.take#
torch.take(input, index)  Tensor#
Returns a new tensor with the elements of input at the given indices. The input tensor is treated as if it were viewed as a 1-D tensor. The result takes the same shape as the indices. Parameters input (Tensor)  the input tensor. index (LongTensor)  the indices into tensor Example: >>> src = torch.tensor([[4, 3, 5], ... [6, 7, 8]]) >>> torch.take(src, torch.tensor([0, 2, 5])) tensor([ 4, 5, 8])
Returns a new tensor with the elements of input at the given indices. The input tensor is treated as if it were viewed as a 1-D tensor. The result takes the same shape as the indices.
input
Parameters
input (Tensor)  the input tensor. index (LongTensor)  the indices into tensor
input (Tensor)  the input tensor.
index (LongTensor)  the indices into tensor
Example:
>>> src = torch.tensor([[4, 3, 5], ... [6, 7, 8]]) >>> torch.take(src, torch.tensor([0, 2, 5])) tensor([ 4, 5, 8])"

For the api torch.take, provide a signature of the api as a dictionary. Here are the specifications:
- The dictionary should have three keys: 
    - `args` for positional arguments (parameters). The value should be a dictionary with names of the parameters as the key (e.g. "input"). The values should be the type of argument it accepts.
    - `kwargs` for keyword arguments. The value should be a dictinary similar to the one above.
    - `inner` for apis that are callable modules i.e. they return a function that can be called with more parameters. This will contain the signature required to call the function returned by the api. This value should be another dictionary with `args` and `kwargs` if the api is a callable module. Otherwise, keep this dictionary empty (i.e. do not include the `args` or `kwargs` keys). This api likely does not return a function, check if that is true. If so, `inner` should be empty. Otherwise add the signature for the inner call.
- **IMPORTANT** The types of each parameter can only be (strictly) one of the following options:
    - "tensor"
    - "tensor_list"
    - "integer"
    - "float"
    - "boolean"
    - "string"
    - "dtype"
    - "list"
    - "tuple"
- Choose the value that most closely matches with the argument type. For example, change IntTensor or FloatTensor type arguments to "tensor", change "Numbers" to "float" etc.
- If you are confused about a type, choose the best one and add a small comment on what you think should have been there instead.
- Do not add the argument "device".
- If a parameter name starts with an underscore `_` and/or the document does not describe the parameter (i.e. internal parameters), skip including the parameter in the signature.
- If the api has multiple signatures, add both with a prefix to the dictionary key enumerating the count (e.g. `"torch.take_1"`, `"torch.take_2"` etc). Same goes for argument types, if an argument can be of multiple types (e.g. tuples and integers), create new signatures for each possible type with same prefixes as mentioned before.
- **IMPORTANT** Assume I already have a dictionary called `signatures` (you don't have to initialize it). Provide the output as assigning the signature to the entry of the `signatures` dictionary. 

Examples:

```python
signatures["torch.scatter_add"] = {
    "args": {
        "input": "tensor",
        "dim": "integer",
        "index": "tensor",
        "src": "tensor"
    },
    "kwargs": {},
    "inner": {},
}
signatures["torch.add"] = {
    "args": {
        "input": "tensor",
        "other": "tensor"
    },
    "kwargs": {
        "alpha": "float",
        "out": "tensor"
    },
    "inner": {},
}
signatures["torch.nn.ReflectionPad1d_1"] = {
    "args": {
        "padding": "integer"
    },
    "kwargs": {},
    "inner": {
        "args": {
            "input": "tensor",
            "other": "tensor"
        },
        "kwargs": {}
    }
}
signatures["torch.nn.ReflectionPad1d_2"] = {
    "args": {
        "padding": "tuple"
    },
    "kwargs": {},
    "inner": {
        "args": {
            "input": "tensor",
            "other": "tensor"
        },
        "kwargs": {}
    }
}
```


- Only provide the code, skip any other text. Do not include verbose comments inside code other than short comments about confusion. Do not make any system calls within the code. Do not break any dependencies.


HTTP Request: POST http://127.0.0.1:8080/v1/chat/completions "HTTP/1.1 200 OK"
[Response]

signatures["torch.take_1"] = {
    "args": {
        "input": "tensor",
        "index": "tensor"
    },
    "kwargs": {},
    "inner": {},
}


[Usage]

Token usage: input=1089, output=43, total=1132


[Prompt]

This is the documentation for the function torch.round:

"torch.round#
torch.round(input, *, decimals=0, out=None)  Tensor#
Rounds elements of input to the nearest integer. For integer inputs, follows the array-api convention of returning a copy of the input tensor. The return type of output is same as that of inputs dtype. Note This function implements the round half to even to break ties when a number is equidistant from two integers (e.g. round(2.5) is 2). When the :attr:`decimals` argument is specified the algorithm used is similar to NumPys around. This algorithm is fast but inexact and it can easily overflow for low precision dtypes. Eg. round(tensor([10000], dtype=torch.float16), decimals=3) is inf. See also torch.ceil(), which rounds up. torch.floor(), which rounds down. torch.trunc(), which rounds towards zero. Parameters input (Tensor)  the input tensor. decimals (int)  Number of decimal places to round to (default: 0). If decimals is negative, it specifies the number of positions to the left of the decimal point. Keyword Arguments out (Tensor, optional)  the output tensor. Example: >>> torch.round(torch.tensor((4.7, -2.3, 9.1, -7.7))) tensor([ 5., -2., 9., -8.]) >>> # Values equidistant from two integers are rounded towards the >>> # the nearest even value (zero is treated as even) >>> torch.round(torch.tensor([-0.5, 0.5, 1.5, 2.5])) tensor([-0., 0., 2., 2.]) >>> # A positive decimals argument rounds to the to that decimal place >>> torch.round(torch.tensor([0.1234567]), decimals=3) tensor([0.1230]) >>> # A negative decimals argument rounds to the left of the decimal >>> torch.round(torch.tensor([1200.1234567]), decimals=-3) tensor([1000.])
Rounds elements of input to the nearest integer.
input
For integer inputs, follows the array-api convention of returning a copy of the input tensor. The return type of output is same as that of inputs dtype.
Note
This function implements the round half to even to break ties when a number is equidistant from two integers (e.g. round(2.5) is 2).
When the :attr:`decimals` argument is specified the algorithm used is similar to NumPys around. This algorithm is fast but inexact and it can easily overflow for low precision dtypes. Eg. round(tensor([10000], dtype=torch.float16), decimals=3) is inf.
See also
torch.ceil(), which rounds up. torch.floor(), which rounds down. torch.trunc(), which rounds towards zero.
torch.ceil()
torch.floor()
torch.trunc()
Parameters
input (Tensor)  the input tensor. decimals (int)  Number of decimal places to round to (default: 0). If decimals is negative, it specifies the number of positions to the left of the decimal point.
input (Tensor)  the input tensor.
decimals (int)  Number of decimal places to round to (default: 0). If decimals is negative, it specifies the number of positions to the left of the decimal point.
Keyword Arguments
out (Tensor, optional)  the output tensor.
Example:
>>> torch.round(torch.tensor((4.7, -2.3, 9.1, -7.7))) tensor([ 5., -2., 9., -8.]) >>> # Values equidistant from two integers are rounded towards the >>> # the nearest even value (zero is treated as even) >>> torch.round(torch.tensor([-0.5, 0.5, 1.5, 2.5])) tensor([-0., 0., 2., 2.]) >>> # A positive decimals argument rounds to the to that decimal place >>> torch.round(torch.tensor([0.1234567]), decimals=3) tensor([0.1230]) >>> # A negative decimals argument rounds to the left of the decimal >>> torch.round(torch.tensor([1200.1234567]), decimals=-3) tensor([1000.])"

For the api torch.round, provide a signature of the api as a dictionary. Here are the specifications:
- The dictionary should have three keys: 
    - `args` for positional arguments (parameters). The value should be a dictionary with names of the parameters as the key (e.g. "input"). The values should be the type of argument it accepts.
    - `kwargs` for keyword arguments. The value should be a dictinary similar to the one above.
    - `inner` for apis that are callable modules i.e. they return a function that can be called with more parameters. This will contain the signature required to call the function returned by the api. This value should be another dictionary with `args` and `kwargs` if the api is a callable module. Otherwise, keep this dictionary empty (i.e. do not include the `args` or `kwargs` keys). This api likely does not return a function, check if that is true. If so, `inner` should be empty. Otherwise add the signature for the inner call.
- **IMPORTANT** The types of each parameter can only be (strictly) one of the following options:
    - "tensor"
    - "tensor_list"
    - "integer"
    - "float"
    - "boolean"
    - "string"
    - "dtype"
    - "list"
    - "tuple"
- Choose the value that most closely matches with the argument type. For example, change IntTensor or FloatTensor type arguments to "tensor", change "Numbers" to "float" etc.
- If you are confused about a type, choose the best one and add a small comment on what you think should have been there instead.
- Do not add the argument "device".
- If a parameter name starts with an underscore `_` and/or the document does not describe the parameter (i.e. internal parameters), skip including the parameter in the signature.
- If the api has multiple signatures, add both with a prefix to the dictionary key enumerating the count (e.g. `"torch.round_1"`, `"torch.round_2"` etc). Same goes for argument types, if an argument can be of multiple types (e.g. tuples and integers), create new signatures for each possible type with same prefixes as mentioned before.
- **IMPORTANT** Assume I already have a dictionary called `signatures` (you don't have to initialize it). Provide the output as assigning the signature to the entry of the `signatures` dictionary. 

Examples:

```python
signatures["torch.scatter_add"] = {
    "args": {
        "input": "tensor",
        "dim": "integer",
        "index": "tensor",
        "src": "tensor"
    },
    "kwargs": {},
    "inner": {},
}
signatures["torch.add"] = {
    "args": {
        "input": "tensor",
        "other": "tensor"
    },
    "kwargs": {
        "alpha": "float",
        "out": "tensor"
    },
    "inner": {},
}
signatures["torch.nn.ReflectionPad1d_1"] = {
    "args": {
        "padding": "integer"
    },
    "kwargs": {},
    "inner": {
        "args": {
            "input": "tensor",
            "other": "tensor"
        },
        "kwargs": {}
    }
}
signatures["torch.nn.ReflectionPad1d_2"] = {
    "args": {
        "padding": "tuple"
    },
    "kwargs": {},
    "inner": {
        "args": {
            "input": "tensor",
            "other": "tensor"
        },
        "kwargs": {}
    }
}
```


- Only provide the code, skip any other text. Do not include verbose comments inside code other than short comments about confusion. Do not make any system calls within the code. Do not break any dependencies.


HTTP Request: POST http://127.0.0.1:8080/v1/chat/completions "HTTP/1.1 200 OK"
[Response]

```python
signatures["torch.round"] = {
    "args": {
        "input": "tensor"
    },
    "kwargs": {
        "decimals": "integer",
        "out": "tensor"
    },
    "inner": {},
}
```


[Usage]

Token usage: input=1744, output=55, total=1799


[Prompt]

This is the documentation for the function torch.isreal:

"torch.isreal#
torch.isreal(input)  Tensor#
Returns a new tensor with boolean elements representing if each element of input is real-valued or not. All real-valued types are considered real. Complex values are considered real when their imaginary part is 0. Parameters input (Tensor)  the input tensor. Returns A boolean tensor that is True where input is real and False elsewhere Example: >>> torch.isreal(torch.tensor([1, 1+1j, 2+0j])) tensor([True, False, True])
Returns a new tensor with boolean elements representing if each element of input is real-valued or not. All real-valued types are considered real. Complex values are considered real when their imaginary part is 0.
input
Parameters
input (Tensor)  the input tensor.
Returns
A boolean tensor that is True where input is real and False elsewhere
Example:
>>> torch.isreal(torch.tensor([1, 1+1j, 2+0j])) tensor([True, False, True])"

For the api torch.isreal, provide a signature of the api as a dictionary. Here are the specifications:
- The dictionary should have three keys: 
    - `args` for positional arguments (parameters). The value should be a dictionary with names of the parameters as the key (e.g. "input"). The values should be the type of argument it accepts.
    - `kwargs` for keyword arguments. The value should be a dictinary similar to the one above.
    - `inner` for apis that are callable modules i.e. they return a function that can be called with more parameters. This will contain the signature required to call the function returned by the api. This value should be another dictionary with `args` and `kwargs` if the api is a callable module. Otherwise, keep this dictionary empty (i.e. do not include the `args` or `kwargs` keys). This api likely does not return a function, check if that is true. If so, `inner` should be empty. Otherwise add the signature for the inner call.
- **IMPORTANT** The types of each parameter can only be (strictly) one of the following options:
    - "tensor"
    - "tensor_list"
    - "integer"
    - "float"
    - "boolean"
    - "string"
    - "dtype"
    - "list"
    - "tuple"
- Choose the value that most closely matches with the argument type. For example, change IntTensor or FloatTensor type arguments to "tensor", change "Numbers" to "float" etc.
- If you are confused about a type, choose the best one and add a small comment on what you think should have been there instead.
- Do not add the argument "device".
- If a parameter name starts with an underscore `_` and/or the document does not describe the parameter (i.e. internal parameters), skip including the parameter in the signature.
- If the api has multiple signatures, add both with a prefix to the dictionary key enumerating the count (e.g. `"torch.isreal_1"`, `"torch.isreal_2"` etc). Same goes for argument types, if an argument can be of multiple types (e.g. tuples and integers), create new signatures for each possible type with same prefixes as mentioned before.
- **IMPORTANT** Assume I already have a dictionary called `signatures` (you don't have to initialize it). Provide the output as assigning the signature to the entry of the `signatures` dictionary. 

Examples:

```python
signatures["torch.scatter_add"] = {
    "args": {
        "input": "tensor",
        "dim": "integer",
        "index": "tensor",
        "src": "tensor"
    },
    "kwargs": {},
    "inner": {},
}
signatures["torch.add"] = {
    "args": {
        "input": "tensor",
        "other": "tensor"
    },
    "kwargs": {
        "alpha": "float",
        "out": "tensor"
    },
    "inner": {},
}
signatures["torch.nn.ReflectionPad1d_1"] = {
    "args": {
        "padding": "integer"
    },
    "kwargs": {},
    "inner": {
        "args": {
            "input": "tensor",
            "other": "tensor"
        },
        "kwargs": {}
    }
}
signatures["torch.nn.ReflectionPad1d_2"] = {
    "args": {
        "padding": "tuple"
    },
    "kwargs": {},
    "inner": {
        "args": {
            "input": "tensor",
            "other": "tensor"
        },
        "kwargs": {}
    }
}
```


- Only provide the code, skip any other text. Do not include verbose comments inside code other than short comments about confusion. Do not make any system calls within the code. Do not break any dependencies.


HTTP Request: POST http://127.0.0.1:8080/v1/chat/completions "HTTP/1.1 200 OK"
[Response]

```python
signatures["torch.isreal"] = {
    "args": {
        "input": "tensor"
    },
    "kwargs": {},
    "inner": {}
}
```


[Usage]

Token usage: input=1040, output=39, total=1079


[Prompt]

For the api torch.nn.utils.clip_grad_norm_, provide a signature of the api as a dictionary. Here are the specifications:
- The dictionary should have three keys: 
    - `args` for positional arguments (parameters). The value should be a dictionary with names of the parameters as the key (e.g. "input"). The values should be the type of argument it accepts.
    - `kwargs` for keyword arguments. The value should be a dictinary similar to the one above.
    - `inner` for apis that are callable modules i.e. they return a function that can be called with more parameters. This will contain the signature required to call the function returned by the api. This value should be another dictionary with `args` and `kwargs` if the api is a callable module. Otherwise, keep this dictionary empty (i.e. do not include the `args` or `kwargs` keys). This api likely does not return a function, check if that is true. If so, `inner` should be empty. Otherwise add the signature for the inner call.
- **IMPORTANT** The types of each parameter can only be (strictly) one of the following options:
    - "tensor"
    - "tensor_list"
    - "integer"
    - "float"
    - "boolean"
    - "string"
    - "dtype"
    - "list"
    - "tuple"
- Choose the value that most closely matches with the argument type. For example, change IntTensor or FloatTensor type arguments to "tensor", change "Numbers" to "float" etc.
- If you are confused about a type, choose the best one and add a small comment on what you think should have been there instead.
- Do not add the argument "device".
- If a parameter name starts with an underscore `_` and/or the document does not describe the parameter (i.e. internal parameters), skip including the parameter in the signature.
- If the api has multiple signatures, add both with a prefix to the dictionary key enumerating the count (e.g. `"torch.nn.utils.clip_grad_norm__1"`, `"torch.nn.utils.clip_grad_norm__2"` etc). Same goes for argument types, if an argument can be of multiple types (e.g. tuples and integers), create new signatures for each possible type with same prefixes as mentioned before.
- **IMPORTANT** Assume I already have a dictionary called `signatures` (you don't have to initialize it). Provide the output as assigning the signature to the entry of the `signatures` dictionary. 

Examples:

```python
signatures["torch.scatter_add"] = {
    "args": {
        "input": "tensor",
        "dim": "integer",
        "index": "tensor",
        "src": "tensor"
    },
    "kwargs": {},
    "inner": {},
}
signatures["torch.add"] = {
    "args": {
        "input": "tensor",
        "other": "tensor"
    },
    "kwargs": {
        "alpha": "float",
        "out": "tensor"
    },
    "inner": {},
}
signatures["torch.nn.ReflectionPad1d_1"] = {
    "args": {
        "padding": "integer"
    },
    "kwargs": {},
    "inner": {
        "args": {
            "input": "tensor",
            "other": "tensor"
        },
        "kwargs": {}
    }
}
signatures["torch.nn.ReflectionPad1d_2"] = {
    "args": {
        "padding": "tuple"
    },
    "kwargs": {},
    "inner": {
        "args": {
            "input": "tensor",
            "other": "tensor"
        },
        "kwargs": {}
    }
}
```


- Only provide the code, skip any other text. Do not include verbose comments inside code other than short comments about confusion. Do not make any system calls within the code. Do not break any dependencies.


HTTP Request: POST http://127.0.0.1:8080/v1/chat/completions "HTTP/1.1 200 OK"
[Response]

signatures["torch.nn.utils.clip_grad_norm__1"] = {
    "args": {
        "parameters": "tensor_list"
    },
    "kwargs": {
        "max_norm": "float",
        "norm_type": "float"
    },
    "inner": {}
}


[Usage]

Token usage: input=825, output=59, total=884


[Prompt]

This is the documentation for the function torch.nn.RReLU:

"class torch.nn.RReLU(lower=0.125, upper=0.3333333333333333, inplace=False)[source]#
Applies the randomized leaky rectified linear unit function, element-wise. Method described in the paper: Empirical Evaluation of Rectified Activations in Convolutional Network. The function is defined as: RReLU(x)={xif x0ax otherwise \text{RReLU}(x) = \begin{cases} x & \text{if } x \geq 0 \\ ax & \text{ otherwise } \end{cases} RReLU(x)={xaxif x0 otherwise where aaa is randomly sampled from uniform distribution U(lower,upper)\mathcal{U}(\text{lower}, \text{upper})U(lower,upper) during training while during evaluation aaa is fixed with a=lower+upper2a = \frac{\text{lower} + \text{upper}}{2}a=2lower+upper. Parameters lower (float)  lower bound of the uniform distribution. Default: 18\frac{1}{8}81 upper (float)  upper bound of the uniform distribution. Default: 13\frac{1}{3}31 inplace (bool)  can optionally do the operation in-place. Default: False Shape: Input: ()(*)(), where * means any number of dimensions. Output: ()(*)(), same shape as the input. Examples: >>> m = nn.RReLU(0.1, 0.3) >>> input = torch.randn(2) >>> output = m(input) extra_repr()[source]# Return the extra representation of the module. Return type str forward(input)[source]# Runs the forward pass. Return type Tensor
Applies the randomized leaky rectified linear unit function, element-wise.
Method described in the paper: Empirical Evaluation of Rectified Activations in Convolutional Network.
The function is defined as:
where aaa is randomly sampled from uniform distribution U(lower,upper)\mathcal{U}(\text{lower}, \text{upper})U(lower,upper) during training while during evaluation aaa is fixed with a=lower+upper2a = \frac{\text{lower} + \text{upper}}{2}a=2lower+upper.
Parameters
lower (float)  lower bound of the uniform distribution. Default: 18\frac{1}{8}81 upper (float)  upper bound of the uniform distribution. Default: 13\frac{1}{3}31 inplace (bool)  can optionally do the operation in-place. Default: False
lower (float)  lower bound of the uniform distribution. Default: 18\frac{1}{8}81
upper (float)  upper bound of the uniform distribution. Default: 13\frac{1}{3}31
inplace (bool)  can optionally do the operation in-place. Default: False
False
Shape:
Input: ()(*)(), where * means any number of dimensions. Output: ()(*)(), same shape as the input.
Input: ()(*)(), where * means any number of dimensions.
Output: ()(*)(), same shape as the input.
Examples:
>>> m = nn.RReLU(0.1, 0.3) >>> input = torch.randn(2) >>> output = m(input)
extra_repr()[source]#
Return the extra representation of the module. Return type str
Return the extra representation of the module.
Return type
str
forward(input)[source]#
Runs the forward pass. Return type Tensor
Runs the forward pass.
Tensor"

For the api torch.nn.RReLU, provide a signature of the api as a dictionary. Here are the specifications:
- The dictionary should have three keys: 
    - `args` for positional arguments (parameters). The value should be a dictionary with names of the parameters as the key (e.g. "input"). The values should be the type of argument it accepts.
    - `kwargs` for keyword arguments. The value should be a dictinary similar to the one above.
    - `inner` for apis that are callable modules i.e. they return a function that can be called with more parameters. This will contain the signature required to call the function returned by the api. This value should be another dictionary with `args` and `kwargs` if the api is a callable module. Otherwise, keep this dictionary empty (i.e. do not include the `args` or `kwargs` keys). This api likely returns a function, look for the parameters that can be passed to the function returned by this api. Hint: very often this information can be found under the "Shape:" section of the documentation.
- **IMPORTANT** The types of each parameter can only be (strictly) one of the following options:
    - "tensor"
    - "tensor_list"
    - "integer"
    - "float"
    - "boolean"
    - "string"
    - "dtype"
    - "list"
    - "tuple"
- Choose the value that most closely matches with the argument type. For example, change IntTensor or FloatTensor type arguments to "tensor", change "Numbers" to "float" etc.
- If you are confused about a type, choose the best one and add a small comment on what you think should have been there instead.
- Do not add the argument "device".
- If a parameter name starts with an underscore `_` and/or the document does not describe the parameter (i.e. internal parameters), skip including the parameter in the signature.
- If the api has multiple signatures, add both with a prefix to the dictionary key enumerating the count (e.g. `"torch.nn.RReLU_1"`, `"torch.nn.RReLU_2"` etc). Same goes for argument types, if an argument can be of multiple types (e.g. tuples and integers), create new signatures for each possible type with same prefixes as mentioned before.
- **IMPORTANT** Assume I already have a dictionary called `signatures` (you don't have to initialize it). Provide the output as assigning the signature to the entry of the `signatures` dictionary. 

Examples:

```python
signatures["torch.scatter_add"] = {
    "args": {
        "input": "tensor",
        "dim": "integer",
        "index": "tensor",
        "src": "tensor"
    },
    "kwargs": {},
    "inner": {},
}
signatures["torch.add"] = {
    "args": {
        "input": "tensor",
        "other": "tensor"
    },
    "kwargs": {
        "alpha": "float",
        "out": "tensor"
    },
    "inner": {},
}
signatures["torch.nn.ReflectionPad1d_1"] = {
    "args": {
        "padding": "integer"
    },
    "kwargs": {},
    "inner": {
        "args": {
            "input": "tensor",
            "other": "tensor"
        },
        "kwargs": {}
    }
}
signatures["torch.nn.ReflectionPad1d_2"] = {
    "args": {
        "padding": "tuple"
    },
    "kwargs": {},
    "inner": {
        "args": {
            "input": "tensor",
            "other": "tensor"
        },
        "kwargs": {}
    }
}
```


- Only provide the code, skip any other text. Do not include verbose comments inside code other than short comments about confusion. Do not make any system calls within the code. Do not break any dependencies.


HTTP Request: POST http://127.0.0.1:8080/v1/chat/completions "HTTP/1.1 200 OK"
[Response]

```python
signatures["torch.nn.RReLU"] = {
    "args": {
        "lower": "float",
        "upper": "float"
    },
    "kwargs": {
        "inplace": "boolean"
    },
    "inner": {
        "args": {
            "input": "tensor"
        },
        "kwargs": {}
    }
}
```


[Usage]

Token usage: input=1608, output=78, total=1686


[Prompt]

This is the documentation for the function torch.ge:

"torch.ge#
torch.ge(input, other, *, out=None)  Tensor#
Computes inputother\text{input} \geq \text{other}inputother element-wise. The second argument can be a number or a tensor whose shape is broadcastable with the first argument. Parameters input (Tensor)  the tensor to compare other (Tensor or float)  the tensor or value to compare Keyword Arguments out (Tensor, optional)  the output tensor. Returns A boolean tensor that is True where input is greater than or equal to other and False elsewhere Example: >>> torch.ge(torch.tensor([[1, 2], [3, 4]]), torch.tensor([[1, 1], [4, 4]])) tensor([[True, True], [False, True]])
Computes inputother\text{input} \geq \text{other}inputother element-wise.
The second argument can be a number or a tensor whose shape is broadcastable with the first argument.
Parameters
input (Tensor)  the tensor to compare other (Tensor or float)  the tensor or value to compare
input (Tensor)  the tensor to compare
other (Tensor or float)  the tensor or value to compare
Keyword Arguments
out (Tensor, optional)  the output tensor.
Returns
A boolean tensor that is True where input is greater than or equal to other and False elsewhere
input
other
Example:
>>> torch.ge(torch.tensor([[1, 2], [3, 4]]), torch.tensor([[1, 1], [4, 4]])) tensor([[True, True], [False, True]])"

For the api torch.ge, provide a signature of the api as a dictionary. Here are the specifications:
- The dictionary should have three keys: 
    - `args` for positional arguments (parameters). The value should be a dictionary with names of the parameters as the key (e.g. "input"). The values should be the type of argument it accepts.
    - `kwargs` for keyword arguments. The value should be a dictinary similar to the one above.
    - `inner` for apis that are callable modules i.e. they return a function that can be called with more parameters. This will contain the signature required to call the function returned by the api. This value should be another dictionary with `args` and `kwargs` if the api is a callable module. Otherwise, keep this dictionary empty (i.e. do not include the `args` or `kwargs` keys). This api likely does not return a function, check if that is true. If so, `inner` should be empty. Otherwise add the signature for the inner call.
- **IMPORTANT** The types of each parameter can only be (strictly) one of the following options:
    - "tensor"
    - "tensor_list"
    - "integer"
    - "float"
    - "boolean"
    - "string"
    - "dtype"
    - "list"
    - "tuple"
- Choose the value that most closely matches with the argument type. For example, change IntTensor or FloatTensor type arguments to "tensor", change "Numbers" to "float" etc.
- If you are confused about a type, choose the best one and add a small comment on what you think should have been there instead.
- Do not add the argument "device".
- If a parameter name starts with an underscore `_` and/or the document does not describe the parameter (i.e. internal parameters), skip including the parameter in the signature.
- If the api has multiple signatures, add both with a prefix to the dictionary key enumerating the count (e.g. `"torch.ge_1"`, `"torch.ge_2"` etc). Same goes for argument types, if an argument can be of multiple types (e.g. tuples and integers), create new signatures for each possible type with same prefixes as mentioned before.
- **IMPORTANT** Assume I already have a dictionary called `signatures` (you don't have to initialize it). Provide the output as assigning the signature to the entry of the `signatures` dictionary. 

Examples:

```python
signatures["torch.scatter_add"] = {
    "args": {
        "input": "tensor",
        "dim": "integer",
        "index": "tensor",
        "src": "tensor"
    },
    "kwargs": {},
    "inner": {},
}
signatures["torch.add"] = {
    "args": {
        "input": "tensor",
        "other": "tensor"
    },
    "kwargs": {
        "alpha": "float",
        "out": "tensor"
    },
    "inner": {},
}
signatures["torch.nn.ReflectionPad1d_1"] = {
    "args": {
        "padding": "integer"
    },
    "kwargs": {},
    "inner": {
        "args": {
            "input": "tensor",
            "other": "tensor"
        },
        "kwargs": {}
    }
}
signatures["torch.nn.ReflectionPad1d_2"] = {
    "args": {
        "padding": "tuple"
    },
    "kwargs": {},
    "inner": {
        "args": {
            "input": "tensor",
            "other": "tensor"
        },
        "kwargs": {}
    }
}
```


- Only provide the code, skip any other text. Do not include verbose comments inside code other than short comments about confusion. Do not make any system calls within the code. Do not break any dependencies.


HTTP Request: POST http://127.0.0.1:8080/v1/chat/completions "HTTP/1.1 200 OK"
[Response]

signatures["torch.ge"] = {
    "args": {
        "input": "tensor",
        "other": "tensor"
    },
    "kwargs": {
        "out": "tensor"
    },
    "inner": {},
}


[Usage]

Token usage: input=1160, output=50, total=1210


[Prompt]

For the api torch.special.i1e, provide a signature of the api as a dictionary. Here are the specifications:
- The dictionary should have three keys: 
    - `args` for positional arguments (parameters). The value should be a dictionary with names of the parameters as the key (e.g. "input"). The values should be the type of argument it accepts.
    - `kwargs` for keyword arguments. The value should be a dictinary similar to the one above.
    - `inner` for apis that are callable modules i.e. they return a function that can be called with more parameters. This will contain the signature required to call the function returned by the api. This value should be another dictionary with `args` and `kwargs` if the api is a callable module. Otherwise, keep this dictionary empty (i.e. do not include the `args` or `kwargs` keys). This api likely does not return a function, check if that is true. If so, `inner` should be empty. Otherwise add the signature for the inner call.
- **IMPORTANT** The types of each parameter can only be (strictly) one of the following options:
    - "tensor"
    - "tensor_list"
    - "integer"
    - "float"
    - "boolean"
    - "string"
    - "dtype"
    - "list"
    - "tuple"
- Choose the value that most closely matches with the argument type. For example, change IntTensor or FloatTensor type arguments to "tensor", change "Numbers" to "float" etc.
- If you are confused about a type, choose the best one and add a small comment on what you think should have been there instead.
- Do not add the argument "device".
- If a parameter name starts with an underscore `_` and/or the document does not describe the parameter (i.e. internal parameters), skip including the parameter in the signature.
- If the api has multiple signatures, add both with a prefix to the dictionary key enumerating the count (e.g. `"torch.special.i1e_1"`, `"torch.special.i1e_2"` etc). Same goes for argument types, if an argument can be of multiple types (e.g. tuples and integers), create new signatures for each possible type with same prefixes as mentioned before.
- **IMPORTANT** Assume I already have a dictionary called `signatures` (you don't have to initialize it). Provide the output as assigning the signature to the entry of the `signatures` dictionary. 

Examples:

```python
signatures["torch.scatter_add"] = {
    "args": {
        "input": "tensor",
        "dim": "integer",
        "index": "tensor",
        "src": "tensor"
    },
    "kwargs": {},
    "inner": {},
}
signatures["torch.add"] = {
    "args": {
        "input": "tensor",
        "other": "tensor"
    },
    "kwargs": {
        "alpha": "float",
        "out": "tensor"
    },
    "inner": {},
}
signatures["torch.nn.ReflectionPad1d_1"] = {
    "args": {
        "padding": "integer"
    },
    "kwargs": {},
    "inner": {
        "args": {
            "input": "tensor",
            "other": "tensor"
        },
        "kwargs": {}
    }
}
signatures["torch.nn.ReflectionPad1d_2"] = {
    "args": {
        "padding": "tuple"
    },
    "kwargs": {},
    "inner": {
        "args": {
            "input": "tensor",
            "other": "tensor"
        },
        "kwargs": {}
    }
}
```


- Only provide the code, skip any other text. Do not include verbose comments inside code other than short comments about confusion. Do not make any system calls within the code. Do not break any dependencies.


HTTP Request: POST http://127.0.0.1:8080/v1/chat/completions "HTTP/1.1 200 OK"
[Response]

signatures["torch.special.i1e"] = {
    "args": {
        "input": "tensor"
    },
    "kwargs": {},
    "inner": {},
}


[Usage]

Token usage: input=822, output=37, total=859


[Prompt]

For the api torch.diag_embed, provide a signature of the api as a dictionary. Here are the specifications:
- The dictionary should have three keys: 
    - `args` for positional arguments (parameters). The value should be a dictionary with names of the parameters as the key (e.g. "input"). The values should be the type of argument it accepts.
    - `kwargs` for keyword arguments. The value should be a dictinary similar to the one above.
    - `inner` for apis that are callable modules i.e. they return a function that can be called with more parameters. This will contain the signature required to call the function returned by the api. This value should be another dictionary with `args` and `kwargs` if the api is a callable module. Otherwise, keep this dictionary empty (i.e. do not include the `args` or `kwargs` keys). This api likely does not return a function, check if that is true. If so, `inner` should be empty. Otherwise add the signature for the inner call.
- **IMPORTANT** The types of each parameter can only be (strictly) one of the following options:
    - "tensor"
    - "tensor_list"
    - "integer"
    - "float"
    - "boolean"
    - "string"
    - "dtype"
    - "list"
    - "tuple"
- Choose the value that most closely matches with the argument type. For example, change IntTensor or FloatTensor type arguments to "tensor", change "Numbers" to "float" etc.
- If you are confused about a type, choose the best one and add a small comment on what you think should have been there instead.
- Do not add the argument "device".
- If a parameter name starts with an underscore `_` and/or the document does not describe the parameter (i.e. internal parameters), skip including the parameter in the signature.
- If the api has multiple signatures, add both with a prefix to the dictionary key enumerating the count (e.g. `"torch.diag_embed_1"`, `"torch.diag_embed_2"` etc). Same goes for argument types, if an argument can be of multiple types (e.g. tuples and integers), create new signatures for each possible type with same prefixes as mentioned before.
- **IMPORTANT** Assume I already have a dictionary called `signatures` (you don't have to initialize it). Provide the output as assigning the signature to the entry of the `signatures` dictionary. 

Examples:

```python
signatures["torch.scatter_add"] = {
    "args": {
        "input": "tensor",
        "dim": "integer",
        "index": "tensor",
        "src": "tensor"
    },
    "kwargs": {},
    "inner": {},
}
signatures["torch.add"] = {
    "args": {
        "input": "tensor",
        "other": "tensor"
    },
    "kwargs": {
        "alpha": "float",
        "out": "tensor"
    },
    "inner": {},
}
signatures["torch.nn.ReflectionPad1d_1"] = {
    "args": {
        "padding": "integer"
    },
    "kwargs": {},
    "inner": {
        "args": {
            "input": "tensor",
            "other": "tensor"
        },
        "kwargs": {}
    }
}
signatures["torch.nn.ReflectionPad1d_2"] = {
    "args": {
        "padding": "tuple"
    },
    "kwargs": {},
    "inner": {
        "args": {
            "input": "tensor",
            "other": "tensor"
        },
        "kwargs": {}
    }
}
```


- Only provide the code, skip any other text. Do not include verbose comments inside code other than short comments about confusion. Do not make any system calls within the code. Do not break any dependencies.


HTTP Request: POST http://127.0.0.1:8080/v1/chat/completions "HTTP/1.1 200 OK"
[Response]

signatures["torch.diag_embed"] = {
    "args": {
        "input": "tensor",
        "k": "integer"
    },
    "kwargs": {},
    "inner": {},
}


[Usage]

Token usage: input=816, output=42, total=858


[Prompt]

This is the documentation for the function torch.linalg.svdvals:

"torch.linalg.svdvals#
torch.linalg.svdvals(A, *, driver=None, out=None)  Tensor#
Computes the singular values of a matrix. Supports input of float, double, cfloat and cdouble dtypes. Also supports batches of matrices, and if A is a batch of matrices then the output has the same batch dimensions. The singular values are returned in descending order. Note This function is equivalent to NumPys linalg.svd(A, compute_uv=False). Note When inputs are on a CUDA device, this function synchronizes that device with the CPU. See also torch.linalg.svd() computes the full singular value decomposition. Parameters A (Tensor)  tensor of shape (*, m, n) where * is zero or more batch dimensions. Keyword Arguments driver (str, optional)  name of the cuSOLVER method to be used. This keyword argument only works on CUDA inputs. Available options are: None, gesvd, gesvdj, and gesvda. Check torch.linalg.svd() for details. Default: None. out (Tensor, optional)  output tensor. Ignored if None. Default: None. Returns A real-valued tensor, even when A is complex. Examples: >>> A = torch.randn(5, 3) >>> S = torch.linalg.svdvals(A) >>> S tensor([2.5139, 2.1087, 1.1066]) >>> torch.dist(S, torch.linalg.svd(A, full_matrices=False).S) tensor(2.4576e-07)
Computes the singular values of a matrix.
Supports input of float, double, cfloat and cdouble dtypes. Also supports batches of matrices, and if A is a batch of matrices then the output has the same batch dimensions.
A
The singular values are returned in descending order.
Note
This function is equivalent to NumPys linalg.svd(A, compute_uv=False).
When inputs are on a CUDA device, this function synchronizes that device with the CPU.
See also
torch.linalg.svd() computes the full singular value decomposition.
torch.linalg.svd()
Parameters
A (Tensor)  tensor of shape (*, m, n) where * is zero or more batch dimensions.
Keyword Arguments
driver (str, optional)  name of the cuSOLVER method to be used. This keyword argument only works on CUDA inputs. Available options are: None, gesvd, gesvdj, and gesvda. Check torch.linalg.svd() for details. Default: None. out (Tensor, optional)  output tensor. Ignored if None. Default: None.
driver (str, optional)  name of the cuSOLVER method to be used. This keyword argument only works on CUDA inputs. Available options are: None, gesvd, gesvdj, and gesvda. Check torch.linalg.svd() for details. Default: None.
out (Tensor, optional)  output tensor. Ignored if None. Default: None.
Returns
A real-valued tensor, even when A is complex.
Examples:
>>> A = torch.randn(5, 3) >>> S = torch.linalg.svdvals(A) >>> S tensor([2.5139, 2.1087, 1.1066]) >>> torch.dist(S, torch.linalg.svd(A, full_matrices=False).S) tensor(2.4576e-07)"

For the api torch.linalg.svdvals, provide a signature of the api as a dictionary. Here are the specifications:
- The dictionary should have three keys: 
    - `args` for positional arguments (parameters). The value should be a dictionary with names of the parameters as the key (e.g. "input"). The values should be the type of argument it accepts.
    - `kwargs` for keyword arguments. The value should be a dictinary similar to the one above.
    - `inner` for apis that are callable modules i.e. they return a function that can be called with more parameters. This will contain the signature required to call the function returned by the api. This value should be another dictionary with `args` and `kwargs` if the api is a callable module. Otherwise, keep this dictionary empty (i.e. do not include the `args` or `kwargs` keys). This api likely does not return a function, check if that is true. If so, `inner` should be empty. Otherwise add the signature for the inner call.
- **IMPORTANT** The types of each parameter can only be (strictly) one of the following options:
    - "tensor"
    - "tensor_list"
    - "integer"
    - "float"
    - "boolean"
    - "string"
    - "dtype"
    - "list"
    - "tuple"
- Choose the value that most closely matches with the argument type. For example, change IntTensor or FloatTensor type arguments to "tensor", change "Numbers" to "float" etc.
- If you are confused about a type, choose the best one and add a small comment on what you think should have been there instead.
- Do not add the argument "device".
- If a parameter name starts with an underscore `_` and/or the document does not describe the parameter (i.e. internal parameters), skip including the parameter in the signature.
- If the api has multiple signatures, add both with a prefix to the dictionary key enumerating the count (e.g. `"torch.linalg.svdvals_1"`, `"torch.linalg.svdvals_2"` etc). Same goes for argument types, if an argument can be of multiple types (e.g. tuples and integers), create new signatures for each possible type with same prefixes as mentioned before.
- **IMPORTANT** Assume I already have a dictionary called `signatures` (you don't have to initialize it). Provide the output as assigning the signature to the entry of the `signatures` dictionary. 

Examples:

```python
signatures["torch.scatter_add"] = {
    "args": {
        "input": "tensor",
        "dim": "integer",
        "index": "tensor",
        "src": "tensor"
    },
    "kwargs": {},
    "inner": {},
}
signatures["torch.add"] = {
    "args": {
        "input": "tensor",
        "other": "tensor"
    },
    "kwargs": {
        "alpha": "float",
        "out": "tensor"
    },
    "inner": {},
}
signatures["torch.nn.ReflectionPad1d_1"] = {
    "args": {
        "padding": "integer"
    },
    "kwargs": {},
    "inner": {
        "args": {
            "input": "tensor",
            "other": "tensor"
        },
        "kwargs": {}
    }
}
signatures["torch.nn.ReflectionPad1d_2"] = {
    "args": {
        "padding": "tuple"
    },
    "kwargs": {},
    "inner": {
        "args": {
            "input": "tensor",
            "other": "tensor"
        },
        "kwargs": {}
    }
}
```


- Only provide the code, skip any other text. Do not include verbose comments inside code other than short comments about confusion. Do not make any system calls within the code. Do not break any dependencies.


HTTP Request: POST http://127.0.0.1:8080/v1/chat/completions "HTTP/1.1 200 OK"
[Response]

```python
signatures["torch.linalg.svdvals_1"] = {
    "args": {
        "A": "tensor"
    },
    "kwargs": {
        "driver": "string",
        "out": "tensor"
    },
    "inner": {}
}
```


[Usage]

Token usage: input=1559, output=59, total=1618


[Prompt]

This is the documentation for the function torch.nn.MaxPool3d:

"class torch.nn.MaxPool3d(kernel_size, stride=None, padding=0, dilation=1, return_indices=False, ceil_mode=False)[source]#
Applies a 3D max pooling over an input signal composed of several input planes. In the simplest case, the output value of the layer with input size (N,C,D,H,W)(N, C, D, H, W)(N,C,D,H,W), output (N,C,Dout,Hout,Wout)(N, C, D_{out}, H_{out}, W_{out})(N,C,Dout,Hout,Wout) and kernel_size (kD,kH,kW)(kD, kH, kW)(kD,kH,kW) can be precisely described as: out(Ni,Cj,d,h,w)=maxk=0,,kD1maxm=0,,kH1maxn=0,,kW1input(Ni,Cj,stride[0]d+k,stride[1]h+m,stride[2]w+n)\begin{aligned} \text{out}(N_i, C_j, d, h, w) ={} & \max_{k=0, \ldots, kD-1} \max_{m=0, \ldots, kH-1} \max_{n=0, \ldots, kW-1} \\ & \text{input}(N_i, C_j, \text{stride[0]} \times d + k, \text{stride[1]} \times h + m, \text{stride[2]} \times w + n) \end{aligned} out(Ni,Cj,d,h,w)=k=0,,kD1maxm=0,,kH1maxn=0,,kW1maxinput(Ni,Cj,stride[0]d+k,stride[1]h+m,stride[2]w+n)If padding is non-zero, then the input is implicitly padded with negative infinity on both sides for padding number of points. dilation controls the spacing between the kernel points. It is harder to describe, but this link has a nice visualization of what dilation does. Note When ceil_mode=True, sliding windows are allowed to go off-bounds if they start within the left padding or the input. Sliding windows that would start in the right padded region are ignored. The parameters kernel_size, stride, padding, dilation can either be: a single int  in which case the same value is used for the depth, height and width dimension a tuple of three ints  in which case, the first int is used for the depth dimension, the second int for the height dimension and the third int for the width dimension Parameters kernel_size (Union[int, tuple[int, int, int]])  the size of the window to take a max over stride (Union[int, tuple[int, int, int]])  the stride of the window. Default value is kernel_size padding (Union[int, tuple[int, int, int]])  Implicit negative infinity padding to be added on all three sides dilation (Union[int, tuple[int, int, int]])  a parameter that controls the stride of elements in the window return_indices (bool)  if True, will return the max indices along with the outputs. Useful for torch.nn.MaxUnpool3d later ceil_mode (bool)  when True, will use ceil instead of floor to compute the output shape Shape: Input: (N,C,Din,Hin,Win)(N, C, D_{in}, H_{in}, W_{in})(N,C,Din,Hin,Win) or (C,Din,Hin,Win)(C, D_{in}, H_{in}, W_{in})(C,Din,Hin,Win). Output: (N,C,Dout,Hout,Wout)(N, C, D_{out}, H_{out}, W_{out})(N,C,Dout,Hout,Wout) or (C,Dout,Hout,Wout)(C, D_{out}, H_{out}, W_{out})(C,Dout,Hout,Wout), where Dout=Din+2padding[0]dilation[0](kernel_size[0]1)1stride[0]+1D_{out} = \left\lfloor\frac{D_{in} + 2 \times \text{padding}[0] - \text{dilation}[0] \times (\text{kernel\_size}[0] - 1) - 1}{\text{stride}[0]} + 1\right\rfloor Dout=stride[0]Din+2padding[0]dilation[0](kernel_size[0]1)1+1 Hout=Hin+2padding[1]dilation[1](kernel_size[1]1)1stride[1]+1H_{out} = \left\lfloor\frac{H_{in} + 2 \times \text{padding}[1] - \text{dilation}[1] \times (\text{kernel\_size}[1] - 1) - 1}{\text{stride}[1]} + 1\right\rfloor Hout=stride[1]Hin+2padding[1]dilation[1](kernel_size[1]1)1+1 Wout=Win+2padding[2]dilation[2](kernel_size[2]1)1stride[2]+1W_{out} = \left\lfloor\frac{W_{in} + 2 \times \text{padding}[2] - \text{dilation}[2] \times (\text{kernel\_size}[2] - 1) - 1}{\text{stride}[2]} + 1\right\rfloor Wout=stride[2]Win+2padding[2]dilation[2](kernel_size[2]1)1+1 Examples: >>> # pool of square window of size=3, stride=2 >>> m = nn.MaxPool3d(3, stride=2) >>> # pool of non-square window >>> m = nn.MaxPool3d((3, 2, 2), stride=(2, 1, 2)) >>> input = torch.randn(20, 16, 50, 44, 31) >>> output = m(input) forward(input)[source]# Runs the forward pass.
Applies a 3D max pooling over an input signal composed of several input planes.
In the simplest case, the output value of the layer with input size (N,C,D,H,W)(N, C, D, H, W)(N,C,D,H,W), output (N,C,Dout,Hout,Wout)(N, C, D_{out}, H_{out}, W_{out})(N,C,Dout,Hout,Wout) and kernel_size (kD,kH,kW)(kD, kH, kW)(kD,kH,kW) can be precisely described as:
kernel_size
If padding is non-zero, then the input is implicitly padded with negative infinity on both sides for padding number of points. dilation controls the spacing between the kernel points. It is harder to describe, but this link has a nice visualization of what dilation does.
padding
dilation
Note
When ceil_mode=True, sliding windows are allowed to go off-bounds if they start within the left padding or the input. Sliding windows that would start in the right padded region are ignored.
The parameters kernel_size, stride, padding, dilation can either be:
stride
a single int  in which case the same value is used for the depth, height and width dimension a tuple of three ints  in which case, the first int is used for the depth dimension, the second int for the height dimension and the third int for the width dimension
a single int  in which case the same value is used for the depth, height and width dimension
int
a tuple of three ints  in which case, the first int is used for the depth dimension, the second int for the height dimension and the third int for the width dimension
tuple
Parameters
kernel_size (Union[int, tuple[int, int, int]])  the size of the window to take a max over stride (Union[int, tuple[int, int, int]])  the stride of the window. Default value is kernel_size padding (Union[int, tuple[int, int, int]])  Implicit negative infinity padding to be added on all three sides dilation (Union[int, tuple[int, int, int]])  a parameter that controls the stride of elements in the window return_indices (bool)  if True, will return the max indices along with the outputs. Useful for torch.nn.MaxUnpool3d later ceil_mode (bool)  when True, will use ceil instead of floor to compute the output shape
kernel_size (Union[int, tuple[int, int, int]])  the size of the window to take a max over
stride (Union[int, tuple[int, int, int]])  the stride of the window. Default value is kernel_size
padding (Union[int, tuple[int, int, int]])  Implicit negative infinity padding to be added on all three sides
dilation (Union[int, tuple[int, int, int]])  a parameter that controls the stride of elements in the window
return_indices (bool)  if True, will return the max indices along with the outputs. Useful for torch.nn.MaxUnpool3d later
True
torch.nn.MaxUnpool3d
ceil_mode (bool)  when True, will use ceil instead of floor to compute the output shape
Shape:
Input: (N,C,Din,Hin,Win)(N, C, D_{in}, H_{in}, W_{in})(N,C,Din,Hin,Win) or (C,Din,Hin,Win)(C, D_{in}, H_{in}, W_{in})(C,Din,Hin,Win). Output: (N,C,Dout,Hout,Wout)(N, C, D_{out}, H_{out}, W_{out})(N,C,Dout,Hout,Wout) or (C,Dout,Hout,Wout)(C, D_{out}, H_{out}, W_{out})(C,Dout,Hout,Wout), where Dout=Din+2padding[0]dilation[0](kernel_size[0]1)1stride[0]+1D_{out} = \left\lfloor\frac{D_{in} + 2 \times \text{padding}[0] - \text{dilation}[0] \times (\text{kernel\_size}[0] - 1) - 1}{\text{stride}[0]} + 1\right\rfloor Dout=stride[0]Din+2padding[0]dilation[0](kernel_size[0]1)1+1 Hout=Hin+2padding[1]dilation[1](kernel_size[1]1)1stride[1]+1H_{out} = \left\lfloor\frac{H_{in} + 2 \times \text{padding}[1] - \text{dilation}[1] \times (\text{kernel\_size}[1] - 1) - 1}{\text{stride}[1]} + 1\right\rfloor Hout=stride[1]Hin+2padding[1]dilation[1](kernel_size[1]1)1+1 Wout=Win+2padding[2]dilation[2](kernel_size[2]1)1stride[2]+1W_{out} = \left\lfloor\frac{W_{in} + 2 \times \text{padding}[2] - \text{dilation}[2] \times (\text{kernel\_size}[2] - 1) - 1}{\text{stride}[2]} + 1\right\rfloor Wout=stride[2]Win+2padding[2]dilation[2](kernel_size[2]1)1+1
Input: (N,C,Din,Hin,Win)(N, C, D_{in}, H_{in}, W_{in})(N,C,Din,Hin,Win) or (C,Din,Hin,Win)(C, D_{in}, H_{in}, W_{in})(C,Din,Hin,Win).
Output: (N,C,Dout,Hout,Wout)(N, C, D_{out}, H_{out}, W_{out})(N,C,Dout,Hout,Wout) or (C,Dout,Hout,Wout)(C, D_{out}, H_{out}, W_{out})(C,Dout,Hout,Wout), where Dout=Din+2padding[0]dilation[0](kernel_size[0]1)1stride[0]+1D_{out} = \left\lfloor\frac{D_{in} + 2 \times \text{padding}[0] - \text{dilation}[0] \times (\text{kernel\_size}[0] - 1) - 1}{\text{stride}[0]} + 1\right\rfloor Dout=stride[0]Din+2padding[0]dilation[0](kernel_size[0]1)1+1 Hout=Hin+2padding[1]dilation[1](kernel_size[1]1)1stride[1]+1H_{out} = \left\lfloor\frac{H_{in} + 2 \times \text{padding}[1] - \text{dilation}[1] \times (\text{kernel\_size}[1] - 1) - 1}{\text{stride}[1]} + 1\right\rfloor Hout=stride[1]Hin+2padding[1]dilation[1](kernel_size[1]1)1+1 Wout=Win+2padding[2]dilation[2](kernel_size[2]1)1stride[2]+1W_{out} = \left\lfloor\frac{W_{in} + 2 \times \text{padding}[2] - \text{dilation}[2] \times (\text{kernel\_size}[2] - 1) - 1}{\text{stride}[2]} + 1\right\rfloor Wout=stride[2]Win+2padding[2]dilation[2](kernel_size[2]1)1+1
Output: (N,C,Dout,Hout,Wout)(N, C, D_{out}, H_{out}, W_{out})(N,C,Dout,Hout,Wout) or (C,Dout,Hout,Wout)(C, D_{out}, H_{out}, W_{out})(C,Dout,Hout,Wout), where
Examples:
>>> # pool of square window of size=3, stride=2 >>> m = nn.MaxPool3d(3, stride=2) >>> # pool of non-square window >>> m = nn.MaxPool3d((3, 2, 2), stride=(2, 1, 2)) >>> input = torch.randn(20, 16, 50, 44, 31) >>> output = m(input)
forward(input)[source]#
Runs the forward pass."

For the api torch.nn.MaxPool3d, provide a signature of the api as a dictionary. Here are the specifications:
- The dictionary should have three keys: 
    - `args` for positional arguments (parameters). The value should be a dictionary with names of the parameters as the key (e.g. "input"). The values should be the type of argument it accepts.
    - `kwargs` for keyword arguments. The value should be a dictinary similar to the one above.
    - `inner` for apis that are callable modules i.e. they return a function that can be called with more parameters. This will contain the signature required to call the function returned by the api. This value should be another dictionary with `args` and `kwargs` if the api is a callable module. Otherwise, keep this dictionary empty (i.e. do not include the `args` or `kwargs` keys). This api likely returns a function, look for the parameters that can be passed to the function returned by this api. Hint: very often this information can be found under the "Shape:" section of the documentation.
- **IMPORTANT** The types of each parameter can only be (strictly) one of the following options:
    - "tensor"
    - "tensor_list"
    - "integer"
    - "float"
    - "boolean"
    - "string"
    - "dtype"
    - "list"
    - "tuple"
- Choose the value that most closely matches with the argument type. For example, change IntTensor or FloatTensor type arguments to "tensor", change "Numbers" to "float" etc.
- If you are confused about a type, choose the best one and add a small comment on what you think should have been there instead.
- Do not add the argument "device".
- If a parameter name starts with an underscore `_` and/or the document does not describe the parameter (i.e. internal parameters), skip including the parameter in the signature.
- If the api has multiple signatures, add both with a prefix to the dictionary key enumerating the count (e.g. `"torch.nn.MaxPool3d_1"`, `"torch.nn.MaxPool3d_2"` etc). Same goes for argument types, if an argument can be of multiple types (e.g. tuples and integers), create new signatures for each possible type with same prefixes as mentioned before.
- **IMPORTANT** Assume I already have a dictionary called `signatures` (you don't have to initialize it). Provide the output as assigning the signature to the entry of the `signatures` dictionary. 

Examples:

```python
signatures["torch.scatter_add"] = {
    "args": {
        "input": "tensor",
        "dim": "integer",
        "index": "tensor",
        "src": "tensor"
    },
    "kwargs": {},
    "inner": {},
}
signatures["torch.add"] = {
    "args": {
        "input": "tensor",
        "other": "tensor"
    },
    "kwargs": {
        "alpha": "float",
        "out": "tensor"
    },
    "inner": {},
}
signatures["torch.nn.ReflectionPad1d_1"] = {
    "args": {
        "padding": "integer"
    },
    "kwargs": {},
    "inner": {
        "args": {
            "input": "tensor",
            "other": "tensor"
        },
        "kwargs": {}
    }
}
signatures["torch.nn.ReflectionPad1d_2"] = {
    "args": {
        "padding": "tuple"
    },
    "kwargs": {},
    "inner": {
        "args": {
            "input": "tensor",
            "other": "tensor"
        },
        "kwargs": {}
    }
}
```


- Only provide the code, skip any other text. Do not include verbose comments inside code other than short comments about confusion. Do not make any system calls within the code. Do not break any dependencies.


HTTP Request: POST http://127.0.0.1:8080/v1/chat/completions "HTTP/1.1 200 OK"
[Response]

```python
signatures["torch.nn.MaxPool3d"] = {
    "args": {
        "kernel_size": "tuple",
        "stride": "tuple"
    },
    "kwargs": {
        "padding": "tuple",
        "dilation": "tuple",
        "return_indices": "boolean",
        "ceil_mode": "boolean"
    },
    "inner": {
        "args": {
            "input": "tensor"
        },
        "kwargs": {}
    }
}
```


[Usage]

Token usage: input=4100, output=104, total=4204


[Prompt]

This is the documentation for the function torch.asin:

"torch.asin#
torch.asin(input: Tensor, *, out: Optional[Tensor])  Tensor#
Returns a new tensor with the arcsine of the elements of input. outi=sin1(inputi)\text{out}_{i} = \sin^{-1}(\text{input}_{i}) outi=sin1(inputi) Parameters input (Tensor)  the input tensor. Keyword Arguments out (Tensor, optional)  the output tensor. Example: >>> a = torch.randn(4) >>> a tensor([-0.5962, 1.4985, -0.4396, 1.4525]) >>> torch.asin(a) tensor([-0.6387, nan, -0.4552, nan])
Returns a new tensor with the arcsine of the elements of input.
input
Parameters
input (Tensor)  the input tensor.
Keyword Arguments
out (Tensor, optional)  the output tensor.
Example:
>>> a = torch.randn(4) >>> a tensor([-0.5962, 1.4985, -0.4396, 1.4525]) >>> torch.asin(a) tensor([-0.6387, nan, -0.4552, nan])"

For the api torch.asin, provide a signature of the api as a dictionary. Here are the specifications:
- The dictionary should have three keys: 
    - `args` for positional arguments (parameters). The value should be a dictionary with names of the parameters as the key (e.g. "input"). The values should be the type of argument it accepts.
    - `kwargs` for keyword arguments. The value should be a dictinary similar to the one above.
    - `inner` for apis that are callable modules i.e. they return a function that can be called with more parameters. This will contain the signature required to call the function returned by the api. This value should be another dictionary with `args` and `kwargs` if the api is a callable module. Otherwise, keep this dictionary empty (i.e. do not include the `args` or `kwargs` keys). This api likely does not return a function, check if that is true. If so, `inner` should be empty. Otherwise add the signature for the inner call.
- **IMPORTANT** The types of each parameter can only be (strictly) one of the following options:
    - "tensor"
    - "tensor_list"
    - "integer"
    - "float"
    - "boolean"
    - "string"
    - "dtype"
    - "list"
    - "tuple"
- Choose the value that most closely matches with the argument type. For example, change IntTensor or FloatTensor type arguments to "tensor", change "Numbers" to "float" etc.
- If you are confused about a type, choose the best one and add a small comment on what you think should have been there instead.
- Do not add the argument "device".
- If a parameter name starts with an underscore `_` and/or the document does not describe the parameter (i.e. internal parameters), skip including the parameter in the signature.
- If the api has multiple signatures, add both with a prefix to the dictionary key enumerating the count (e.g. `"torch.asin_1"`, `"torch.asin_2"` etc). Same goes for argument types, if an argument can be of multiple types (e.g. tuples and integers), create new signatures for each possible type with same prefixes as mentioned before.
- **IMPORTANT** Assume I already have a dictionary called `signatures` (you don't have to initialize it). Provide the output as assigning the signature to the entry of the `signatures` dictionary. 

Examples:

```python
signatures["torch.scatter_add"] = {
    "args": {
        "input": "tensor",
        "dim": "integer",
        "index": "tensor",
        "src": "tensor"
    },
    "kwargs": {},
    "inner": {},
}
signatures["torch.add"] = {
    "args": {
        "input": "tensor",
        "other": "tensor"
    },
    "kwargs": {
        "alpha": "float",
        "out": "tensor"
    },
    "inner": {},
}
signatures["torch.nn.ReflectionPad1d_1"] = {
    "args": {
        "padding": "integer"
    },
    "kwargs": {},
    "inner": {
        "args": {
            "input": "tensor",
            "other": "tensor"
        },
        "kwargs": {}
    }
}
signatures["torch.nn.ReflectionPad1d_2"] = {
    "args": {
        "padding": "tuple"
    },
    "kwargs": {},
    "inner": {
        "args": {
            "input": "tensor",
            "other": "tensor"
        },
        "kwargs": {}
    }
}
```


- Only provide the code, skip any other text. Do not include verbose comments inside code other than short comments about confusion. Do not make any system calls within the code. Do not break any dependencies.


HTTP Request: POST http://127.0.0.1:8080/v1/chat/completions "HTTP/1.1 200 OK"
[Response]

signatures["torch.asin"] = {
    "args": {
        "input": "tensor"
    },
    "kwargs": {
        "out": "tensor"
    },
    "inner": {},
}


[Usage]

Token usage: input=1107, output=44, total=1151


[Prompt]

This is the documentation for the function torch.addcdiv:

"torch.addcdiv#
torch.addcdiv(input, tensor1, tensor2, *, value=1, out=None)  Tensor#
Performs the element-wise division of tensor1 by tensor2, multiplies the result by the scalar value and adds it to input. Warning Integer division with addcdiv is no longer supported, and in a future release addcdiv will perform a true division of tensor1 and tensor2. The historic addcdiv behavior can be implemented as (input + value * torch.trunc(tensor1 / tensor2)).to(input.dtype) for integer inputs and as (input + value * tensor1 / tensor2) for float inputs. The future addcdiv behavior is just the latter implementation: (input + value * tensor1 / tensor2), for all dtypes. outi=inputi+valuetensor1itensor2i\text{out}_i = \text{input}_i + \text{value} \times \frac{\text{tensor1}_i}{\text{tensor2}_i} outi=inputi+valuetensor2itensor1iThe shapes of input, tensor1, and tensor2 must be broadcastable. For inputs of type FloatTensor or DoubleTensor, value must be a real number, otherwise an integer. Parameters input (Tensor)  the tensor to be added tensor1 (Tensor)  the numerator tensor tensor2 (Tensor)  the denominator tensor Keyword Arguments value (Number, optional)  multiplier for tensor1/tensor2\text{tensor1} / \text{tensor2}tensor1/tensor2 out (Tensor, optional)  the output tensor. Example: >>> t = torch.randn(1, 3) >>> t1 = torch.randn(3, 1) >>> t2 = torch.randn(1, 3) >>> torch.addcdiv(t, t1, t2, value=0.1) tensor([[-0.2312, -3.6496, 0.1312], [-1.0428, 3.4292, -0.1030], [-0.5369, -0.9829, 0.0430]])
Performs the element-wise division of tensor1 by tensor2, multiplies the result by the scalar value and adds it to input.
tensor1
tensor2
value
input
Warning
Integer division with addcdiv is no longer supported, and in a future release addcdiv will perform a true division of tensor1 and tensor2. The historic addcdiv behavior can be implemented as (input + value * torch.trunc(tensor1 / tensor2)).to(input.dtype) for integer inputs and as (input + value * tensor1 / tensor2) for float inputs. The future addcdiv behavior is just the latter implementation: (input + value * tensor1 / tensor2), for all dtypes.
The shapes of input, tensor1, and tensor2 must be broadcastable.
For inputs of type FloatTensor or DoubleTensor, value must be a real number, otherwise an integer.
Parameters
input (Tensor)  the tensor to be added tensor1 (Tensor)  the numerator tensor tensor2 (Tensor)  the denominator tensor
input (Tensor)  the tensor to be added
tensor1 (Tensor)  the numerator tensor
tensor2 (Tensor)  the denominator tensor
Keyword Arguments
value (Number, optional)  multiplier for tensor1/tensor2\text{tensor1} / \text{tensor2}tensor1/tensor2 out (Tensor, optional)  the output tensor.
value (Number, optional)  multiplier for tensor1/tensor2\text{tensor1} / \text{tensor2}tensor1/tensor2
out (Tensor, optional)  the output tensor.
Example:
>>> t = torch.randn(1, 3) >>> t1 = torch.randn(3, 1) >>> t2 = torch.randn(1, 3) >>> torch.addcdiv(t, t1, t2, value=0.1) tensor([[-0.2312, -3.6496, 0.1312], [-1.0428, 3.4292, -0.1030], [-0.5369, -0.9829, 0.0430]])"

For the api torch.addcdiv, provide a signature of the api as a dictionary. Here are the specifications:
- The dictionary should have three keys: 
    - `args` for positional arguments (parameters). The value should be a dictionary with names of the parameters as the key (e.g. "input"). The values should be the type of argument it accepts.
    - `kwargs` for keyword arguments. The value should be a dictinary similar to the one above.
    - `inner` for apis that are callable modules i.e. they return a function that can be called with more parameters. This will contain the signature required to call the function returned by the api. This value should be another dictionary with `args` and `kwargs` if the api is a callable module. Otherwise, keep this dictionary empty (i.e. do not include the `args` or `kwargs` keys). This api likely does not return a function, check if that is true. If so, `inner` should be empty. Otherwise add the signature for the inner call.
- **IMPORTANT** The types of each parameter can only be (strictly) one of the following options:
    - "tensor"
    - "tensor_list"
    - "integer"
    - "float"
    - "boolean"
    - "string"
    - "dtype"
    - "list"
    - "tuple"
- Choose the value that most closely matches with the argument type. For example, change IntTensor or FloatTensor type arguments to "tensor", change "Numbers" to "float" etc.
- If you are confused about a type, choose the best one and add a small comment on what you think should have been there instead.
- Do not add the argument "device".
- If a parameter name starts with an underscore `_` and/or the document does not describe the parameter (i.e. internal parameters), skip including the parameter in the signature.
- If the api has multiple signatures, add both with a prefix to the dictionary key enumerating the count (e.g. `"torch.addcdiv_1"`, `"torch.addcdiv_2"` etc). Same goes for argument types, if an argument can be of multiple types (e.g. tuples and integers), create new signatures for each possible type with same prefixes as mentioned before.
- **IMPORTANT** Assume I already have a dictionary called `signatures` (you don't have to initialize it). Provide the output as assigning the signature to the entry of the `signatures` dictionary. 

Examples:

```python
signatures["torch.scatter_add"] = {
    "args": {
        "input": "tensor",
        "dim": "integer",
        "index": "tensor",
        "src": "tensor"
    },
    "kwargs": {},
    "inner": {},
}
signatures["torch.add"] = {
    "args": {
        "input": "tensor",
        "other": "tensor"
    },
    "kwargs": {
        "alpha": "float",
        "out": "tensor"
    },
    "inner": {},
}
signatures["torch.nn.ReflectionPad1d_1"] = {
    "args": {
        "padding": "integer"
    },
    "kwargs": {},
    "inner": {
        "args": {
            "input": "tensor",
            "other": "tensor"
        },
        "kwargs": {}
    }
}
signatures["torch.nn.ReflectionPad1d_2"] = {
    "args": {
        "padding": "tuple"
    },
    "kwargs": {},
    "inner": {
        "args": {
            "input": "tensor",
            "other": "tensor"
        },
        "kwargs": {}
    }
}
```


- Only provide the code, skip any other text. Do not include verbose comments inside code other than short comments about confusion. Do not make any system calls within the code. Do not break any dependencies.


HTTP Request: POST http://127.0.0.1:8080/v1/chat/completions "HTTP/1.1 200 OK"
[Response]

signatures["torch.addcdiv_1"] = {
    "args": {
        "input": "tensor",
        "tensor1": "tensor",
        "tensor2": "tensor"
    },
    "kwargs": {
        "value": "float",
        "out": "tensor"
    },
    "inner": {},
}


[Usage]

Token usage: input=1767, output=70, total=1837


[Prompt]

This is the documentation for the function torch.msort:

"torch.msort#
torch.msort(input: Tensor, *, out: Optional[Tensor])  Tensor#
Sorts the elements of the input tensor along its first dimension in ascending order by value. Note torch.msort(t) is equivalent to torch.sort(t, dim=0)[0]. See also torch.sort(). Parameters input (Tensor)  the input tensor. Keyword Arguments out (Tensor, optional)  the output tensor. Example: >>> t = torch.randn(3, 4) >>> t tensor([[-0.1321, 0.4370, -1.2631, -1.1289], [-2.0527, -1.1250, 0.2275, 0.3077], [-0.0881, -0.1259, -0.5495, 1.0284]]) >>> torch.msort(t) tensor([[-2.0527, -1.1250, -1.2631, -1.1289], [-0.1321, -0.1259, -0.5495, 0.3077], [-0.0881, 0.4370, 0.2275, 1.0284]])
Sorts the elements of the input tensor along its first dimension in ascending order by value.
input
Note
torch.msort(t) is equivalent to torch.sort(t, dim=0)[0]. See also torch.sort().
torch.sort()
Parameters
input (Tensor)  the input tensor.
Keyword Arguments
out (Tensor, optional)  the output tensor.
Example:
>>> t = torch.randn(3, 4) >>> t tensor([[-0.1321, 0.4370, -1.2631, -1.1289], [-2.0527, -1.1250, 0.2275, 0.3077], [-0.0881, -0.1259, -0.5495, 1.0284]]) >>> torch.msort(t) tensor([[-2.0527, -1.1250, -1.2631, -1.1289], [-0.1321, -0.1259, -0.5495, 0.3077], [-0.0881, 0.4370, 0.2275, 1.0284]])"

For the api torch.msort, provide a signature of the api as a dictionary. Here are the specifications:
- The dictionary should have three keys: 
    - `args` for positional arguments (parameters). The value should be a dictionary with names of the parameters as the key (e.g. "input"). The values should be the type of argument it accepts.
    - `kwargs` for keyword arguments. The value should be a dictinary similar to the one above.
    - `inner` for apis that are callable modules i.e. they return a function that can be called with more parameters. This will contain the signature required to call the function returned by the api. This value should be another dictionary with `args` and `kwargs` if the api is a callable module. Otherwise, keep this dictionary empty (i.e. do not include the `args` or `kwargs` keys). This api likely does not return a function, check if that is true. If so, `inner` should be empty. Otherwise add the signature for the inner call.
- **IMPORTANT** The types of each parameter can only be (strictly) one of the following options:
    - "tensor"
    - "tensor_list"
    - "integer"
    - "float"
    - "boolean"
    - "string"
    - "dtype"
    - "list"
    - "tuple"
- Choose the value that most closely matches with the argument type. For example, change IntTensor or FloatTensor type arguments to "tensor", change "Numbers" to "float" etc.
- If you are confused about a type, choose the best one and add a small comment on what you think should have been there instead.
- Do not add the argument "device".
- If a parameter name starts with an underscore `_` and/or the document does not describe the parameter (i.e. internal parameters), skip including the parameter in the signature.
- If the api has multiple signatures, add both with a prefix to the dictionary key enumerating the count (e.g. `"torch.msort_1"`, `"torch.msort_2"` etc). Same goes for argument types, if an argument can be of multiple types (e.g. tuples and integers), create new signatures for each possible type with same prefixes as mentioned before.
- **IMPORTANT** Assume I already have a dictionary called `signatures` (you don't have to initialize it). Provide the output as assigning the signature to the entry of the `signatures` dictionary. 

Examples:

```python
signatures["torch.scatter_add"] = {
    "args": {
        "input": "tensor",
        "dim": "integer",
        "index": "tensor",
        "src": "tensor"
    },
    "kwargs": {},
    "inner": {},
}
signatures["torch.add"] = {
    "args": {
        "input": "tensor",
        "other": "tensor"
    },
    "kwargs": {
        "alpha": "float",
        "out": "tensor"
    },
    "inner": {},
}
signatures["torch.nn.ReflectionPad1d_1"] = {
    "args": {
        "padding": "integer"
    },
    "kwargs": {},
    "inner": {
        "args": {
            "input": "tensor",
            "other": "tensor"
        },
        "kwargs": {}
    }
}
signatures["torch.nn.ReflectionPad1d_2"] = {
    "args": {
        "padding": "tuple"
    },
    "kwargs": {},
    "inner": {
        "args": {
            "input": "tensor",
            "other": "tensor"
        },
        "kwargs": {}
    }
}
```


- Only provide the code, skip any other text. Do not include verbose comments inside code other than short comments about confusion. Do not make any system calls within the code. Do not break any dependencies.


HTTP Request: POST http://127.0.0.1:8080/v1/chat/completions "HTTP/1.1 200 OK"
[Response]

signatures["torch.msort"] = {
    "args": {
        "input": "tensor"
    },
    "kwargs": {
        "out": "tensor"
    },
    "inner": {},
}


[Usage]

Token usage: input=1422, output=44, total=1466


[Prompt]

This is the documentation for the function torch.nn.Softshrink:

"class torch.nn.Softshrink(lambd=0.5)[source]#
Applies the soft shrinkage function element-wise. SoftShrinkage(x)={x, if x>x+, if x<0, otherwise \text{SoftShrinkage}(x) = \begin{cases} x - \lambda, & \text{ if } x > \lambda \\ x + \lambda, & \text{ if } x < -\lambda \\ 0, & \text{ otherwise } \end{cases} SoftShrinkage(x)=x,x+,0, if x> if x< otherwise  Parameters lambd (float)  the \lambda (must be no less than zero) value for the Softshrink formulation. Default: 0.5 Shape: Input: ()(*)(), where * means any number of dimensions. Output: ()(*)(), same shape as the input. Examples: >>> m = nn.Softshrink() >>> input = torch.randn(2) >>> output = m(input) extra_repr()[source]# Return the extra representation of the module. Return type str forward(input)[source]# Run forward pass. Return type Tensor
Applies the soft shrinkage function element-wise.
Parameters
lambd (float)  the \lambda (must be no less than zero) value for the Softshrink formulation. Default: 0.5
Shape:
Input: ()(*)(), where * means any number of dimensions. Output: ()(*)(), same shape as the input.
Input: ()(*)(), where * means any number of dimensions.
Output: ()(*)(), same shape as the input.
Examples:
>>> m = nn.Softshrink() >>> input = torch.randn(2) >>> output = m(input)
extra_repr()[source]#
Return the extra representation of the module. Return type str
Return the extra representation of the module.
Return type
str
forward(input)[source]#
Run forward pass. Return type Tensor
Run forward pass.
Tensor"

For the api torch.nn.Softshrink, provide a signature of the api as a dictionary. Here are the specifications:
- The dictionary should have three keys: 
    - `args` for positional arguments (parameters). The value should be a dictionary with names of the parameters as the key (e.g. "input"). The values should be the type of argument it accepts.
    - `kwargs` for keyword arguments. The value should be a dictinary similar to the one above.
    - `inner` for apis that are callable modules i.e. they return a function that can be called with more parameters. This will contain the signature required to call the function returned by the api. This value should be another dictionary with `args` and `kwargs` if the api is a callable module. Otherwise, keep this dictionary empty (i.e. do not include the `args` or `kwargs` keys). This api likely returns a function, look for the parameters that can be passed to the function returned by this api. Hint: very often this information can be found under the "Shape:" section of the documentation.
- **IMPORTANT** The types of each parameter can only be (strictly) one of the following options:
    - "tensor"
    - "tensor_list"
    - "integer"
    - "float"
    - "boolean"
    - "string"
    - "dtype"
    - "list"
    - "tuple"
- Choose the value that most closely matches with the argument type. For example, change IntTensor or FloatTensor type arguments to "tensor", change "Numbers" to "float" etc.
- If you are confused about a type, choose the best one and add a small comment on what you think should have been there instead.
- Do not add the argument "device".
- If a parameter name starts with an underscore `_` and/or the document does not describe the parameter (i.e. internal parameters), skip including the parameter in the signature.
- If the api has multiple signatures, add both with a prefix to the dictionary key enumerating the count (e.g. `"torch.nn.Softshrink_1"`, `"torch.nn.Softshrink_2"` etc). Same goes for argument types, if an argument can be of multiple types (e.g. tuples and integers), create new signatures for each possible type with same prefixes as mentioned before.
- **IMPORTANT** Assume I already have a dictionary called `signatures` (you don't have to initialize it). Provide the output as assigning the signature to the entry of the `signatures` dictionary. 

Examples:

```python
signatures["torch.scatter_add"] = {
    "args": {
        "input": "tensor",
        "dim": "integer",
        "index": "tensor",
        "src": "tensor"
    },
    "kwargs": {},
    "inner": {},
}
signatures["torch.add"] = {
    "args": {
        "input": "tensor",
        "other": "tensor"
    },
    "kwargs": {
        "alpha": "float",
        "out": "tensor"
    },
    "inner": {},
}
signatures["torch.nn.ReflectionPad1d_1"] = {
    "args": {
        "padding": "integer"
    },
    "kwargs": {},
    "inner": {
        "args": {
            "input": "tensor",
            "other": "tensor"
        },
        "kwargs": {}
    }
}
signatures["torch.nn.ReflectionPad1d_2"] = {
    "args": {
        "padding": "tuple"
    },
    "kwargs": {},
    "inner": {
        "args": {
            "input": "tensor",
            "other": "tensor"
        },
        "kwargs": {}
    }
}
```


- Only provide the code, skip any other text. Do not include verbose comments inside code other than short comments about confusion. Do not make any system calls within the code. Do not break any dependencies.


HTTP Request: POST http://127.0.0.1:8080/v1/chat/completions "HTTP/1.1 200 OK"
[Response]

signatures["torch.nn.Softshrink"] = {
    "args": {
        "lambd": "float"
    },
    "kwargs": {},
    "inner": {
        "args": {
            "input": "tensor"
        },
        "kwargs": {}
    }
}


[Usage]

Token usage: input=1261, output=61, total=1322


[Prompt]

This is the documentation for the function torch.bincount:

"torch.bincount#
torch.bincount(input, weights=None, minlength=0)  Tensor#
Count the frequency of each value in an array of non-negative ints. The number of bins (size 1) is one larger than the largest value in input unless input is empty, in which case the result is a tensor of size 0. If minlength is specified, the number of bins is at least minlength and if input is empty, then the result is tensor of size minlength filled with zeros. If n is the value at position i, out[n] += weights[i] if weights is specified else out[n] += 1. Note This operation may produce nondeterministic gradients when given tensors on a CUDA device. See Reproducibility for more information. Parameters input (Tensor)  1-d int tensor weights (Tensor)  optional, weight for each value in the input tensor. Should be of same size as input tensor. minlength (int)  optional, minimum number of bins. Should be non-negative. Returns a tensor of shape Size([max(input) + 1]) if input is non-empty, else Size(0) Return type output (Tensor) Example: >>> input = torch.randint(0, 8, (5,), dtype=torch.int64) >>> weights = torch.linspace(0, 1, steps=5) >>> input, weights (tensor([4, 3, 6, 3, 4]), tensor([ 0.0000, 0.2500, 0.5000, 0.7500, 1.0000]) >>> torch.bincount(input) tensor([0, 0, 0, 2, 2, 0, 1]) >>> input.bincount(weights) tensor([0.0000, 0.0000, 0.0000, 1.0000, 1.0000, 0.0000, 0.5000])
Count the frequency of each value in an array of non-negative ints.
The number of bins (size 1) is one larger than the largest value in input unless input is empty, in which case the result is a tensor of size 0. If minlength is specified, the number of bins is at least minlength and if input is empty, then the result is tensor of size minlength filled with zeros. If n is the value at position i, out[n] += weights[i] if weights is specified else out[n] += 1.
input
minlength
n
i
out[n] += weights[i]
weights
out[n] += 1
Note
This operation may produce nondeterministic gradients when given tensors on a CUDA device. See Reproducibility for more information.
Parameters
input (Tensor)  1-d int tensor weights (Tensor)  optional, weight for each value in the input tensor. Should be of same size as input tensor. minlength (int)  optional, minimum number of bins. Should be non-negative.
input (Tensor)  1-d int tensor
weights (Tensor)  optional, weight for each value in the input tensor. Should be of same size as input tensor.
minlength (int)  optional, minimum number of bins. Should be non-negative.
Returns
a tensor of shape Size([max(input) + 1]) if input is non-empty, else Size(0)
Size([max(input) + 1])
Size(0)
Return type
output (Tensor)
Example:
>>> input = torch.randint(0, 8, (5,), dtype=torch.int64) >>> weights = torch.linspace(0, 1, steps=5) >>> input, weights (tensor([4, 3, 6, 3, 4]), tensor([ 0.0000, 0.2500, 0.5000, 0.7500, 1.0000]) >>> torch.bincount(input) tensor([0, 0, 0, 2, 2, 0, 1]) >>> input.bincount(weights) tensor([0.0000, 0.0000, 0.0000, 1.0000, 1.0000, 0.0000, 0.5000])"

For the api torch.bincount, provide a signature of the api as a dictionary. Here are the specifications:
- The dictionary should have three keys: 
    - `args` for positional arguments (parameters). The value should be a dictionary with names of the parameters as the key (e.g. "input"). The values should be the type of argument it accepts.
    - `kwargs` for keyword arguments. The value should be a dictinary similar to the one above.
    - `inner` for apis that are callable modules i.e. they return a function that can be called with more parameters. This will contain the signature required to call the function returned by the api. This value should be another dictionary with `args` and `kwargs` if the api is a callable module. Otherwise, keep this dictionary empty (i.e. do not include the `args` or `kwargs` keys). This api likely does not return a function, check if that is true. If so, `inner` should be empty. Otherwise add the signature for the inner call.
- **IMPORTANT** The types of each parameter can only be (strictly) one of the following options:
    - "tensor"
    - "tensor_list"
    - "integer"
    - "float"
    - "boolean"
    - "string"
    - "dtype"
    - "list"
    - "tuple"
- Choose the value that most closely matches with the argument type. For example, change IntTensor or FloatTensor type arguments to "tensor", change "Numbers" to "float" etc.
- If you are confused about a type, choose the best one and add a small comment on what you think should have been there instead.
- Do not add the argument "device".
- If a parameter name starts with an underscore `_` and/or the document does not describe the parameter (i.e. internal parameters), skip including the parameter in the signature.
- If the api has multiple signatures, add both with a prefix to the dictionary key enumerating the count (e.g. `"torch.bincount_1"`, `"torch.bincount_2"` etc). Same goes for argument types, if an argument can be of multiple types (e.g. tuples and integers), create new signatures for each possible type with same prefixes as mentioned before.
- **IMPORTANT** Assume I already have a dictionary called `signatures` (you don't have to initialize it). Provide the output as assigning the signature to the entry of the `signatures` dictionary. 

Examples:

```python
signatures["torch.scatter_add"] = {
    "args": {
        "input": "tensor",
        "dim": "integer",
        "index": "tensor",
        "src": "tensor"
    },
    "kwargs": {},
    "inner": {},
}
signatures["torch.add"] = {
    "args": {
        "input": "tensor",
        "other": "tensor"
    },
    "kwargs": {
        "alpha": "float",
        "out": "tensor"
    },
    "inner": {},
}
signatures["torch.nn.ReflectionPad1d_1"] = {
    "args": {
        "padding": "integer"
    },
    "kwargs": {},
    "inner": {
        "args": {
            "input": "tensor",
            "other": "tensor"
        },
        "kwargs": {}
    }
}
signatures["torch.nn.ReflectionPad1d_2"] = {
    "args": {
        "padding": "tuple"
    },
    "kwargs": {},
    "inner": {
        "args": {
            "input": "tensor",
            "other": "tensor"
        },
        "kwargs": {}
    }
}
```


- Only provide the code, skip any other text. Do not include verbose comments inside code other than short comments about confusion. Do not make any system calls within the code. Do not break any dependencies.


HTTP Request: POST http://127.0.0.1:8080/v1/chat/completions "HTTP/1.1 200 OK"
[Response]

signatures["torch.bincount_1"] = {
    "args": {
        "input": "tensor"
    },
    "kwargs": {
        "weights": "tensor",
        "minlength": "integer"
    },
    "inner": {},
}

signatures["torch.bincount_2"] = {
    "args": {
        "input": "tensor"
    },
    "kwargs": {
        "weights": "tensor",
        "minlength": "integer"
    },
    "inner": {},
}


[Usage]

Token usage: input=1764, output=107, total=1871


[Prompt]

For the api torch.nn.functional.multilabel_margin_loss, provide a signature of the api as a dictionary. Here are the specifications:
- The dictionary should have three keys: 
    - `args` for positional arguments (parameters). The value should be a dictionary with names of the parameters as the key (e.g. "input"). The values should be the type of argument it accepts.
    - `kwargs` for keyword arguments. The value should be a dictinary similar to the one above.
    - `inner` for apis that are callable modules i.e. they return a function that can be called with more parameters. This will contain the signature required to call the function returned by the api. This value should be another dictionary with `args` and `kwargs` if the api is a callable module. Otherwise, keep this dictionary empty (i.e. do not include the `args` or `kwargs` keys). This api likely does not return a function, check if that is true. If so, `inner` should be empty. Otherwise add the signature for the inner call.
- **IMPORTANT** The types of each parameter can only be (strictly) one of the following options:
    - "tensor"
    - "tensor_list"
    - "integer"
    - "float"
    - "boolean"
    - "string"
    - "dtype"
    - "list"
    - "tuple"
- Choose the value that most closely matches with the argument type. For example, change IntTensor or FloatTensor type arguments to "tensor", change "Numbers" to "float" etc.
- If you are confused about a type, choose the best one and add a small comment on what you think should have been there instead.
- Do not add the argument "device".
- If a parameter name starts with an underscore `_` and/or the document does not describe the parameter (i.e. internal parameters), skip including the parameter in the signature.
- If the api has multiple signatures, add both with a prefix to the dictionary key enumerating the count (e.g. `"torch.nn.functional.multilabel_margin_loss_1"`, `"torch.nn.functional.multilabel_margin_loss_2"` etc). Same goes for argument types, if an argument can be of multiple types (e.g. tuples and integers), create new signatures for each possible type with same prefixes as mentioned before.
- **IMPORTANT** Assume I already have a dictionary called `signatures` (you don't have to initialize it). Provide the output as assigning the signature to the entry of the `signatures` dictionary. 

Examples:

```python
signatures["torch.scatter_add"] = {
    "args": {
        "input": "tensor",
        "dim": "integer",
        "index": "tensor",
        "src": "tensor"
    },
    "kwargs": {},
    "inner": {},
}
signatures["torch.add"] = {
    "args": {
        "input": "tensor",
        "other": "tensor"
    },
    "kwargs": {
        "alpha": "float",
        "out": "tensor"
    },
    "inner": {},
}
signatures["torch.nn.ReflectionPad1d_1"] = {
    "args": {
        "padding": "integer"
    },
    "kwargs": {},
    "inner": {
        "args": {
            "input": "tensor",
            "other": "tensor"
        },
        "kwargs": {}
    }
}
signatures["torch.nn.ReflectionPad1d_2"] = {
    "args": {
        "padding": "tuple"
    },
    "kwargs": {},
    "inner": {
        "args": {
            "input": "tensor",
            "other": "tensor"
        },
        "kwargs": {}
    }
}
```


- Only provide the code, skip any other text. Do not include verbose comments inside code other than short comments about confusion. Do not make any system calls within the code. Do not break any dependencies.


HTTP Request: POST http://127.0.0.1:8080/v1/chat/completions "HTTP/1.1 200 OK"
[Response]

signatures["torch.nn.functional.multilabel_margin_loss"] = {
    "args": {
        "input": "tensor",
        "target": "tensor"
    },
    "kwargs": {
        "weight": "tensor",
        "reduction": "string"
    },
    "inner": {},
}


[Usage]

Token usage: input=831, output=64, total=895


[Prompt]

For the api torch.special.xlog1py, provide a signature of the api as a dictionary. Here are the specifications:
- The dictionary should have three keys: 
    - `args` for positional arguments (parameters). The value should be a dictionary with names of the parameters as the key (e.g. "input"). The values should be the type of argument it accepts.
    - `kwargs` for keyword arguments. The value should be a dictinary similar to the one above.
    - `inner` for apis that are callable modules i.e. they return a function that can be called with more parameters. This will contain the signature required to call the function returned by the api. This value should be another dictionary with `args` and `kwargs` if the api is a callable module. Otherwise, keep this dictionary empty (i.e. do not include the `args` or `kwargs` keys). This api likely does not return a function, check if that is true. If so, `inner` should be empty. Otherwise add the signature for the inner call.
- **IMPORTANT** The types of each parameter can only be (strictly) one of the following options:
    - "tensor"
    - "tensor_list"
    - "integer"
    - "float"
    - "boolean"
    - "string"
    - "dtype"
    - "list"
    - "tuple"
- Choose the value that most closely matches with the argument type. For example, change IntTensor or FloatTensor type arguments to "tensor", change "Numbers" to "float" etc.
- If you are confused about a type, choose the best one and add a small comment on what you think should have been there instead.
- Do not add the argument "device".
- If a parameter name starts with an underscore `_` and/or the document does not describe the parameter (i.e. internal parameters), skip including the parameter in the signature.
- If the api has multiple signatures, add both with a prefix to the dictionary key enumerating the count (e.g. `"torch.special.xlog1py_1"`, `"torch.special.xlog1py_2"` etc). Same goes for argument types, if an argument can be of multiple types (e.g. tuples and integers), create new signatures for each possible type with same prefixes as mentioned before.
- **IMPORTANT** Assume I already have a dictionary called `signatures` (you don't have to initialize it). Provide the output as assigning the signature to the entry of the `signatures` dictionary. 

Examples:

```python
signatures["torch.scatter_add"] = {
    "args": {
        "input": "tensor",
        "dim": "integer",
        "index": "tensor",
        "src": "tensor"
    },
    "kwargs": {},
    "inner": {},
}
signatures["torch.add"] = {
    "args": {
        "input": "tensor",
        "other": "tensor"
    },
    "kwargs": {
        "alpha": "float",
        "out": "tensor"
    },
    "inner": {},
}
signatures["torch.nn.ReflectionPad1d_1"] = {
    "args": {
        "padding": "integer"
    },
    "kwargs": {},
    "inner": {
        "args": {
            "input": "tensor",
            "other": "tensor"
        },
        "kwargs": {}
    }
}
signatures["torch.nn.ReflectionPad1d_2"] = {
    "args": {
        "padding": "tuple"
    },
    "kwargs": {},
    "inner": {
        "args": {
            "input": "tensor",
            "other": "tensor"
        },
        "kwargs": {}
    }
}
```


- Only provide the code, skip any other text. Do not include verbose comments inside code other than short comments about confusion. Do not make any system calls within the code. Do not break any dependencies.


HTTP Request: POST http://127.0.0.1:8080/v1/chat/completions "HTTP/1.1 200 OK"
[Response]

signatures["torch.special.xlog1py"] = {
    "args": {
        "input": "tensor",
        "other": "tensor"
    },
    "kwargs": {},
    "inner": {},
}


[Usage]

Token usage: input=825, output=45, total=870


[Prompt]

For the api torch.is_floating_point, provide a signature of the api as a dictionary. Here are the specifications:
- The dictionary should have three keys: 
    - `args` for positional arguments (parameters). The value should be a dictionary with names of the parameters as the key (e.g. "input"). The values should be the type of argument it accepts.
    - `kwargs` for keyword arguments. The value should be a dictinary similar to the one above.
    - `inner` for apis that are callable modules i.e. they return a function that can be called with more parameters. This will contain the signature required to call the function returned by the api. This value should be another dictionary with `args` and `kwargs` if the api is a callable module. Otherwise, keep this dictionary empty (i.e. do not include the `args` or `kwargs` keys). This api likely does not return a function, check if that is true. If so, `inner` should be empty. Otherwise add the signature for the inner call.
- **IMPORTANT** The types of each parameter can only be (strictly) one of the following options:
    - "tensor"
    - "tensor_list"
    - "integer"
    - "float"
    - "boolean"
    - "string"
    - "dtype"
    - "list"
    - "tuple"
- Choose the value that most closely matches with the argument type. For example, change IntTensor or FloatTensor type arguments to "tensor", change "Numbers" to "float" etc.
- If you are confused about a type, choose the best one and add a small comment on what you think should have been there instead.
- Do not add the argument "device".
- If a parameter name starts with an underscore `_` and/or the document does not describe the parameter (i.e. internal parameters), skip including the parameter in the signature.
- If the api has multiple signatures, add both with a prefix to the dictionary key enumerating the count (e.g. `"torch.is_floating_point_1"`, `"torch.is_floating_point_2"` etc). Same goes for argument types, if an argument can be of multiple types (e.g. tuples and integers), create new signatures for each possible type with same prefixes as mentioned before.
- **IMPORTANT** Assume I already have a dictionary called `signatures` (you don't have to initialize it). Provide the output as assigning the signature to the entry of the `signatures` dictionary. 

Examples:

```python
signatures["torch.scatter_add"] = {
    "args": {
        "input": "tensor",
        "dim": "integer",
        "index": "tensor",
        "src": "tensor"
    },
    "kwargs": {},
    "inner": {},
}
signatures["torch.add"] = {
    "args": {
        "input": "tensor",
        "other": "tensor"
    },
    "kwargs": {
        "alpha": "float",
        "out": "tensor"
    },
    "inner": {},
}
signatures["torch.nn.ReflectionPad1d_1"] = {
    "args": {
        "padding": "integer"
    },
    "kwargs": {},
    "inner": {
        "args": {
            "input": "tensor",
            "other": "tensor"
        },
        "kwargs": {}
    }
}
signatures["torch.nn.ReflectionPad1d_2"] = {
    "args": {
        "padding": "tuple"
    },
    "kwargs": {},
    "inner": {
        "args": {
            "input": "tensor",
            "other": "tensor"
        },
        "kwargs": {}
    }
}
```


- Only provide the code, skip any other text. Do not include verbose comments inside code other than short comments about confusion. Do not make any system calls within the code. Do not break any dependencies.


HTTP Request: POST http://127.0.0.1:8080/v1/chat/completions "HTTP/1.1 200 OK"
[Response]

signatures["torch.is_floating_point"] = {
    "args": {
        "input": "tensor"
    },
    "kwargs": {},
    "inner": {},
}


[Usage]

Token usage: input=822, output=37, total=859


[Prompt]

This is the documentation for the function torch.nn.SmoothL1Loss:

"class torch.nn.SmoothL1Loss(size_average=None, reduce=None, reduction='mean', beta=1.0)[source]#
Creates a criterion that uses a squared term if the absolute element-wise error falls below beta and an L1 term otherwise. It is less sensitive to outliers than torch.nn.MSELoss and in some cases prevents exploding gradients (e.g. see the paper Fast R-CNN by Ross Girshick). For a batch of size NNN, the unreduced loss can be described as: (x,y)=L={l1,...,lN}T\ell(x, y) = L = \{l_1, ..., l_N\}^T (x,y)=L={l1,...,lN}Twith ln={0.5(xnyn)2/beta,if xnyn<betaxnyn0.5beta,otherwise l_n = \begin{cases} 0.5 (x_n - y_n)^2 / beta, & \text{if } |x_n - y_n| < beta \\ |x_n - y_n| - 0.5 * beta, & \text{otherwise } \end{cases} ln={0.5(xnyn)2/beta,xnyn0.5beta,if xnyn<betaotherwise If reduction is not none, then: (x,y)={mean(L),if reduction=mean;sum(L),if reduction=sum.\ell(x, y) = \begin{cases} \operatorname{mean}(L), & \text{if reduction} = \text{`mean';}\\ \operatorname{sum}(L), & \text{if reduction} = \text{`sum'.} \end{cases} (x,y)={mean(L),sum(L),if reduction=mean;if reduction=sum. Note Smooth L1 loss can be seen as exactly L1Loss, but with the xy<beta|x - y| < betaxy<beta portion replaced with a quadratic function such that its slope is 1 at xy=beta|x - y| = betaxy=beta. The quadratic segment smooths the L1 loss near xy=0|x - y| = 0xy=0. Note Smooth L1 loss is closely related to HuberLoss, being equivalent to huber(x,y)/betahuber(x, y) / betahuber(x,y)/beta (note that Smooth L1s beta hyper-parameter is also known as delta for Huber). This leads to the following differences: As beta -> 0, Smooth L1 loss converges to L1Loss, while HuberLoss converges to a constant 0 loss. When beta is 0, Smooth L1 loss is equivalent to L1 loss. As beta -> ++\infty+, Smooth L1 loss converges to a constant 0 loss, while HuberLoss converges to MSELoss. For Smooth L1 loss, as beta varies, the L1 segment of the loss has a constant slope of 1. For HuberLoss, the slope of the L1 segment is beta. Parameters size_average (bool, optional)  Deprecated (see reduction). By default, the losses are averaged over each loss element in the batch. Note that for some losses, there are multiple elements per sample. If the field size_average is set to False, the losses are instead summed for each minibatch. Ignored when reduce is False. Default: True reduce (bool, optional)  Deprecated (see reduction). By default, the losses are averaged or summed over observations for each minibatch depending on size_average. When reduce is False, returns a loss per batch element instead and ignores size_average. Default: True reduction (str, optional)  Specifies the reduction to apply to the output: 'none' | 'mean' | 'sum'. 'none': no reduction will be applied, 'mean': the sum of the output will be divided by the number of elements in the output, 'sum': the output will be summed. Note: size_average and reduce are in the process of being deprecated, and in the meantime, specifying either of those two args will override reduction. Default: 'mean' beta (float, optional)  Specifies the threshold at which to change between L1 and L2 loss. The value must be non-negative. Default: 1.0 Shape: Input: ()(*)(), where * means any number of dimensions. Target: ()(*)(), same shape as the input. Output: scalar. If reduction is 'none', then ()(*)(), same shape as the input. forward(input, target)[source]# Runs the forward pass. Return type Tensor
Creates a criterion that uses a squared term if the absolute element-wise error falls below beta and an L1 term otherwise. It is less sensitive to outliers than torch.nn.MSELoss and in some cases prevents exploding gradients (e.g. see the paper Fast R-CNN by Ross Girshick).
torch.nn.MSELoss
For a batch of size NNN, the unreduced loss can be described as:
with
If reduction is not none, then:
Note
Smooth L1 loss can be seen as exactly L1Loss, but with the xy<beta|x - y| < betaxy<beta portion replaced with a quadratic function such that its slope is 1 at xy=beta|x - y| = betaxy=beta. The quadratic segment smooths the L1 loss near xy=0|x - y| = 0xy=0.
L1Loss
Smooth L1 loss is closely related to HuberLoss, being equivalent to huber(x,y)/betahuber(x, y) / betahuber(x,y)/beta (note that Smooth L1s beta hyper-parameter is also known as delta for Huber). This leads to the following differences:
HuberLoss
As beta -> 0, Smooth L1 loss converges to L1Loss, while HuberLoss converges to a constant 0 loss. When beta is 0, Smooth L1 loss is equivalent to L1 loss. As beta -> ++\infty+, Smooth L1 loss converges to a constant 0 loss, while HuberLoss converges to MSELoss. For Smooth L1 loss, as beta varies, the L1 segment of the loss has a constant slope of 1. For HuberLoss, the slope of the L1 segment is beta.
As beta -> 0, Smooth L1 loss converges to L1Loss, while HuberLoss converges to a constant 0 loss. When beta is 0, Smooth L1 loss is equivalent to L1 loss.
As beta -> ++\infty+, Smooth L1 loss converges to a constant 0 loss, while HuberLoss converges to MSELoss.
MSELoss
For Smooth L1 loss, as beta varies, the L1 segment of the loss has a constant slope of 1. For HuberLoss, the slope of the L1 segment is beta.
Parameters
size_average (bool, optional)  Deprecated (see reduction). By default, the losses are averaged over each loss element in the batch. Note that for some losses, there are multiple elements per sample. If the field size_average is set to False, the losses are instead summed for each minibatch. Ignored when reduce is False. Default: True reduce (bool, optional)  Deprecated (see reduction). By default, the losses are averaged or summed over observations for each minibatch depending on size_average. When reduce is False, returns a loss per batch element instead and ignores size_average. Default: True reduction (str, optional)  Specifies the reduction to apply to the output: 'none' | 'mean' | 'sum'. 'none': no reduction will be applied, 'mean': the sum of the output will be divided by the number of elements in the output, 'sum': the output will be summed. Note: size_average and reduce are in the process of being deprecated, and in the meantime, specifying either of those two args will override reduction. Default: 'mean' beta (float, optional)  Specifies the threshold at which to change between L1 and L2 loss. The value must be non-negative. Default: 1.0
size_average (bool, optional)  Deprecated (see reduction). By default, the losses are averaged over each loss element in the batch. Note that for some losses, there are multiple elements per sample. If the field size_average is set to False, the losses are instead summed for each minibatch. Ignored when reduce is False. Default: True
reduction
size_average
False
reduce
True
reduce (bool, optional)  Deprecated (see reduction). By default, the losses are averaged or summed over observations for each minibatch depending on size_average. When reduce is False, returns a loss per batch element instead and ignores size_average. Default: True
reduction (str, optional)  Specifies the reduction to apply to the output: 'none' | 'mean' | 'sum'. 'none': no reduction will be applied, 'mean': the sum of the output will be divided by the number of elements in the output, 'sum': the output will be summed. Note: size_average and reduce are in the process of being deprecated, and in the meantime, specifying either of those two args will override reduction. Default: 'mean'
'none'
'mean'
'sum'
beta (float, optional)  Specifies the threshold at which to change between L1 and L2 loss. The value must be non-negative. Default: 1.0
Shape:
Input: ()(*)(), where * means any number of dimensions. Target: ()(*)(), same shape as the input. Output: scalar. If reduction is 'none', then ()(*)(), same shape as the input.
Input: ()(*)(), where * means any number of dimensions.
Target: ()(*)(), same shape as the input.
Output: scalar. If reduction is 'none', then ()(*)(), same shape as the input.
forward(input, target)[source]#
Runs the forward pass. Return type Tensor
Runs the forward pass.
Return type
Tensor"

For the api torch.nn.SmoothL1Loss, provide a signature of the api as a dictionary. Here are the specifications:
- The dictionary should have three keys: 
    - `args` for positional arguments (parameters). The value should be a dictionary with names of the parameters as the key (e.g. "input"). The values should be the type of argument it accepts.
    - `kwargs` for keyword arguments. The value should be a dictinary similar to the one above.
    - `inner` for apis that are callable modules i.e. they return a function that can be called with more parameters. This will contain the signature required to call the function returned by the api. This value should be another dictionary with `args` and `kwargs` if the api is a callable module. Otherwise, keep this dictionary empty (i.e. do not include the `args` or `kwargs` keys). This api likely returns a function, look for the parameters that can be passed to the function returned by this api. Hint: very often this information can be found under the "Shape:" section of the documentation.
- **IMPORTANT** The types of each parameter can only be (strictly) one of the following options:
    - "tensor"
    - "tensor_list"
    - "integer"
    - "float"
    - "boolean"
    - "string"
    - "dtype"
    - "list"
    - "tuple"
- Choose the value that most closely matches with the argument type. For example, change IntTensor or FloatTensor type arguments to "tensor", change "Numbers" to "float" etc.
- If you are confused about a type, choose the best one and add a small comment on what you think should have been there instead.
- Do not add the argument "device".
- If a parameter name starts with an underscore `_` and/or the document does not describe the parameter (i.e. internal parameters), skip including the parameter in the signature.
- If the api has multiple signatures, add both with a prefix to the dictionary key enumerating the count (e.g. `"torch.nn.SmoothL1Loss_1"`, `"torch.nn.SmoothL1Loss_2"` etc). Same goes for argument types, if an argument can be of multiple types (e.g. tuples and integers), create new signatures for each possible type with same prefixes as mentioned before.
- **IMPORTANT** Assume I already have a dictionary called `signatures` (you don't have to initialize it). Provide the output as assigning the signature to the entry of the `signatures` dictionary. 

Examples:

```python
signatures["torch.scatter_add"] = {
    "args": {
        "input": "tensor",
        "dim": "integer",
        "index": "tensor",
        "src": "tensor"
    },
    "kwargs": {},
    "inner": {},
}
signatures["torch.add"] = {
    "args": {
        "input": "tensor",
        "other": "tensor"
    },
    "kwargs": {
        "alpha": "float",
        "out": "tensor"
    },
    "inner": {},
}
signatures["torch.nn.ReflectionPad1d_1"] = {
    "args": {
        "padding": "integer"
    },
    "kwargs": {},
    "inner": {
        "args": {
            "input": "tensor",
            "other": "tensor"
        },
        "kwargs": {}
    }
}
signatures["torch.nn.ReflectionPad1d_2"] = {
    "args": {
        "padding": "tuple"
    },
    "kwargs": {},
    "inner": {
        "args": {
            "input": "tensor",
            "other": "tensor"
        },
        "kwargs": {}
    }
}
```


- Only provide the code, skip any other text. Do not include verbose comments inside code other than short comments about confusion. Do not make any system calls within the code. Do not break any dependencies.


HTTP Request: POST http://127.0.0.1:8080/v1/chat/completions "HTTP/1.1 200 OK"
[Response]

```python
signatures["torch.nn.SmoothL1Loss"] = {
    "args": {
        "input": "tensor",
        "target": "tensor"
    },
    "kwargs": {
        "size_average": "boolean",
        "reduce": "boolean",
        "reduction": "string",
        "beta": "float"
    },
    "inner": {}
}
```


[Usage]

Token usage: input=2960, output=82, total=3042


[Prompt]

This is the documentation for the function torch.nn.Fold:

"class torch.nn.Fold(output_size, kernel_size, dilation=1, padding=0, stride=1)[source]#
Combines an array of sliding local blocks into a large containing tensor. Consider a batched input tensor containing sliding local blocks, e.g., patches of images, of shape (N,C(kernel_size),L)(N, C \times \prod(\text{kernel\_size}), L)(N,C(kernel_size),L), where NNN is batch dimension, C(kernel_size)C \times \prod(\text{kernel\_size})C(kernel_size) is the number of values within a block (a block has (kernel_size)\prod(\text{kernel\_size})(kernel_size) spatial locations each containing a CCC-channeled vector), and LLL is the total number of blocks. (This is exactly the same specification as the output shape of Unfold.) This operation combines these local blocks into the large output tensor of shape (N,C,output_size[0],output_size[1], )(N, C, \text{output\_size}[0], \text{output\_size}[1], \dots)(N,C,output_size[0],output_size[1],) by summing the overlapping values. Similar to Unfold, the arguments must satisfy L=doutput_size[d]+2padding[d]dilation[d](kernel_size[d]1)1stride[d]+1,L = \prod_d \left\lfloor\frac{\text{output\_size}[d] + 2 \times \text{padding}[d] % - \text{dilation}[d] \times (\text{kernel\_size}[d] - 1) - 1}{\text{stride}[d]} + 1\right\rfloor, L=dstride[d]output_size[d]+2padding[d]dilation[d](kernel_size[d]1)1+1,where ddd is over all spatial dimensions. output_size describes the spatial shape of the large containing tensor of the sliding local blocks. It is useful to resolve the ambiguity when multiple input shapes map to same number of sliding blocks, e.g., with stride > 0. The padding, stride and dilation arguments specify how the sliding blocks are retrieved. stride controls the stride for the sliding blocks. padding controls the amount of implicit zero-paddings on both sides for padding number of points for each dimension before reshaping. dilation controls the spacing between the kernel points; also known as the  trous algorithm. It is harder to describe, but this link has a nice visualization of what dilation does. Parameters output_size (int or tuple)  the shape of the spatial dimensions of the output (i.e., output.sizes()[2:]) kernel_size (int or tuple)  the size of the sliding blocks dilation (int or tuple, optional)  a parameter that controls the stride of elements within the neighborhood. Default: 1 padding (int or tuple, optional)  implicit zero padding to be added on both sides of input. Default: 0 stride (int or tuple)  the stride of the sliding blocks in the input spatial dimensions. Default: 1 If output_size, kernel_size, dilation, padding or stride is an int or a tuple of length 1 then their values will be replicated across all spatial dimensions. For the case of two output spatial dimensions this operation is sometimes called col2im. Note Fold calculates each combined value in the resulting large tensor by summing all values from all containing blocks. Unfold extracts the values in the local blocks by copying from the large tensor. So, if the blocks overlap, they are not inverses of each other. In general, folding and unfolding operations are related as follows. Consider Fold and Unfold instances created with the same parameters: >>> fold_params = dict(kernel_size=..., dilation=..., padding=..., stride=...) >>> fold = nn.Fold(output_size=..., **fold_params) >>> unfold = nn.Unfold(**fold_params) Then for any (supported) input tensor the following equality holds: fold(unfold(input)) == divisor * input where divisor is a tensor that depends only on the shape and dtype of the input: >>> input_ones = torch.ones(input.shape, dtype=input.dtype) >>> divisor = fold(unfold(input_ones)) When the divisor tensor contains no zero elements, then fold and unfold operations are inverses of each other (up to constant divisor). Warning Currently, only unbatched (3D) or batched (4D) image-like output tensors are supported. Shape: Input: (N,C(kernel_size),L)(N, C \times \prod(\text{kernel\_size}), L)(N,C(kernel_size),L) or (C(kernel_size),L)(C \times \prod(\text{kernel\_size}), L)(C(kernel_size),L) Output: (N,C,output_size[0],output_size[1], )(N, C, \text{output\_size}[0], \text{output\_size}[1], \dots)(N,C,output_size[0],output_size[1],) or (C,output_size[0],output_size[1], )(C, \text{output\_size}[0], \text{output\_size}[1], \dots)(C,output_size[0],output_size[1],) as described above Examples: >>> fold = nn.Fold(output_size=(4, 5), kernel_size=(2, 2)) >>> input = torch.randn(1, 3 * 2 * 2, 12) >>> output = fold(input) >>> output.size() torch.Size([1, 3, 4, 5]) extra_repr()[source]# Return the extra representation of the module. Return type str forward(input)[source]# Runs the forward pass. Return type Tensor
Combines an array of sliding local blocks into a large containing tensor.
Consider a batched input tensor containing sliding local blocks, e.g., patches of images, of shape (N,C(kernel_size),L)(N, C \times \prod(\text{kernel\_size}), L)(N,C(kernel_size),L), where NNN is batch dimension, C(kernel_size)C \times \prod(\text{kernel\_size})C(kernel_size) is the number of values within a block (a block has (kernel_size)\prod(\text{kernel\_size})(kernel_size) spatial locations each containing a CCC-channeled vector), and LLL is the total number of blocks. (This is exactly the same specification as the output shape of Unfold.) This operation combines these local blocks into the large output tensor of shape (N,C,output_size[0],output_size[1], )(N, C, \text{output\_size}[0], \text{output\_size}[1], \dots)(N,C,output_size[0],output_size[1],) by summing the overlapping values. Similar to Unfold, the arguments must satisfy
input
Unfold
output
where ddd is over all spatial dimensions.
output_size describes the spatial shape of the large containing tensor of the sliding local blocks. It is useful to resolve the ambiguity when multiple input shapes map to same number of sliding blocks, e.g., with stride > 0.
output_size
stride > 0
The padding, stride and dilation arguments specify how the sliding blocks are retrieved.
padding
stride
dilation
stride controls the stride for the sliding blocks. padding controls the amount of implicit zero-paddings on both sides for padding number of points for each dimension before reshaping. dilation controls the spacing between the kernel points; also known as the  trous algorithm. It is harder to describe, but this link has a nice visualization of what dilation does.
stride controls the stride for the sliding blocks.
padding controls the amount of implicit zero-paddings on both sides for padding number of points for each dimension before reshaping.
dilation controls the spacing between the kernel points; also known as the  trous algorithm. It is harder to describe, but this link has a nice visualization of what dilation does.
Parameters
output_size (int or tuple)  the shape of the spatial dimensions of the output (i.e., output.sizes()[2:]) kernel_size (int or tuple)  the size of the sliding blocks dilation (int or tuple, optional)  a parameter that controls the stride of elements within the neighborhood. Default: 1 padding (int or tuple, optional)  implicit zero padding to be added on both sides of input. Default: 0 stride (int or tuple)  the stride of the sliding blocks in the input spatial dimensions. Default: 1
output_size (int or tuple)  the shape of the spatial dimensions of the output (i.e., output.sizes()[2:])
output.sizes()[2:]
kernel_size (int or tuple)  the size of the sliding blocks
dilation (int or tuple, optional)  a parameter that controls the stride of elements within the neighborhood. Default: 1
padding (int or tuple, optional)  implicit zero padding to be added on both sides of input. Default: 0
stride (int or tuple)  the stride of the sliding blocks in the input spatial dimensions. Default: 1
If output_size, kernel_size, dilation, padding or stride is an int or a tuple of length 1 then their values will be replicated across all spatial dimensions. For the case of two output spatial dimensions this operation is sometimes called col2im.
If output_size, kernel_size, dilation, padding or stride is an int or a tuple of length 1 then their values will be replicated across all spatial dimensions.
kernel_size
For the case of two output spatial dimensions this operation is sometimes called col2im.
col2im
Note
Fold calculates each combined value in the resulting large tensor by summing all values from all containing blocks. Unfold extracts the values in the local blocks by copying from the large tensor. So, if the blocks overlap, they are not inverses of each other.
Fold
In general, folding and unfolding operations are related as follows. Consider Fold and Unfold instances created with the same parameters:
>>> fold_params = dict(kernel_size=..., dilation=..., padding=..., stride=...) >>> fold = nn.Fold(output_size=..., **fold_params) >>> unfold = nn.Unfold(**fold_params)
Then for any (supported) input tensor the following equality holds:
fold(unfold(input)) == divisor * input
where divisor is a tensor that depends only on the shape and dtype of the input:
divisor
>>> input_ones = torch.ones(input.shape, dtype=input.dtype) >>> divisor = fold(unfold(input_ones))
When the divisor tensor contains no zero elements, then fold and unfold operations are inverses of each other (up to constant divisor).
fold
unfold
Warning
Currently, only unbatched (3D) or batched (4D) image-like output tensors are supported.
Shape:
Input: (N,C(kernel_size),L)(N, C \times \prod(\text{kernel\_size}), L)(N,C(kernel_size),L) or (C(kernel_size),L)(C \times \prod(\text{kernel\_size}), L)(C(kernel_size),L) Output: (N,C,output_size[0],output_size[1], )(N, C, \text{output\_size}[0], \text{output\_size}[1], \dots)(N,C,output_size[0],output_size[1],) or (C,output_size[0],output_size[1], )(C, \text{output\_size}[0], \text{output\_size}[1], \dots)(C,output_size[0],output_size[1],) as described above
Input: (N,C(kernel_size),L)(N, C \times \prod(\text{kernel\_size}), L)(N,C(kernel_size),L) or (C(kernel_size),L)(C \times \prod(\text{kernel\_size}), L)(C(kernel_size),L)
Output: (N,C,output_size[0],output_size[1], )(N, C, \text{output\_size}[0], \text{output\_size}[1], \dots)(N,C,output_size[0],output_size[1],) or (C,output_size[0],output_size[1], )(C, \text{output\_size}[0], \text{output\_size}[1], \dots)(C,output_size[0],output_size[1],) as described above
Examples:
>>> fold = nn.Fold(output_size=(4, 5), kernel_size=(2, 2)) >>> input = torch.randn(1, 3 * 2 * 2, 12) >>> output = fold(input) >>> output.size() torch.Size([1, 3, 4, 5])
extra_repr()[source]#
Return the extra representation of the module. Return type str
Return the extra representation of the module.
Return type
str
forward(input)[source]#
Runs the forward pass. Return type Tensor
Runs the forward pass.
Tensor"

For the api torch.nn.Fold, provide a signature of the api as a dictionary. Here are the specifications:
- The dictionary should have three keys: 
    - `args` for positional arguments (parameters). The value should be a dictionary with names of the parameters as the key (e.g. "input"). The values should be the type of argument it accepts.
    - `kwargs` for keyword arguments. The value should be a dictinary similar to the one above.
    - `inner` for apis that are callable modules i.e. they return a function that can be called with more parameters. This will contain the signature required to call the function returned by the api. This value should be another dictionary with `args` and `kwargs` if the api is a callable module. Otherwise, keep this dictionary empty (i.e. do not include the `args` or `kwargs` keys). This api likely returns a function, look for the parameters that can be passed to the function returned by this api. Hint: very often this information can be found under the "Shape:" section of the documentation.
- **IMPORTANT** The types of each parameter can only be (strictly) one of the following options:
    - "tensor"
    - "tensor_list"
    - "integer"
    - "float"
    - "boolean"
    - "string"
    - "dtype"
    - "list"
    - "tuple"
- Choose the value that most closely matches with the argument type. For example, change IntTensor or FloatTensor type arguments to "tensor", change "Numbers" to "float" etc.
- If you are confused about a type, choose the best one and add a small comment on what you think should have been there instead.
- Do not add the argument "device".
- If a parameter name starts with an underscore `_` and/or the document does not describe the parameter (i.e. internal parameters), skip including the parameter in the signature.
- If the api has multiple signatures, add both with a prefix to the dictionary key enumerating the count (e.g. `"torch.nn.Fold_1"`, `"torch.nn.Fold_2"` etc). Same goes for argument types, if an argument can be of multiple types (e.g. tuples and integers), create new signatures for each possible type with same prefixes as mentioned before.
- **IMPORTANT** Assume I already have a dictionary called `signatures` (you don't have to initialize it). Provide the output as assigning the signature to the entry of the `signatures` dictionary. 

Examples:

```python
signatures["torch.scatter_add"] = {
    "args": {
        "input": "tensor",
        "dim": "integer",
        "index": "tensor",
        "src": "tensor"
    },
    "kwargs": {},
    "inner": {},
}
signatures["torch.add"] = {
    "args": {
        "input": "tensor",
        "other": "tensor"
    },
    "kwargs": {
        "alpha": "float",
        "out": "tensor"
    },
    "inner": {},
}
signatures["torch.nn.ReflectionPad1d_1"] = {
    "args": {
        "padding": "integer"
    },
    "kwargs": {},
    "inner": {
        "args": {
            "input": "tensor",
            "other": "tensor"
        },
        "kwargs": {}
    }
}
signatures["torch.nn.ReflectionPad1d_2"] = {
    "args": {
        "padding": "tuple"
    },
    "kwargs": {},
    "inner": {
        "args": {
            "input": "tensor",
            "other": "tensor"
        },
        "kwargs": {}
    }
}
```


- Only provide the code, skip any other text. Do not include verbose comments inside code other than short comments about confusion. Do not make any system calls within the code. Do not break any dependencies.


HTTP Request: POST http://127.0.0.1:8080/v1/chat/completions "HTTP/1.1 200 OK"
[Response]

signatures["torch.nn.Fold_1"] = {
    "args": {
        "output_size": "tuple",
        "kernel_size": "tuple"
    },
    "kwargs": {
        "dilation": "tuple",
        "padding": "tuple",
        "stride": "tuple"
    },
    "inner": {}
}
signatures["torch.nn.Fold_2"] = {
    "args": {
        "output_size": "integer",
        "kernel_size": "integer"
    },
    "kwargs": {
        "dilation": "integer",
        "padding": "integer",
        "stride": "integer"
    },
    "inner": {}
}


[Usage]

Token usage: input=3558, output=141, total=3699


[Prompt]

For the api torch.nn.init.constant_, provide a signature of the api as a dictionary. Here are the specifications:
- The dictionary should have three keys: 
    - `args` for positional arguments (parameters). The value should be a dictionary with names of the parameters as the key (e.g. "input"). The values should be the type of argument it accepts.
    - `kwargs` for keyword arguments. The value should be a dictinary similar to the one above.
    - `inner` for apis that are callable modules i.e. they return a function that can be called with more parameters. This will contain the signature required to call the function returned by the api. This value should be another dictionary with `args` and `kwargs` if the api is a callable module. Otherwise, keep this dictionary empty (i.e. do not include the `args` or `kwargs` keys). This api likely does not return a function, check if that is true. If so, `inner` should be empty. Otherwise add the signature for the inner call.
- **IMPORTANT** The types of each parameter can only be (strictly) one of the following options:
    - "tensor"
    - "tensor_list"
    - "integer"
    - "float"
    - "boolean"
    - "string"
    - "dtype"
    - "list"
    - "tuple"
- Choose the value that most closely matches with the argument type. For example, change IntTensor or FloatTensor type arguments to "tensor", change "Numbers" to "float" etc.
- If you are confused about a type, choose the best one and add a small comment on what you think should have been there instead.
- Do not add the argument "device".
- If a parameter name starts with an underscore `_` and/or the document does not describe the parameter (i.e. internal parameters), skip including the parameter in the signature.
- If the api has multiple signatures, add both with a prefix to the dictionary key enumerating the count (e.g. `"torch.nn.init.constant__1"`, `"torch.nn.init.constant__2"` etc). Same goes for argument types, if an argument can be of multiple types (e.g. tuples and integers), create new signatures for each possible type with same prefixes as mentioned before.
- **IMPORTANT** Assume I already have a dictionary called `signatures` (you don't have to initialize it). Provide the output as assigning the signature to the entry of the `signatures` dictionary. 

Examples:

```python
signatures["torch.scatter_add"] = {
    "args": {
        "input": "tensor",
        "dim": "integer",
        "index": "tensor",
        "src": "tensor"
    },
    "kwargs": {},
    "inner": {},
}
signatures["torch.add"] = {
    "args": {
        "input": "tensor",
        "other": "tensor"
    },
    "kwargs": {
        "alpha": "float",
        "out": "tensor"
    },
    "inner": {},
}
signatures["torch.nn.ReflectionPad1d_1"] = {
    "args": {
        "padding": "integer"
    },
    "kwargs": {},
    "inner": {
        "args": {
            "input": "tensor",
            "other": "tensor"
        },
        "kwargs": {}
    }
}
signatures["torch.nn.ReflectionPad1d_2"] = {
    "args": {
        "padding": "tuple"
    },
    "kwargs": {},
    "inner": {
        "args": {
            "input": "tensor",
            "other": "tensor"
        },
        "kwargs": {}
    }
}
```


- Only provide the code, skip any other text. Do not include verbose comments inside code other than short comments about confusion. Do not make any system calls within the code. Do not break any dependencies.


HTTP Request: POST http://127.0.0.1:8080/v1/chat/completions "HTTP/1.1 200 OK"
[Response]

signatures["torch.nn.init.constant__1"] = {
    "args": {
        "tensor": "tensor",
        "val": "float"
    },
    "kwargs": {},
    "inner": {},
}


[Usage]

Token usage: input=819, output=45, total=864


[Prompt]

For the api torch.special.sinc, provide a signature of the api as a dictionary. Here are the specifications:
- The dictionary should have three keys: 
    - `args` for positional arguments (parameters). The value should be a dictionary with names of the parameters as the key (e.g. "input"). The values should be the type of argument it accepts.
    - `kwargs` for keyword arguments. The value should be a dictinary similar to the one above.
    - `inner` for apis that are callable modules i.e. they return a function that can be called with more parameters. This will contain the signature required to call the function returned by the api. This value should be another dictionary with `args` and `kwargs` if the api is a callable module. Otherwise, keep this dictionary empty (i.e. do not include the `args` or `kwargs` keys). This api likely does not return a function, check if that is true. If so, `inner` should be empty. Otherwise add the signature for the inner call.
- **IMPORTANT** The types of each parameter can only be (strictly) one of the following options:
    - "tensor"
    - "tensor_list"
    - "integer"
    - "float"
    - "boolean"
    - "string"
    - "dtype"
    - "list"
    - "tuple"
- Choose the value that most closely matches with the argument type. For example, change IntTensor or FloatTensor type arguments to "tensor", change "Numbers" to "float" etc.
- If you are confused about a type, choose the best one and add a small comment on what you think should have been there instead.
- Do not add the argument "device".
- If a parameter name starts with an underscore `_` and/or the document does not describe the parameter (i.e. internal parameters), skip including the parameter in the signature.
- If the api has multiple signatures, add both with a prefix to the dictionary key enumerating the count (e.g. `"torch.special.sinc_1"`, `"torch.special.sinc_2"` etc). Same goes for argument types, if an argument can be of multiple types (e.g. tuples and integers), create new signatures for each possible type with same prefixes as mentioned before.
- **IMPORTANT** Assume I already have a dictionary called `signatures` (you don't have to initialize it). Provide the output as assigning the signature to the entry of the `signatures` dictionary. 

Examples:

```python
signatures["torch.scatter_add"] = {
    "args": {
        "input": "tensor",
        "dim": "integer",
        "index": "tensor",
        "src": "tensor"
    },
    "kwargs": {},
    "inner": {},
}
signatures["torch.add"] = {
    "args": {
        "input": "tensor",
        "other": "tensor"
    },
    "kwargs": {
        "alpha": "float",
        "out": "tensor"
    },
    "inner": {},
}
signatures["torch.nn.ReflectionPad1d_1"] = {
    "args": {
        "padding": "integer"
    },
    "kwargs": {},
    "inner": {
        "args": {
            "input": "tensor",
            "other": "tensor"
        },
        "kwargs": {}
    }
}
signatures["torch.nn.ReflectionPad1d_2"] = {
    "args": {
        "padding": "tuple"
    },
    "kwargs": {},
    "inner": {
        "args": {
            "input": "tensor",
            "other": "tensor"
        },
        "kwargs": {}
    }
}
```


- Only provide the code, skip any other text. Do not include verbose comments inside code other than short comments about confusion. Do not make any system calls within the code. Do not break any dependencies.


HTTP Request: POST http://127.0.0.1:8080/v1/chat/completions "HTTP/1.1 200 OK"
[Response]

signatures["torch.special.sinc"] = {
    "args": {
        "input": "tensor"
    },
    "kwargs": {},
    "inner": {},
}


[Usage]

Token usage: input=819, output=36, total=855


[Prompt]

For the api torch.matrix_power, provide a signature of the api as a dictionary. Here are the specifications:
- The dictionary should have three keys: 
    - `args` for positional arguments (parameters). The value should be a dictionary with names of the parameters as the key (e.g. "input"). The values should be the type of argument it accepts.
    - `kwargs` for keyword arguments. The value should be a dictinary similar to the one above.
    - `inner` for apis that are callable modules i.e. they return a function that can be called with more parameters. This will contain the signature required to call the function returned by the api. This value should be another dictionary with `args` and `kwargs` if the api is a callable module. Otherwise, keep this dictionary empty (i.e. do not include the `args` or `kwargs` keys). This api likely does not return a function, check if that is true. If so, `inner` should be empty. Otherwise add the signature for the inner call.
- **IMPORTANT** The types of each parameter can only be (strictly) one of the following options:
    - "tensor"
    - "tensor_list"
    - "integer"
    - "float"
    - "boolean"
    - "string"
    - "dtype"
    - "list"
    - "tuple"
- Choose the value that most closely matches with the argument type. For example, change IntTensor or FloatTensor type arguments to "tensor", change "Numbers" to "float" etc.
- If you are confused about a type, choose the best one and add a small comment on what you think should have been there instead.
- Do not add the argument "device".
- If a parameter name starts with an underscore `_` and/or the document does not describe the parameter (i.e. internal parameters), skip including the parameter in the signature.
- If the api has multiple signatures, add both with a prefix to the dictionary key enumerating the count (e.g. `"torch.matrix_power_1"`, `"torch.matrix_power_2"` etc). Same goes for argument types, if an argument can be of multiple types (e.g. tuples and integers), create new signatures for each possible type with same prefixes as mentioned before.
- **IMPORTANT** Assume I already have a dictionary called `signatures` (you don't have to initialize it). Provide the output as assigning the signature to the entry of the `signatures` dictionary. 

Examples:

```python
signatures["torch.scatter_add"] = {
    "args": {
        "input": "tensor",
        "dim": "integer",
        "index": "tensor",
        "src": "tensor"
    },
    "kwargs": {},
    "inner": {},
}
signatures["torch.add"] = {
    "args": {
        "input": "tensor",
        "other": "tensor"
    },
    "kwargs": {
        "alpha": "float",
        "out": "tensor"
    },
    "inner": {},
}
signatures["torch.nn.ReflectionPad1d_1"] = {
    "args": {
        "padding": "integer"
    },
    "kwargs": {},
    "inner": {
        "args": {
            "input": "tensor",
            "other": "tensor"
        },
        "kwargs": {}
    }
}
signatures["torch.nn.ReflectionPad1d_2"] = {
    "args": {
        "padding": "tuple"
    },
    "kwargs": {},
    "inner": {
        "args": {
            "input": "tensor",
            "other": "tensor"
        },
        "kwargs": {}
    }
}
```


- Only provide the code, skip any other text. Do not include verbose comments inside code other than short comments about confusion. Do not make any system calls within the code. Do not break any dependencies.


HTTP Request: POST http://127.0.0.1:8080/v1/chat/completions "HTTP/1.1 200 OK"
[Response]

signatures["torch.matrix_power"] = {
    "args": {
        "input": "tensor",
        "n": "integer"
    },
    "kwargs": {},
    "inner": {},
}


[Usage]

Token usage: input=816, output=42, total=858


[Prompt]

This is the documentation for the function torch.nn.functional.dropout:

"torch.nn.functional.dropout#
torch.nn.functional.dropout(input, p=0.5, training=True, inplace=False)[source]#
During training, randomly zeroes some elements of the input tensor with probability p. Uses samples from a Bernoulli distribution. See Dropout for details. Parameters p (float)  probability of an element to be zeroed. Default: 0.5 training (bool)  apply dropout if is True. Default: True inplace (bool)  If set to True, will do this operation in-place. Default: False Return type Tensor
During training, randomly zeroes some elements of the input tensor with probability p.
p
Uses samples from a Bernoulli distribution.
See Dropout for details.
Dropout
Parameters
p (float)  probability of an element to be zeroed. Default: 0.5 training (bool)  apply dropout if is True. Default: True inplace (bool)  If set to True, will do this operation in-place. Default: False
p (float)  probability of an element to be zeroed. Default: 0.5
training (bool)  apply dropout if is True. Default: True
True
inplace (bool)  If set to True, will do this operation in-place. Default: False
False
Return type
Tensor"

For the api torch.nn.functional.dropout, provide a signature of the api as a dictionary. Here are the specifications:
- The dictionary should have three keys: 
    - `args` for positional arguments (parameters). The value should be a dictionary with names of the parameters as the key (e.g. "input"). The values should be the type of argument it accepts.
    - `kwargs` for keyword arguments. The value should be a dictinary similar to the one above.
    - `inner` for apis that are callable modules i.e. they return a function that can be called with more parameters. This will contain the signature required to call the function returned by the api. This value should be another dictionary with `args` and `kwargs` if the api is a callable module. Otherwise, keep this dictionary empty (i.e. do not include the `args` or `kwargs` keys). This api likely does not return a function, check if that is true. If so, `inner` should be empty. Otherwise add the signature for the inner call.
- **IMPORTANT** The types of each parameter can only be (strictly) one of the following options:
    - "tensor"
    - "tensor_list"
    - "integer"
    - "float"
    - "boolean"
    - "string"
    - "dtype"
    - "list"
    - "tuple"
- Choose the value that most closely matches with the argument type. For example, change IntTensor or FloatTensor type arguments to "tensor", change "Numbers" to "float" etc.
- If you are confused about a type, choose the best one and add a small comment on what you think should have been there instead.
- Do not add the argument "device".
- If a parameter name starts with an underscore `_` and/or the document does not describe the parameter (i.e. internal parameters), skip including the parameter in the signature.
- If the api has multiple signatures, add both with a prefix to the dictionary key enumerating the count (e.g. `"torch.nn.functional.dropout_1"`, `"torch.nn.functional.dropout_2"` etc). Same goes for argument types, if an argument can be of multiple types (e.g. tuples and integers), create new signatures for each possible type with same prefixes as mentioned before.
- **IMPORTANT** Assume I already have a dictionary called `signatures` (you don't have to initialize it). Provide the output as assigning the signature to the entry of the `signatures` dictionary. 

Examples:

```python
signatures["torch.scatter_add"] = {
    "args": {
        "input": "tensor",
        "dim": "integer",
        "index": "tensor",
        "src": "tensor"
    },
    "kwargs": {},
    "inner": {},
}
signatures["torch.add"] = {
    "args": {
        "input": "tensor",
        "other": "tensor"
    },
    "kwargs": {
        "alpha": "float",
        "out": "tensor"
    },
    "inner": {},
}
signatures["torch.nn.ReflectionPad1d_1"] = {
    "args": {
        "padding": "integer"
    },
    "kwargs": {},
    "inner": {
        "args": {
            "input": "tensor",
            "other": "tensor"
        },
        "kwargs": {}
    }
}
signatures["torch.nn.ReflectionPad1d_2"] = {
    "args": {
        "padding": "tuple"
    },
    "kwargs": {},
    "inner": {
        "args": {
            "input": "tensor",
            "other": "tensor"
        },
        "kwargs": {}
    }
}
```


- Only provide the code, skip any other text. Do not include verbose comments inside code other than short comments about confusion. Do not make any system calls within the code. Do not break any dependencies.


HTTP Request: POST http://127.0.0.1:8080/v1/chat/completions "HTTP/1.1 200 OK"
[Response]

signatures["torch.nn.functional.dropout_1"] = {
    "args": {
        "input": "tensor"
    },
    "kwargs": {
        "p": "float",
        "training": "boolean",
        "inplace": "boolean"
    },
    "inner": {}
}


[Usage]

Token usage: input=1104, output=62, total=1166


[Prompt]

This is the documentation for the function torch.addmv:

"torch.addmv#
torch.addmv(input, mat, vec, *, beta=1, alpha=1, out=None)  Tensor#
Performs a matrix-vector product of the matrix mat and the vector vec. The vector input is added to the final result. If mat is a (nm)(n \times m)(nm) tensor, vec is a 1-D tensor of size m, then input must be broadcastable with a 1-D tensor of size n and out will be 1-D tensor of size n. alpha and beta are scaling factors on matrix-vector product between mat and vec and the added tensor input respectively. out= input+ (mat@vec)\text{out} = \beta\ \text{input} + \alpha\ (\text{mat} \mathbin{@} \text{vec}) out= input+ (mat@vec)If beta is 0, then the content of input will be ignored, and nan and inf in it will not be propagated. For inputs of type FloatTensor or DoubleTensor, arguments beta and alpha must be real numbers, otherwise they should be integers. Parameters input (Tensor)  vector to be added mat (Tensor)  matrix to be matrix multiplied vec (Tensor)  vector to be matrix multiplied Keyword Arguments beta (Number, optional)  multiplier for input (\beta) alpha (Number, optional)  multiplier for mat@vecmat @ vecmat@vec (\alpha) out (Tensor, optional)  the output tensor. Example: >>> M = torch.randn(2) >>> mat = torch.randn(2, 3) >>> vec = torch.randn(3) >>> torch.addmv(M, mat, vec) tensor([-0.3768, -5.5565])
Performs a matrix-vector product of the matrix mat and the vector vec. The vector input is added to the final result.
mat
vec
input
If mat is a (nm)(n \times m)(nm) tensor, vec is a 1-D tensor of size m, then input must be broadcastable with a 1-D tensor of size n and out will be 1-D tensor of size n.
out
alpha and beta are scaling factors on matrix-vector product between mat and vec and the added tensor input respectively.
alpha
beta
If beta is 0, then the content of input will be ignored, and nan and inf in it will not be propagated.
For inputs of type FloatTensor or DoubleTensor, arguments beta and alpha must be real numbers, otherwise they should be integers.
Parameters
input (Tensor)  vector to be added mat (Tensor)  matrix to be matrix multiplied vec (Tensor)  vector to be matrix multiplied
input (Tensor)  vector to be added
mat (Tensor)  matrix to be matrix multiplied
vec (Tensor)  vector to be matrix multiplied
Keyword Arguments
beta (Number, optional)  multiplier for input (\beta) alpha (Number, optional)  multiplier for mat@vecmat @ vecmat@vec (\alpha) out (Tensor, optional)  the output tensor.
beta (Number, optional)  multiplier for input (\beta)
alpha (Number, optional)  multiplier for mat@vecmat @ vecmat@vec (\alpha)
out (Tensor, optional)  the output tensor.
Example:
>>> M = torch.randn(2) >>> mat = torch.randn(2, 3) >>> vec = torch.randn(3) >>> torch.addmv(M, mat, vec) tensor([-0.3768, -5.5565])"

For the api torch.addmv, provide a signature of the api as a dictionary. Here are the specifications:
- The dictionary should have three keys: 
    - `args` for positional arguments (parameters). The value should be a dictionary with names of the parameters as the key (e.g. "input"). The values should be the type of argument it accepts.
    - `kwargs` for keyword arguments. The value should be a dictinary similar to the one above.
    - `inner` for apis that are callable modules i.e. they return a function that can be called with more parameters. This will contain the signature required to call the function returned by the api. This value should be another dictionary with `args` and `kwargs` if the api is a callable module. Otherwise, keep this dictionary empty (i.e. do not include the `args` or `kwargs` keys). This api likely does not return a function, check if that is true. If so, `inner` should be empty. Otherwise add the signature for the inner call.
- **IMPORTANT** The types of each parameter can only be (strictly) one of the following options:
    - "tensor"
    - "tensor_list"
    - "integer"
    - "float"
    - "boolean"
    - "string"
    - "dtype"
    - "list"
    - "tuple"
- Choose the value that most closely matches with the argument type. For example, change IntTensor or FloatTensor type arguments to "tensor", change "Numbers" to "float" etc.
- If you are confused about a type, choose the best one and add a small comment on what you think should have been there instead.
- Do not add the argument "device".
- If a parameter name starts with an underscore `_` and/or the document does not describe the parameter (i.e. internal parameters), skip including the parameter in the signature.
- If the api has multiple signatures, add both with a prefix to the dictionary key enumerating the count (e.g. `"torch.addmv_1"`, `"torch.addmv_2"` etc). Same goes for argument types, if an argument can be of multiple types (e.g. tuples and integers), create new signatures for each possible type with same prefixes as mentioned before.
- **IMPORTANT** Assume I already have a dictionary called `signatures` (you don't have to initialize it). Provide the output as assigning the signature to the entry of the `signatures` dictionary. 

Examples:

```python
signatures["torch.scatter_add"] = {
    "args": {
        "input": "tensor",
        "dim": "integer",
        "index": "tensor",
        "src": "tensor"
    },
    "kwargs": {},
    "inner": {},
}
signatures["torch.add"] = {
    "args": {
        "input": "tensor",
        "other": "tensor"
    },
    "kwargs": {
        "alpha": "float",
        "out": "tensor"
    },
    "inner": {},
}
signatures["torch.nn.ReflectionPad1d_1"] = {
    "args": {
        "padding": "integer"
    },
    "kwargs": {},
    "inner": {
        "args": {
            "input": "tensor",
            "other": "tensor"
        },
        "kwargs": {}
    }
}
signatures["torch.nn.ReflectionPad1d_2"] = {
    "args": {
        "padding": "tuple"
    },
    "kwargs": {},
    "inner": {
        "args": {
            "input": "tensor",
            "other": "tensor"
        },
        "kwargs": {}
    }
}
```


- Only provide the code, skip any other text. Do not include verbose comments inside code other than short comments about confusion. Do not make any system calls within the code. Do not break any dependencies.


HTTP Request: POST http://127.0.0.1:8080/v1/chat/completions "HTTP/1.1 200 OK"
[Response]

```python
signatures["torch.addmv_1"] = {
    "args": {
        "input": "tensor",
        "mat": "tensor",
        "vec": "tensor"
    },
    "kwargs": {
        "beta": "float",
        "alpha": "float"
    },
    "inner": {}
}
```


[Usage]

Token usage: input=1567, output=71, total=1638


[Prompt]

For the api torch.special.i0e, provide a signature of the api as a dictionary. Here are the specifications:
- The dictionary should have three keys: 
    - `args` for positional arguments (parameters). The value should be a dictionary with names of the parameters as the key (e.g. "input"). The values should be the type of argument it accepts.
    - `kwargs` for keyword arguments. The value should be a dictinary similar to the one above.
    - `inner` for apis that are callable modules i.e. they return a function that can be called with more parameters. This will contain the signature required to call the function returned by the api. This value should be another dictionary with `args` and `kwargs` if the api is a callable module. Otherwise, keep this dictionary empty (i.e. do not include the `args` or `kwargs` keys). This api likely does not return a function, check if that is true. If so, `inner` should be empty. Otherwise add the signature for the inner call.
- **IMPORTANT** The types of each parameter can only be (strictly) one of the following options:
    - "tensor"
    - "tensor_list"
    - "integer"
    - "float"
    - "boolean"
    - "string"
    - "dtype"
    - "list"
    - "tuple"
- Choose the value that most closely matches with the argument type. For example, change IntTensor or FloatTensor type arguments to "tensor", change "Numbers" to "float" etc.
- If you are confused about a type, choose the best one and add a small comment on what you think should have been there instead.
- Do not add the argument "device".
- If a parameter name starts with an underscore `_` and/or the document does not describe the parameter (i.e. internal parameters), skip including the parameter in the signature.
- If the api has multiple signatures, add both with a prefix to the dictionary key enumerating the count (e.g. `"torch.special.i0e_1"`, `"torch.special.i0e_2"` etc). Same goes for argument types, if an argument can be of multiple types (e.g. tuples and integers), create new signatures for each possible type with same prefixes as mentioned before.
- **IMPORTANT** Assume I already have a dictionary called `signatures` (you don't have to initialize it). Provide the output as assigning the signature to the entry of the `signatures` dictionary. 

Examples:

```python
signatures["torch.scatter_add"] = {
    "args": {
        "input": "tensor",
        "dim": "integer",
        "index": "tensor",
        "src": "tensor"
    },
    "kwargs": {},
    "inner": {},
}
signatures["torch.add"] = {
    "args": {
        "input": "tensor",
        "other": "tensor"
    },
    "kwargs": {
        "alpha": "float",
        "out": "tensor"
    },
    "inner": {},
}
signatures["torch.nn.ReflectionPad1d_1"] = {
    "args": {
        "padding": "integer"
    },
    "kwargs": {},
    "inner": {
        "args": {
            "input": "tensor",
            "other": "tensor"
        },
        "kwargs": {}
    }
}
signatures["torch.nn.ReflectionPad1d_2"] = {
    "args": {
        "padding": "tuple"
    },
    "kwargs": {},
    "inner": {
        "args": {
            "input": "tensor",
            "other": "tensor"
        },
        "kwargs": {}
    }
}
```


- Only provide the code, skip any other text. Do not include verbose comments inside code other than short comments about confusion. Do not make any system calls within the code. Do not break any dependencies.


HTTP Request: POST http://127.0.0.1:8080/v1/chat/completions "HTTP/1.1 200 OK"
[Response]

signatures["torch.special.i0e"] = {
    "args": {
        "input": "tensor"
    },
    "kwargs": {},
    "inner": {},
}


[Usage]

Token usage: input=822, output=37, total=859


[Prompt]

This is the documentation for the function torch.gradient:

"torch.gradient#
torch.gradient(input, *, spacing=1, dim=None, edge_order=1)  List of Tensors#
Estimates the gradient of a function g:RnRg : \mathbb{R}^n \rightarrow \mathbb{R}g:RnR in one or more dimensions using the second-order accurate central differences method and either first or second order estimates at the boundaries. The gradient of ggg is estimated using samples. By default, when spacing is not specified, the samples are entirely described by input, and the mapping of input coordinates to an output is the same as the tensors mapping of indices to values. For example, for a three-dimensional input the function described is g:R3Rg : \mathbb{R}^3 \rightarrow \mathbb{R}g:R3R, and g(1,2,3) ==input[1,2,3]g(1, 2, 3)\ == input[1, 2, 3]g(1,2,3) ==input[1,2,3]. When spacing is specified, it modifies the relationship between input and input coordinates. This is detailed in the Keyword Arguments section below. The gradient is estimated by estimating each partial derivative of ggg independently. This estimation is accurate if ggg is in C3C^3C3 (it has at least 3 continuous derivatives), and the estimation can be improved by providing closer samples. Mathematically, the value at each interior point of a partial derivative is estimated using Taylors theorem with remainder. Letting xxx be an interior point with xhlx-h_lxhl and x+hrx+h_rx+hr be points neighboring it to the left and right respectively, f(x+hr)f(x+h_r)f(x+hr) and f(xhl)f(x-h_l)f(xhl) can be estimated using: f(x+hr)=f(x)+hrf(x)+hr2f(x)2+hr3f(1)6,1(x,x+hr)f(xhl)=f(x)hlf(x)+hl2f(x)2hl3f(2)6,2(x,xhl)\begin{aligned} f(x+h_r) = f(x) + h_r f'(x) + {h_r}^2 \frac{f''(x)}{2} + {h_r}^3 \frac{f'''(\xi_1)}{6}, \xi_1 \in (x, x+h_r) \\ f(x-h_l) = f(x) - h_l f'(x) + {h_l}^2 \frac{f''(x)}{2} - {h_l}^3 \frac{f'''(\xi_2)}{6}, \xi_2 \in (x, x-h_l) \\ \end{aligned} f(x+hr)=f(x)+hrf(x)+hr22f(x)+hr36f(1),1(x,x+hr)f(xhl)=f(x)hlf(x)+hl22f(x)hl36f(2),2(x,xhl)Using the fact that fC3f \in C^3fC3 and solving the linear system, we derive: f(x)hl2f(x+hr)hr2f(xhl)+(hr2hl2)f(x)hrhl2+hr2hlf'(x) \approx \frac{ {h_l}^2 f(x+h_r) - {h_r}^2 f(x-h_l) + ({h_r}^2-{h_l}^2 ) f(x) }{ {h_r} {h_l}^2 + {h_r}^2 {h_l} } f(x)hrhl2+hr2hlhl2f(x+hr)hr2f(xhl)+(hr2hl2)f(x) Note We estimate the gradient of functions in complex domain g:CnCg : \mathbb{C}^n \rightarrow \mathbb{C}g:CnC in the same way. The value of each partial derivative at the boundary points is computed differently. See edge_order below. Parameters input (Tensor)  the tensor that represents the values of the function Keyword Arguments spacing (scalar, list of scalar, list of Tensor, optional)  spacing can be used to modify how the input tensors indices relate to sample coordinates. If spacing is a scalar then the indices are multiplied by the scalar to produce the coordinates. For example, if spacing=2 the indices (1, 2, 3) become coordinates (2, 4, 6). If spacing is a list of scalars then the corresponding indices are multiplied. For example, if spacing=(2, -1, 3) the indices (1, 2, 3) become coordinates (2, -2, 9). Finally, if spacing is a list of one-dimensional tensors then each tensor specifies the coordinates for the corresponding dimension. For example, if the indices are (1, 2, 3) and the tensors are (t0, t1, t2), then the coordinates are (t0[1], t1[2], t2[3]) dim (int, list of int, optional)  the dimension or dimensions to approximate the gradient over. By default the partial gradient in every dimension is computed. Note that when dim is specified the elements of the spacing argument must correspond with the specified dims. edge_order (int, optional)  1 or 2, for first-order or second-order estimation of the boundary (edge) values, respectively. Note that when edge_order is specified, each dimension size of input should be at least edge_order+1 Examples: >>> # Estimates the gradient of f(x)=x^2 at points [-2, -1, 2, 4] >>> coordinates = (torch.tensor([-2., -1., 1., 4.]),) >>> values = torch.tensor([4., 1., 1., 16.], ) >>> torch.gradient(values, spacing = coordinates) (tensor([-3., -2., 2., 5.]),) >>> # Estimates the gradient of the R^2 -> R function whose samples are >>> # described by the tensor t. Implicit coordinates are [0, 1] for the outermost >>> # dimension and [0, 1, 2, 3] for the innermost dimension, and function estimates >>> # partial derivative for both dimensions. >>> t = torch.tensor([[1, 2, 4, 8], [10, 20, 40, 80]]) >>> torch.gradient(t) (tensor([[ 9., 18., 36., 72.], [ 9., 18., 36., 72.]]), tensor([[ 1.0000, 1.5000, 3.0000, 4.0000], [10.0000, 15.0000, 30.0000, 40.0000]])) >>> # A scalar value for spacing modifies the relationship between tensor indices >>> # and input coordinates by multiplying the indices to find the >>> # coordinates. For example, below the indices of the innermost >>> # 0, 1, 2, 3 translate to coordinates of [0, 2, 4, 6], and the indices of >>> # the outermost dimension 0, 1 translate to coordinates of [0, 2]. >>> torch.gradient(t, spacing = 2.0) # dim = None (implicitly [0, 1]) (tensor([[ 4.5000, 9.0000, 18.0000, 36.0000], [ 4.5000, 9.0000, 18.0000, 36.0000]]), tensor([[ 0.5000, 0.7500, 1.5000, 2.0000], [ 5.0000, 7.5000, 15.0000, 20.0000]])) >>> # doubling the spacing between samples halves the estimated partial gradients. >>> >>> # Estimates only the partial derivative for dimension 1 >>> torch.gradient(t, dim = 1) # spacing = None (implicitly 1.) (tensor([[ 1.0000, 1.5000, 3.0000, 4.0000], [10.0000, 15.0000, 30.0000, 40.0000]]),) >>> # When spacing is a list of scalars, the relationship between the tensor >>> # indices and input coordinates changes based on dimension. >>> # For example, below, the indices of the innermost dimension 0, 1, 2, 3 translate >>> # to coordinates of [0, 3, 6, 9], and the indices of the outermost dimension >>> # 0, 1 translate to coordinates of [0, 2]. >>> torch.gradient(t, spacing = [3., 2.]) (tensor([[ 4.5000, 9.0000, 18.0000, 36.0000], [ 4.5000, 9.0000, 18.0000, 36.0000]]), tensor([[ 0.3333, 0.5000, 1.0000, 1.3333], [ 3.3333, 5.0000, 10.0000, 13.3333]])) >>> # The following example is a replication of the previous one with explicit >>> # coordinates. >>> coords = (torch.tensor([0, 2]), torch.tensor([0, 3, 6, 9])) >>> torch.gradient(t, spacing = coords) (tensor([[ 4.5000, 9.0000, 18.0000, 36.0000], [ 4.5000, 9.0000, 18.0000, 36.0000]]), tensor([[ 0.3333, 0.5000, 1.0000, 1.3333], [ 3.3333, 5.0000, 10.0000, 13.3333]]))
Estimates the gradient of a function g:RnRg : \mathbb{R}^n \rightarrow \mathbb{R}g:RnR in one or more dimensions using the second-order accurate central differences method and either first or second order estimates at the boundaries.
The gradient of ggg is estimated using samples. By default, when spacing is not specified, the samples are entirely described by input, and the mapping of input coordinates to an output is the same as the tensors mapping of indices to values. For example, for a three-dimensional input the function described is g:R3Rg : \mathbb{R}^3 \rightarrow \mathbb{R}g:R3R, and g(1,2,3) ==input[1,2,3]g(1, 2, 3)\ == input[1, 2, 3]g(1,2,3) ==input[1,2,3].
spacing
input
When spacing is specified, it modifies the relationship between input and input coordinates. This is detailed in the Keyword Arguments section below.
The gradient is estimated by estimating each partial derivative of ggg independently. This estimation is accurate if ggg is in C3C^3C3 (it has at least 3 continuous derivatives), and the estimation can be improved by providing closer samples. Mathematically, the value at each interior point of a partial derivative is estimated using Taylors theorem with remainder. Letting xxx be an interior point with xhlx-h_lxhl and x+hrx+h_rx+hr be points neighboring it to the left and right respectively, f(x+hr)f(x+h_r)f(x+hr) and f(xhl)f(x-h_l)f(xhl) can be estimated using:
Using the fact that fC3f \in C^3fC3 and solving the linear system, we derive:
Note
We estimate the gradient of functions in complex domain g:CnCg : \mathbb{C}^n \rightarrow \mathbb{C}g:CnC in the same way.
The value of each partial derivative at the boundary points is computed differently. See edge_order below.
Parameters
input (Tensor)  the tensor that represents the values of the function
Tensor
Keyword Arguments
spacing (scalar, list of scalar, list of Tensor, optional)  spacing can be used to modify how the input tensors indices relate to sample coordinates. If spacing is a scalar then the indices are multiplied by the scalar to produce the coordinates. For example, if spacing=2 the indices (1, 2, 3) become coordinates (2, 4, 6). If spacing is a list of scalars then the corresponding indices are multiplied. For example, if spacing=(2, -1, 3) the indices (1, 2, 3) become coordinates (2, -2, 9). Finally, if spacing is a list of one-dimensional tensors then each tensor specifies the coordinates for the corresponding dimension. For example, if the indices are (1, 2, 3) and the tensors are (t0, t1, t2), then the coordinates are (t0[1], t1[2], t2[3]) dim (int, list of int, optional)  the dimension or dimensions to approximate the gradient over. By default the partial gradient in every dimension is computed. Note that when dim is specified the elements of the spacing argument must correspond with the specified dims. edge_order (int, optional)  1 or 2, for first-order or second-order estimation of the boundary (edge) values, respectively. Note that when edge_order is specified, each dimension size of input should be at least edge_order+1
spacing (scalar, list of scalar, list of Tensor, optional)  spacing can be used to modify how the input tensors indices relate to sample coordinates. If spacing is a scalar then the indices are multiplied by the scalar to produce the coordinates. For example, if spacing=2 the indices (1, 2, 3) become coordinates (2, 4, 6). If spacing is a list of scalars then the corresponding indices are multiplied. For example, if spacing=(2, -1, 3) the indices (1, 2, 3) become coordinates (2, -2, 9). Finally, if spacing is a list of one-dimensional tensors then each tensor specifies the coordinates for the corresponding dimension. For example, if the indices are (1, 2, 3) and the tensors are (t0, t1, t2), then the coordinates are (t0[1], t1[2], t2[3])
scalar
list of scalar
list of Tensor
spacing=2
spacing=(2, -1, 3)
dim (int, list of int, optional)  the dimension or dimensions to approximate the gradient over. By default the partial gradient in every dimension is computed. Note that when dim is specified the elements of the spacing argument must correspond with the specified dims.
int
list of int
dim
edge_order (int, optional)  1 or 2, for first-order or second-order estimation of the boundary (edge) values, respectively. Note that when edge_order is specified, each dimension size of input should be at least edge_order+1
edge_order
Examples:
>>> # Estimates the gradient of f(x)=x^2 at points [-2, -1, 2, 4] >>> coordinates = (torch.tensor([-2., -1., 1., 4.]),) >>> values = torch.tensor([4., 1., 1., 16.], ) >>> torch.gradient(values, spacing = coordinates) (tensor([-3., -2., 2., 5.]),) >>> # Estimates the gradient of the R^2 -> R function whose samples are >>> # described by the tensor t. Implicit coordinates are [0, 1] for the outermost >>> # dimension and [0, 1, 2, 3] for the innermost dimension, and function estimates >>> # partial derivative for both dimensions. >>> t = torch.tensor([[1, 2, 4, 8], [10, 20, 40, 80]]) >>> torch.gradient(t) (tensor([[ 9., 18., 36., 72.], [ 9., 18., 36., 72.]]), tensor([[ 1.0000, 1.5000, 3.0000, 4.0000], [10.0000, 15.0000, 30.0000, 40.0000]])) >>> # A scalar value for spacing modifies the relationship between tensor indices >>> # and input coordinates by multiplying the indices to find the >>> # coordinates. For example, below the indices of the innermost >>> # 0, 1, 2, 3 translate to coordinates of [0, 2, 4, 6], and the indices of >>> # the outermost dimension 0, 1 translate to coordinates of [0, 2]. >>> torch.gradient(t, spacing = 2.0) # dim = None (implicitly [0, 1]) (tensor([[ 4.5000, 9.0000, 18.0000, 36.0000], [ 4.5000, 9.0000, 18.0000, 36.0000]]), tensor([[ 0.5000, 0.7500, 1.5000, 2.0000], [ 5.0000, 7.5000, 15.0000, 20.0000]])) >>> # doubling the spacing between samples halves the estimated partial gradients. >>> >>> # Estimates only the partial derivative for dimension 1 >>> torch.gradient(t, dim = 1) # spacing = None (implicitly 1.) (tensor([[ 1.0000, 1.5000, 3.0000, 4.0000], [10.0000, 15.0000, 30.0000, 40.0000]]),) >>> # When spacing is a list of scalars, the relationship between the tensor >>> # indices and input coordinates changes based on dimension. >>> # For example, below, the indices of the innermost dimension 0, 1, 2, 3 translate >>> # to coordinates of [0, 3, 6, 9], and the indices of the outermost dimension >>> # 0, 1 translate to coordinates of [0, 2]. >>> torch.gradient(t, spacing = [3., 2.]) (tensor([[ 4.5000, 9.0000, 18.0000, 36.0000], [ 4.5000, 9.0000, 18.0000, 36.0000]]), tensor([[ 0.3333, 0.5000, 1.0000, 1.3333], [ 3.3333, 5.0000, 10.0000, 13.3333]])) >>> # The following example is a replication of the previous one with explicit >>> # coordinates. >>> coords = (torch.tensor([0, 2]), torch.tensor([0, 3, 6, 9])) >>> torch.gradient(t, spacing = coords) (tensor([[ 4.5000, 9.0000, 18.0000, 36.0000], [ 4.5000, 9.0000, 18.0000, 36.0000]]), tensor([[ 0.3333, 0.5000, 1.0000, 1.3333], [ 3.3333, 5.0000, 10.0000, 13.3333]]))"

For the api torch.gradient, provide a signature of the api as a dictionary. Here are the specifications:
- The dictionary should have three keys: 
    - `args` for positional arguments (parameters). The value should be a dictionary with names of the parameters as the key (e.g. "input"). The values should be the type of argument it accepts.
    - `kwargs` for keyword arguments. The value should be a dictinary similar to the one above.
    - `inner` for apis that are callable modules i.e. they return a function that can be called with more parameters. This will contain the signature required to call the function returned by the api. This value should be another dictionary with `args` and `kwargs` if the api is a callable module. Otherwise, keep this dictionary empty (i.e. do not include the `args` or `kwargs` keys). This api likely does not return a function, check if that is true. If so, `inner` should be empty. Otherwise add the signature for the inner call.
- **IMPORTANT** The types of each parameter can only be (strictly) one of the following options:
    - "tensor"
    - "tensor_list"
    - "integer"
    - "float"
    - "boolean"
    - "string"
    - "dtype"
    - "list"
    - "tuple"
- Choose the value that most closely matches with the argument type. For example, change IntTensor or FloatTensor type arguments to "tensor", change "Numbers" to "float" etc.
- If you are confused about a type, choose the best one and add a small comment on what you think should have been there instead.
- Do not add the argument "device".
- If a parameter name starts with an underscore `_` and/or the document does not describe the parameter (i.e. internal parameters), skip including the parameter in the signature.
- If the api has multiple signatures, add both with a prefix to the dictionary key enumerating the count (e.g. `"torch.gradient_1"`, `"torch.gradient_2"` etc). Same goes for argument types, if an argument can be of multiple types (e.g. tuples and integers), create new signatures for each possible type with same prefixes as mentioned before.
- **IMPORTANT** Assume I already have a dictionary called `signatures` (you don't have to initialize it). Provide the output as assigning the signature to the entry of the `signatures` dictionary. 

Examples:

```python
signatures["torch.scatter_add"] = {
    "args": {
        "input": "tensor",
        "dim": "integer",
        "index": "tensor",
        "src": "tensor"
    },
    "kwargs": {},
    "inner": {},
}
signatures["torch.add"] = {
    "args": {
        "input": "tensor",
        "other": "tensor"
    },
    "kwargs": {
        "alpha": "float",
        "out": "tensor"
    },
    "inner": {},
}
signatures["torch.nn.ReflectionPad1d_1"] = {
    "args": {
        "padding": "integer"
    },
    "kwargs": {},
    "inner": {
        "args": {
            "input": "tensor",
            "other": "tensor"
        },
        "kwargs": {}
    }
}
signatures["torch.nn.ReflectionPad1d_2"] = {
    "args": {
        "padding": "tuple"
    },
    "kwargs": {},
    "inner": {
        "args": {
            "input": "tensor",
            "other": "tensor"
        },
        "kwargs": {}
    }
}
```


- Only provide the code, skip any other text. Do not include verbose comments inside code other than short comments about confusion. Do not make any system calls within the code. Do not break any dependencies.


HTTP Request: POST http://127.0.0.1:8080/v1/chat/completions "HTTP/1.1 200 OK"
[Response]

```python
signatures["torch.gradient"] = {
    "args": {
        "input": "tensor"
    },
    "kwargs": {
        "spacing": "tensor_list",
        "dim": "integer",
        "edge_order": "integer"
    },
    "inner": {}
}
```


[Usage]

Token usage: input=5419, output=63, total=5482


[Prompt]

This is the documentation for the function torch.nn.BCEWithLogitsLoss:

"class torch.nn.BCEWithLogitsLoss(weight=None, size_average=None, reduce=None, reduction='mean', pos_weight=None)[source]#
This loss combines a Sigmoid layer and the BCELoss in one single class. This version is more numerically stable than using a plain Sigmoid followed by a BCELoss as, by combining the operations into one layer, we take advantage of the log-sum-exp trick for numerical stability. The unreduced (i.e. with reduction set to 'none') loss can be described as: (x,y)=L={l1,,lN},ln=wn[ynlog(xn)+(1yn)log(1(xn))],\ell(x, y) = L = \{l_1,\dots,l_N\}^\top, \quad l_n = - w_n \left[ y_n \cdot \log \sigma(x_n) + (1 - y_n) \cdot \log (1 - \sigma(x_n)) \right], (x,y)=L={l1,,lN},ln=wn[ynlog(xn)+(1yn)log(1(xn))],where NNN is the batch size. If reduction is not 'none' (default 'mean'), then (x,y)={mean(L),if reduction=mean;sum(L),if reduction=sum.\ell(x, y) = \begin{cases} \operatorname{mean}(L), & \text{if reduction} = \text{`mean';}\\ \operatorname{sum}(L), & \text{if reduction} = \text{`sum'.} \end{cases} (x,y)={mean(L),sum(L),if reduction=mean;if reduction=sum.This is used for measuring the error of a reconstruction in for example an auto-encoder. Note that the targets t[i] should be numbers between 0 and 1. Its possible to trade off recall and precision by adding weights to positive examples. In the case of multi-label classification the loss can be described as: c(x,y)=Lc={l1,c,,lN,c},ln,c=wn,c[pcyn,clog(xn,c)+(1yn,c)log(1(xn,c))],\ell_c(x, y) = L_c = \{l_{1,c},\dots,l_{N,c}\}^\top, \quad l_{n,c} = - w_{n,c} \left[ p_c y_{n,c} \cdot \log \sigma(x_{n,c}) + (1 - y_{n,c}) \cdot \log (1 - \sigma(x_{n,c})) \right], c(x,y)=Lc={l1,c,,lN,c},ln,c=wn,c[pcyn,clog(xn,c)+(1yn,c)log(1(xn,c))],where ccc is the class number (c>1c > 1c>1 for multi-label binary classification, c=1c = 1c=1 for single-label binary classification), nnn is the number of the sample in the batch and pcp_cpc is the weight of the positive answer for the class ccc. pc>1p_c > 1pc>1 increases the recall, pc<1p_c < 1pc<1 increases the precision. For example, if a dataset contains 100 positive and 300 negative examples of a single class, then pos_weight for the class should be equal to 300100=3\frac{300}{100}=3100300=3. The loss would act as if the dataset contains 3100=3003\times 100=3003100=300 positive examples. Examples >>> target = torch.ones([10, 64], dtype=torch.float32) # 64 classes, batch size = 10 >>> output = torch.full([10, 64], 1.5) # A prediction (logit) >>> pos_weight = torch.ones([64]) # All weights are equal to 1 >>> criterion = torch.nn.BCEWithLogitsLoss(pos_weight=pos_weight) >>> criterion(output, target) # -log(sigmoid(1.5)) tensor(0.20...) In the above example, the pos_weight tensors elements correspond to the 64 distinct classes in a multi-label binary classification scenario. Each element in pos_weight is designed to adjust the loss function based on the imbalance between negative and positive samples for the respective class. This approach is useful in datasets with varying levels of class imbalance, ensuring that the loss calculation accurately accounts for the distribution in each class. Parameters weight (Tensor, optional)  a manual rescaling weight given to the loss of each batch element. If given, has to be a Tensor of size nbatch. size_average (bool, optional)  Deprecated (see reduction). By default, the losses are averaged over each loss element in the batch. Note that for some losses, there are multiple elements per sample. If the field size_average is set to False, the losses are instead summed for each minibatch. Ignored when reduce is False. Default: True reduce (bool, optional)  Deprecated (see reduction). By default, the losses are averaged or summed over observations for each minibatch depending on size_average. When reduce is False, returns a loss per batch element instead and ignores size_average. Default: True reduction (str, optional)  Specifies the reduction to apply to the output: 'none' | 'mean' | 'sum'. 'none': no reduction will be applied, 'mean': the sum of the output will be divided by the number of elements in the output, 'sum': the output will be summed. Note: size_average and reduce are in the process of being deprecated, and in the meantime, specifying either of those two args will override reduction. Default: 'mean' pos_weight (Tensor, optional)  a weight of positive examples to be broadcasted with target. Must be a tensor with equal size along the class dimension to the number of classes. Pay close attention to PyTorchs broadcasting semantics in order to achieve the desired operations. For a target of size [B, C, H, W] (where B is batch size) pos_weight of size [B, C, H, W] will apply different pos_weights to each element of the batch or [C, H, W] the same pos_weights across the batch. To apply the same positive weight along all spatial dimensions for a 2D multi-class target [C, H, W] use: [C, 1, 1]. Default: None Shape: Input: ()(*)(), where * means any number of dimensions. Target: ()(*)(), same shape as the input. Output: scalar. If reduction is 'none', then ()(*)(), same shape as input. Examples >>> loss = nn.BCEWithLogitsLoss() >>> input = torch.randn(3, requires_grad=True) >>> target = torch.empty(3).random_(2) >>> output = loss(input, target) >>> output.backward() forward(input, target)[source]# Runs the forward pass. Return type Tensor
This loss combines a Sigmoid layer and the BCELoss in one single class. This version is more numerically stable than using a plain Sigmoid followed by a BCELoss as, by combining the operations into one layer, we take advantage of the log-sum-exp trick for numerical stability.
The unreduced (i.e. with reduction set to 'none') loss can be described as:
reduction
'none'
where NNN is the batch size. If reduction is not 'none' (default 'mean'), then
'mean'
This is used for measuring the error of a reconstruction in for example an auto-encoder. Note that the targets t[i] should be numbers between 0 and 1.
Its possible to trade off recall and precision by adding weights to positive examples. In the case of multi-label classification the loss can be described as:
where ccc is the class number (c>1c > 1c>1 for multi-label binary classification, c=1c = 1c=1 for single-label binary classification), nnn is the number of the sample in the batch and pcp_cpc is the weight of the positive answer for the class ccc.
pc>1p_c > 1pc>1 increases the recall, pc<1p_c < 1pc<1 increases the precision.
For example, if a dataset contains 100 positive and 300 negative examples of a single class, then pos_weight for the class should be equal to 300100=3\frac{300}{100}=3100300=3. The loss would act as if the dataset contains 3100=3003\times 100=3003100=300 positive examples.
pos_weight
Examples
>>> target = torch.ones([10, 64], dtype=torch.float32) # 64 classes, batch size = 10 >>> output = torch.full([10, 64], 1.5) # A prediction (logit) >>> pos_weight = torch.ones([64]) # All weights are equal to 1 >>> criterion = torch.nn.BCEWithLogitsLoss(pos_weight=pos_weight) >>> criterion(output, target) # -log(sigmoid(1.5)) tensor(0.20...)
In the above example, the pos_weight tensors elements correspond to the 64 distinct classes in a multi-label binary classification scenario. Each element in pos_weight is designed to adjust the loss function based on the imbalance between negative and positive samples for the respective class. This approach is useful in datasets with varying levels of class imbalance, ensuring that the loss calculation accurately accounts for the distribution in each class.
Parameters
weight (Tensor, optional)  a manual rescaling weight given to the loss of each batch element. If given, has to be a Tensor of size nbatch. size_average (bool, optional)  Deprecated (see reduction). By default, the losses are averaged over each loss element in the batch. Note that for some losses, there are multiple elements per sample. If the field size_average is set to False, the losses are instead summed for each minibatch. Ignored when reduce is False. Default: True reduce (bool, optional)  Deprecated (see reduction). By default, the losses are averaged or summed over observations for each minibatch depending on size_average. When reduce is False, returns a loss per batch element instead and ignores size_average. Default: True reduction (str, optional)  Specifies the reduction to apply to the output: 'none' | 'mean' | 'sum'. 'none': no reduction will be applied, 'mean': the sum of the output will be divided by the number of elements in the output, 'sum': the output will be summed. Note: size_average and reduce are in the process of being deprecated, and in the meantime, specifying either of those two args will override reduction. Default: 'mean' pos_weight (Tensor, optional)  a weight of positive examples to be broadcasted with target. Must be a tensor with equal size along the class dimension to the number of classes. Pay close attention to PyTorchs broadcasting semantics in order to achieve the desired operations. For a target of size [B, C, H, W] (where B is batch size) pos_weight of size [B, C, H, W] will apply different pos_weights to each element of the batch or [C, H, W] the same pos_weights across the batch. To apply the same positive weight along all spatial dimensions for a 2D multi-class target [C, H, W] use: [C, 1, 1]. Default: None
weight (Tensor, optional)  a manual rescaling weight given to the loss of each batch element. If given, has to be a Tensor of size nbatch.
size_average (bool, optional)  Deprecated (see reduction). By default, the losses are averaged over each loss element in the batch. Note that for some losses, there are multiple elements per sample. If the field size_average is set to False, the losses are instead summed for each minibatch. Ignored when reduce is False. Default: True
size_average
False
reduce
True
reduce (bool, optional)  Deprecated (see reduction). By default, the losses are averaged or summed over observations for each minibatch depending on size_average. When reduce is False, returns a loss per batch element instead and ignores size_average. Default: True
reduction (str, optional)  Specifies the reduction to apply to the output: 'none' | 'mean' | 'sum'. 'none': no reduction will be applied, 'mean': the sum of the output will be divided by the number of elements in the output, 'sum': the output will be summed. Note: size_average and reduce are in the process of being deprecated, and in the meantime, specifying either of those two args will override reduction. Default: 'mean'
'sum'
pos_weight (Tensor, optional)  a weight of positive examples to be broadcasted with target. Must be a tensor with equal size along the class dimension to the number of classes. Pay close attention to PyTorchs broadcasting semantics in order to achieve the desired operations. For a target of size [B, C, H, W] (where B is batch size) pos_weight of size [B, C, H, W] will apply different pos_weights to each element of the batch or [C, H, W] the same pos_weights across the batch. To apply the same positive weight along all spatial dimensions for a 2D multi-class target [C, H, W] use: [C, 1, 1]. Default: None
None
Shape:
Input: ()(*)(), where * means any number of dimensions. Target: ()(*)(), same shape as the input. Output: scalar. If reduction is 'none', then ()(*)(), same shape as input.
Input: ()(*)(), where * means any number of dimensions.
Target: ()(*)(), same shape as the input.
Output: scalar. If reduction is 'none', then ()(*)(), same shape as input.
>>> loss = nn.BCEWithLogitsLoss() >>> input = torch.randn(3, requires_grad=True) >>> target = torch.empty(3).random_(2) >>> output = loss(input, target) >>> output.backward()
forward(input, target)[source]#
Runs the forward pass. Return type Tensor
Runs the forward pass.
Return type
Tensor"

For the api torch.nn.BCEWithLogitsLoss, provide a signature of the api as a dictionary. Here are the specifications:
- The dictionary should have three keys: 
    - `args` for positional arguments (parameters). The value should be a dictionary with names of the parameters as the key (e.g. "input"). The values should be the type of argument it accepts.
    - `kwargs` for keyword arguments. The value should be a dictinary similar to the one above.
    - `inner` for apis that are callable modules i.e. they return a function that can be called with more parameters. This will contain the signature required to call the function returned by the api. This value should be another dictionary with `args` and `kwargs` if the api is a callable module. Otherwise, keep this dictionary empty (i.e. do not include the `args` or `kwargs` keys). This api likely returns a function, look for the parameters that can be passed to the function returned by this api. Hint: very often this information can be found under the "Shape:" section of the documentation.
- **IMPORTANT** The types of each parameter can only be (strictly) one of the following options:
    - "tensor"
    - "tensor_list"
    - "integer"
    - "float"
    - "boolean"
    - "string"
    - "dtype"
    - "list"
    - "tuple"
- Choose the value that most closely matches with the argument type. For example, change IntTensor or FloatTensor type arguments to "tensor", change "Numbers" to "float" etc.
- If you are confused about a type, choose the best one and add a small comment on what you think should have been there instead.
- Do not add the argument "device".
- If a parameter name starts with an underscore `_` and/or the document does not describe the parameter (i.e. internal parameters), skip including the parameter in the signature.
- If the api has multiple signatures, add both with a prefix to the dictionary key enumerating the count (e.g. `"torch.nn.BCEWithLogitsLoss_1"`, `"torch.nn.BCEWithLogitsLoss_2"` etc). Same goes for argument types, if an argument can be of multiple types (e.g. tuples and integers), create new signatures for each possible type with same prefixes as mentioned before.
- **IMPORTANT** Assume I already have a dictionary called `signatures` (you don't have to initialize it). Provide the output as assigning the signature to the entry of the `signatures` dictionary. 

Examples:

```python
signatures["torch.scatter_add"] = {
    "args": {
        "input": "tensor",
        "dim": "integer",
        "index": "tensor",
        "src": "tensor"
    },
    "kwargs": {},
    "inner": {},
}
signatures["torch.add"] = {
    "args": {
        "input": "tensor",
        "other": "tensor"
    },
    "kwargs": {
        "alpha": "float",
        "out": "tensor"
    },
    "inner": {},
}
signatures["torch.nn.ReflectionPad1d_1"] = {
    "args": {
        "padding": "integer"
    },
    "kwargs": {},
    "inner": {
        "args": {
            "input": "tensor",
            "other": "tensor"
        },
        "kwargs": {}
    }
}
signatures["torch.nn.ReflectionPad1d_2"] = {
    "args": {
        "padding": "tuple"
    },
    "kwargs": {},
    "inner": {
        "args": {
            "input": "tensor",
            "other": "tensor"
        },
        "kwargs": {}
    }
}
```


- Only provide the code, skip any other text. Do not include verbose comments inside code other than short comments about confusion. Do not make any system calls within the code. Do not break any dependencies.


HTTP Request: POST http://127.0.0.1:8080/v1/chat/completions "HTTP/1.1 200 OK"
[Response]

```python
signatures["torch.nn.BCEWithLogitsLoss_1"] = {
    "args": {
        "input": "tensor",
        "target": "tensor"
    },
    "kwargs": {
        "weight": "tensor",
        "size_average": "boolean",
        "reduce": "boolean",
        "reduction": "string",
        "pos_weight": "tensor"
    },
    "inner": {}
}
signatures["torch.nn.BCEWithLogitsLoss_2"] = {
    "args": {
        "input": "tensor",
        "target": "tensor"
    },
    "kwargs": {
        "weight": "tensor",
        "reduction": "string",
        "pos_weight": "tensor"
    },
    "inner": {}
}
```


[Usage]

Token usage: input=3943, output=166, total=4109


[Prompt]

For the api torch.lu_solve, provide a signature of the api as a dictionary. Here are the specifications:
- The dictionary should have three keys: 
    - `args` for positional arguments (parameters). The value should be a dictionary with names of the parameters as the key (e.g. "input"). The values should be the type of argument it accepts.
    - `kwargs` for keyword arguments. The value should be a dictinary similar to the one above.
    - `inner` for apis that are callable modules i.e. they return a function that can be called with more parameters. This will contain the signature required to call the function returned by the api. This value should be another dictionary with `args` and `kwargs` if the api is a callable module. Otherwise, keep this dictionary empty (i.e. do not include the `args` or `kwargs` keys). This api likely does not return a function, check if that is true. If so, `inner` should be empty. Otherwise add the signature for the inner call.
- **IMPORTANT** The types of each parameter can only be (strictly) one of the following options:
    - "tensor"
    - "tensor_list"
    - "integer"
    - "float"
    - "boolean"
    - "string"
    - "dtype"
    - "list"
    - "tuple"
- Choose the value that most closely matches with the argument type. For example, change IntTensor or FloatTensor type arguments to "tensor", change "Numbers" to "float" etc.
- If you are confused about a type, choose the best one and add a small comment on what you think should have been there instead.
- Do not add the argument "device".
- If a parameter name starts with an underscore `_` and/or the document does not describe the parameter (i.e. internal parameters), skip including the parameter in the signature.
- If the api has multiple signatures, add both with a prefix to the dictionary key enumerating the count (e.g. `"torch.lu_solve_1"`, `"torch.lu_solve_2"` etc). Same goes for argument types, if an argument can be of multiple types (e.g. tuples and integers), create new signatures for each possible type with same prefixes as mentioned before.
- **IMPORTANT** Assume I already have a dictionary called `signatures` (you don't have to initialize it). Provide the output as assigning the signature to the entry of the `signatures` dictionary. 

Examples:

```python
signatures["torch.scatter_add"] = {
    "args": {
        "input": "tensor",
        "dim": "integer",
        "index": "tensor",
        "src": "tensor"
    },
    "kwargs": {},
    "inner": {},
}
signatures["torch.add"] = {
    "args": {
        "input": "tensor",
        "other": "tensor"
    },
    "kwargs": {
        "alpha": "float",
        "out": "tensor"
    },
    "inner": {},
}
signatures["torch.nn.ReflectionPad1d_1"] = {
    "args": {
        "padding": "integer"
    },
    "kwargs": {},
    "inner": {
        "args": {
            "input": "tensor",
            "other": "tensor"
        },
        "kwargs": {}
    }
}
signatures["torch.nn.ReflectionPad1d_2"] = {
    "args": {
        "padding": "tuple"
    },
    "kwargs": {},
    "inner": {
        "args": {
            "input": "tensor",
            "other": "tensor"
        },
        "kwargs": {}
    }
}
```


- Only provide the code, skip any other text. Do not include verbose comments inside code other than short comments about confusion. Do not make any system calls within the code. Do not break any dependencies.


HTTP Request: POST http://127.0.0.1:8080/v1/chat/completions "HTTP/1.1 200 OK"
[Response]

signatures["torch.lu_solve"] = {
    "args": {
        "b": "tensor",
        "LU": "tensor"
    },
    "kwargs": {},
    "inner": {},
}


[Usage]

Token usage: input=816, output=42, total=858


[Prompt]

This is the documentation for the function torch.permute:

"torch.permute#
torch.permute(input, dims)  Tensor#
Returns a view of the original tensor input with its dimensions permuted. Parameters input (Tensor)  the input tensor. dims (tuple of int)  The desired ordering of dimensions Example >>> x = torch.randn(2, 3, 5) >>> x.size() torch.Size([2, 3, 5]) >>> torch.permute(x, (2, 0, 1)).size() torch.Size([5, 2, 3])
Returns a view of the original tensor input with its dimensions permuted.
input
Parameters
input (Tensor)  the input tensor. dims (tuple of int)  The desired ordering of dimensions
input (Tensor)  the input tensor.
dims (tuple of int)  The desired ordering of dimensions
Example
>>> x = torch.randn(2, 3, 5) >>> x.size() torch.Size([2, 3, 5]) >>> torch.permute(x, (2, 0, 1)).size() torch.Size([5, 2, 3])"

For the api torch.permute, provide a signature of the api as a dictionary. Here are the specifications:
- The dictionary should have three keys: 
    - `args` for positional arguments (parameters). The value should be a dictionary with names of the parameters as the key (e.g. "input"). The values should be the type of argument it accepts.
    - `kwargs` for keyword arguments. The value should be a dictinary similar to the one above.
    - `inner` for apis that are callable modules i.e. they return a function that can be called with more parameters. This will contain the signature required to call the function returned by the api. This value should be another dictionary with `args` and `kwargs` if the api is a callable module. Otherwise, keep this dictionary empty (i.e. do not include the `args` or `kwargs` keys). This api likely does not return a function, check if that is true. If so, `inner` should be empty. Otherwise add the signature for the inner call.
- **IMPORTANT** The types of each parameter can only be (strictly) one of the following options:
    - "tensor"
    - "tensor_list"
    - "integer"
    - "float"
    - "boolean"
    - "string"
    - "dtype"
    - "list"
    - "tuple"
- Choose the value that most closely matches with the argument type. For example, change IntTensor or FloatTensor type arguments to "tensor", change "Numbers" to "float" etc.
- If you are confused about a type, choose the best one and add a small comment on what you think should have been there instead.
- Do not add the argument "device".
- If a parameter name starts with an underscore `_` and/or the document does not describe the parameter (i.e. internal parameters), skip including the parameter in the signature.
- If the api has multiple signatures, add both with a prefix to the dictionary key enumerating the count (e.g. `"torch.permute_1"`, `"torch.permute_2"` etc). Same goes for argument types, if an argument can be of multiple types (e.g. tuples and integers), create new signatures for each possible type with same prefixes as mentioned before.
- **IMPORTANT** Assume I already have a dictionary called `signatures` (you don't have to initialize it). Provide the output as assigning the signature to the entry of the `signatures` dictionary. 

Examples:

```python
signatures["torch.scatter_add"] = {
    "args": {
        "input": "tensor",
        "dim": "integer",
        "index": "tensor",
        "src": "tensor"
    },
    "kwargs": {},
    "inner": {},
}
signatures["torch.add"] = {
    "args": {
        "input": "tensor",
        "other": "tensor"
    },
    "kwargs": {
        "alpha": "float",
        "out": "tensor"
    },
    "inner": {},
}
signatures["torch.nn.ReflectionPad1d_1"] = {
    "args": {
        "padding": "integer"
    },
    "kwargs": {},
    "inner": {
        "args": {
            "input": "tensor",
            "other": "tensor"
        },
        "kwargs": {}
    }
}
signatures["torch.nn.ReflectionPad1d_2"] = {
    "args": {
        "padding": "tuple"
    },
    "kwargs": {},
    "inner": {
        "args": {
            "input": "tensor",
            "other": "tensor"
        },
        "kwargs": {}
    }
}
```


- Only provide the code, skip any other text. Do not include verbose comments inside code other than short comments about confusion. Do not make any system calls within the code. Do not break any dependencies.


HTTP Request: POST http://127.0.0.1:8080/v1/chat/completions "HTTP/1.1 200 OK"
[Response]

```python
signatures["torch.permute"] = {
    "args": {
        "input": "tensor",
        "dims": "tuple"
    },
    "kwargs": {},
    "inner": {}
}
```


[Usage]

Token usage: input=1058, output=46, total=1104


[Prompt]

This is the documentation for the function torch.imag:

"torch.imag#
torch.imag(input)  Tensor#
Returns a new tensor containing imaginary values of the self tensor. The returned tensor and self share the same underlying storage. Warning imag() is only supported for tensors with complex dtypes. Parameters input (Tensor)  the input tensor. Example: >>> x=torch.randn(4, dtype=torch.cfloat) >>> x tensor([(0.3100+0.3553j), (-0.5445-0.7896j), (-1.6492-0.0633j), (-0.0638-0.8119j)]) >>> x.imag tensor([ 0.3553, -0.7896, -0.0633, -0.8119])
Returns a new tensor containing imaginary values of the self tensor. The returned tensor and self share the same underlying storage.
self
Warning
imag() is only supported for tensors with complex dtypes.
imag()
Parameters
input (Tensor)  the input tensor.
Example:
>>> x=torch.randn(4, dtype=torch.cfloat) >>> x tensor([(0.3100+0.3553j), (-0.5445-0.7896j), (-1.6492-0.0633j), (-0.0638-0.8119j)]) >>> x.imag tensor([ 0.3553, -0.7896, -0.0633, -0.8119])"

For the api torch.imag, provide a signature of the api as a dictionary. Here are the specifications:
- The dictionary should have three keys: 
    - `args` for positional arguments (parameters). The value should be a dictionary with names of the parameters as the key (e.g. "input"). The values should be the type of argument it accepts.
    - `kwargs` for keyword arguments. The value should be a dictinary similar to the one above.
    - `inner` for apis that are callable modules i.e. they return a function that can be called with more parameters. This will contain the signature required to call the function returned by the api. This value should be another dictionary with `args` and `kwargs` if the api is a callable module. Otherwise, keep this dictionary empty (i.e. do not include the `args` or `kwargs` keys). This api likely does not return a function, check if that is true. If so, `inner` should be empty. Otherwise add the signature for the inner call.
- **IMPORTANT** The types of each parameter can only be (strictly) one of the following options:
    - "tensor"
    - "tensor_list"
    - "integer"
    - "float"
    - "boolean"
    - "string"
    - "dtype"
    - "list"
    - "tuple"
- Choose the value that most closely matches with the argument type. For example, change IntTensor or FloatTensor type arguments to "tensor", change "Numbers" to "float" etc.
- If you are confused about a type, choose the best one and add a small comment on what you think should have been there instead.
- Do not add the argument "device".
- If a parameter name starts with an underscore `_` and/or the document does not describe the parameter (i.e. internal parameters), skip including the parameter in the signature.
- If the api has multiple signatures, add both with a prefix to the dictionary key enumerating the count (e.g. `"torch.imag_1"`, `"torch.imag_2"` etc). Same goes for argument types, if an argument can be of multiple types (e.g. tuples and integers), create new signatures for each possible type with same prefixes as mentioned before.
- **IMPORTANT** Assume I already have a dictionary called `signatures` (you don't have to initialize it). Provide the output as assigning the signature to the entry of the `signatures` dictionary. 

Examples:

```python
signatures["torch.scatter_add"] = {
    "args": {
        "input": "tensor",
        "dim": "integer",
        "index": "tensor",
        "src": "tensor"
    },
    "kwargs": {},
    "inner": {},
}
signatures["torch.add"] = {
    "args": {
        "input": "tensor",
        "other": "tensor"
    },
    "kwargs": {
        "alpha": "float",
        "out": "tensor"
    },
    "inner": {},
}
signatures["torch.nn.ReflectionPad1d_1"] = {
    "args": {
        "padding": "integer"
    },
    "kwargs": {},
    "inner": {
        "args": {
            "input": "tensor",
            "other": "tensor"
        },
        "kwargs": {}
    }
}
signatures["torch.nn.ReflectionPad1d_2"] = {
    "args": {
        "padding": "tuple"
    },
    "kwargs": {},
    "inner": {
        "args": {
            "input": "tensor",
            "other": "tensor"
        },
        "kwargs": {}
    }
}
```


- Only provide the code, skip any other text. Do not include verbose comments inside code other than short comments about confusion. Do not make any system calls within the code. Do not break any dependencies.


HTTP Request: POST http://127.0.0.1:8080/v1/chat/completions "HTTP/1.1 200 OK"
[Response]

signatures["torch.imag"] = {
    "args": {
        "input": "tensor"
    },
    "kwargs": {},
    "inner": {},
}


[Usage]

Token usage: input=1169, output=34, total=1203


[Prompt]

This is the documentation for the function torch.nn.MultiLabelMarginLoss:

"class torch.nn.MultiLabelMarginLoss(size_average=None, reduce=None, reduction='mean')[source]#
Creates a criterion that optimizes a multi-class multi-classification hinge loss (margin-based loss) between input xxx (a 2D mini-batch Tensor) and output yyy (which is a 2D Tensor of target class indices). For each sample in the mini-batch: loss(x,y)=ijmax(0,1(x[y[j]]x[i]))x.size(0)\text{loss}(x, y) = \sum_{ij}\frac{\max(0, 1 - (x[y[j]] - x[i]))}{\text{x.size}(0)} loss(x,y)=ijx.size(0)max(0,1(x[y[j]]x[i]))where x{0,  , x.size(0)1}x \in \left\{0, \; \cdots , \; \text{x.size}(0) - 1\right\}x{0,,x.size(0)1}, y{0,  , y.size(0)1}y \in \left\{0, \; \cdots , \; \text{y.size}(0) - 1\right\}y{0,,y.size(0)1}, 0y[j]x.size(0)10 \leq y[j] \leq \text{x.size}(0)-10y[j]x.size(0)1, and iy[j]i \neq y[j]i=y[j] for all iii and jjj. yyy and xxx must have the same size. The criterion only considers a contiguous block of non-negative targets that starts at the front. This allows for different samples to have variable amounts of target classes. Parameters size_average (bool, optional)  Deprecated (see reduction). By default, the losses are averaged over each loss element in the batch. Note that for some losses, there are multiple elements per sample. If the field size_average is set to False, the losses are instead summed for each minibatch. Ignored when reduce is False. Default: True reduce (bool, optional)  Deprecated (see reduction). By default, the losses are averaged or summed over observations for each minibatch depending on size_average. When reduce is False, returns a loss per batch element instead and ignores size_average. Default: True reduction (str, optional)  Specifies the reduction to apply to the output: 'none' | 'mean' | 'sum'. 'none': no reduction will be applied, 'mean': the sum of the output will be divided by the number of elements in the output, 'sum': the output will be summed. Note: size_average and reduce are in the process of being deprecated, and in the meantime, specifying either of those two args will override reduction. Default: 'mean' Shape: Input: (C)(C)(C) or (N,C)(N, C)(N,C) where N is the batch size and C is the number of classes. Target: (C)(C)(C) or (N,C)(N, C)(N,C), label targets padded by -1 ensuring same shape as the input. Output: scalar. If reduction is 'none', then (N)(N)(N). Examples >>> loss = nn.MultiLabelMarginLoss() >>> x = torch.FloatTensor([[0.1, 0.2, 0.4, 0.8]]) >>> # for target y, only consider labels 3 and 0, not after label -1 >>> y = torch.LongTensor([[3, 0, -1, 1]]) >>> # 0.25 * ((1-(0.1-0.2)) + (1-(0.1-0.4)) + (1-(0.8-0.2)) + (1-(0.8-0.4))) >>> loss(x, y) tensor(0.85...) forward(input, target)[source]# Runs the forward pass. Return type Tensor
Creates a criterion that optimizes a multi-class multi-classification hinge loss (margin-based loss) between input xxx (a 2D mini-batch Tensor) and output yyy (which is a 2D Tensor of target class indices). For each sample in the mini-batch:
where x{0,  , x.size(0)1}x \in \left\{0, \; \cdots , \; \text{x.size}(0) - 1\right\}x{0,,x.size(0)1}, y{0,  , y.size(0)1}y \in \left\{0, \; \cdots , \; \text{y.size}(0) - 1\right\}y{0,,y.size(0)1}, 0y[j]x.size(0)10 \leq y[j] \leq \text{x.size}(0)-10y[j]x.size(0)1, and iy[j]i \neq y[j]i=y[j] for all iii and jjj.
yyy and xxx must have the same size.
The criterion only considers a contiguous block of non-negative targets that starts at the front.
This allows for different samples to have variable amounts of target classes.
Parameters
size_average (bool, optional)  Deprecated (see reduction). By default, the losses are averaged over each loss element in the batch. Note that for some losses, there are multiple elements per sample. If the field size_average is set to False, the losses are instead summed for each minibatch. Ignored when reduce is False. Default: True reduce (bool, optional)  Deprecated (see reduction). By default, the losses are averaged or summed over observations for each minibatch depending on size_average. When reduce is False, returns a loss per batch element instead and ignores size_average. Default: True reduction (str, optional)  Specifies the reduction to apply to the output: 'none' | 'mean' | 'sum'. 'none': no reduction will be applied, 'mean': the sum of the output will be divided by the number of elements in the output, 'sum': the output will be summed. Note: size_average and reduce are in the process of being deprecated, and in the meantime, specifying either of those two args will override reduction. Default: 'mean'
size_average (bool, optional)  Deprecated (see reduction). By default, the losses are averaged over each loss element in the batch. Note that for some losses, there are multiple elements per sample. If the field size_average is set to False, the losses are instead summed for each minibatch. Ignored when reduce is False. Default: True
reduction
size_average
False
reduce
True
reduce (bool, optional)  Deprecated (see reduction). By default, the losses are averaged or summed over observations for each minibatch depending on size_average. When reduce is False, returns a loss per batch element instead and ignores size_average. Default: True
reduction (str, optional)  Specifies the reduction to apply to the output: 'none' | 'mean' | 'sum'. 'none': no reduction will be applied, 'mean': the sum of the output will be divided by the number of elements in the output, 'sum': the output will be summed. Note: size_average and reduce are in the process of being deprecated, and in the meantime, specifying either of those two args will override reduction. Default: 'mean'
'none'
'mean'
'sum'
Shape:
Input: (C)(C)(C) or (N,C)(N, C)(N,C) where N is the batch size and C is the number of classes. Target: (C)(C)(C) or (N,C)(N, C)(N,C), label targets padded by -1 ensuring same shape as the input. Output: scalar. If reduction is 'none', then (N)(N)(N).
Input: (C)(C)(C) or (N,C)(N, C)(N,C) where N is the batch size and C is the number of classes.
Target: (C)(C)(C) or (N,C)(N, C)(N,C), label targets padded by -1 ensuring same shape as the input.
Output: scalar. If reduction is 'none', then (N)(N)(N).
Examples
>>> loss = nn.MultiLabelMarginLoss() >>> x = torch.FloatTensor([[0.1, 0.2, 0.4, 0.8]]) >>> # for target y, only consider labels 3 and 0, not after label -1 >>> y = torch.LongTensor([[3, 0, -1, 1]]) >>> # 0.25 * ((1-(0.1-0.2)) + (1-(0.1-0.4)) + (1-(0.8-0.2)) + (1-(0.8-0.4))) >>> loss(x, y) tensor(0.85...)
forward(input, target)[source]#
Runs the forward pass. Return type Tensor
Runs the forward pass.
Return type
Tensor"

For the api torch.nn.MultiLabelMarginLoss, provide a signature of the api as a dictionary. Here are the specifications:
- The dictionary should have three keys: 
    - `args` for positional arguments (parameters). The value should be a dictionary with names of the parameters as the key (e.g. "input"). The values should be the type of argument it accepts.
    - `kwargs` for keyword arguments. The value should be a dictinary similar to the one above.
    - `inner` for apis that are callable modules i.e. they return a function that can be called with more parameters. This will contain the signature required to call the function returned by the api. This value should be another dictionary with `args` and `kwargs` if the api is a callable module. Otherwise, keep this dictionary empty (i.e. do not include the `args` or `kwargs` keys). This api likely returns a function, look for the parameters that can be passed to the function returned by this api. Hint: very often this information can be found under the "Shape:" section of the documentation.
- **IMPORTANT** The types of each parameter can only be (strictly) one of the following options:
    - "tensor"
    - "tensor_list"
    - "integer"
    - "float"
    - "boolean"
    - "string"
    - "dtype"
    - "list"
    - "tuple"
- Choose the value that most closely matches with the argument type. For example, change IntTensor or FloatTensor type arguments to "tensor", change "Numbers" to "float" etc.
- If you are confused about a type, choose the best one and add a small comment on what you think should have been there instead.
- Do not add the argument "device".
- If a parameter name starts with an underscore `_` and/or the document does not describe the parameter (i.e. internal parameters), skip including the parameter in the signature.
- If the api has multiple signatures, add both with a prefix to the dictionary key enumerating the count (e.g. `"torch.nn.MultiLabelMarginLoss_1"`, `"torch.nn.MultiLabelMarginLoss_2"` etc). Same goes for argument types, if an argument can be of multiple types (e.g. tuples and integers), create new signatures for each possible type with same prefixes as mentioned before.
- **IMPORTANT** Assume I already have a dictionary called `signatures` (you don't have to initialize it). Provide the output as assigning the signature to the entry of the `signatures` dictionary. 

Examples:

```python
signatures["torch.scatter_add"] = {
    "args": {
        "input": "tensor",
        "dim": "integer",
        "index": "tensor",
        "src": "tensor"
    },
    "kwargs": {},
    "inner": {},
}
signatures["torch.add"] = {
    "args": {
        "input": "tensor",
        "other": "tensor"
    },
    "kwargs": {
        "alpha": "float",
        "out": "tensor"
    },
    "inner": {},
}
signatures["torch.nn.ReflectionPad1d_1"] = {
    "args": {
        "padding": "integer"
    },
    "kwargs": {},
    "inner": {
        "args": {
            "input": "tensor",
            "other": "tensor"
        },
        "kwargs": {}
    }
}
signatures["torch.nn.ReflectionPad1d_2"] = {
    "args": {
        "padding": "tuple"
    },
    "kwargs": {},
    "inner": {
        "args": {
            "input": "tensor",
            "other": "tensor"
        },
        "kwargs": {}
    }
}
```


- Only provide the code, skip any other text. Do not include verbose comments inside code other than short comments about confusion. Do not make any system calls within the code. Do not break any dependencies.


HTTP Request: POST http://127.0.0.1:8080/v1/chat/completions "HTTP/1.1 200 OK"
[Response]

```python
signatures["torch.nn.MultiLabelMarginLoss"] = {
    "args": {
        "input": "tensor",
        "target": "tensor"
    },
    "kwargs": {
        "size_average": "boolean",
        "reduce": "boolean",
        "reduction": "string"
    },
    "inner": {}
}
```


[Usage]

Token usage: input=2780, output=74, total=2854


[Prompt]

This is the documentation for the function torch.argsort:

"torch.argsort#
torch.argsort(input, dim=-1, descending=False, *, stable=False)  Tensor#
Returns the indices that sort a tensor along a given dimension in ascending order by value. This is the second value returned by torch.sort(). See its documentation for the exact semantics of this method. If stable is True then the sorting routine becomes stable, preserving the order of equivalent elements. If False, the relative order of values which compare equal is not guaranteed. True is slower. Parameters input (Tensor)  the input tensor. dim (int, optional)  the dimension to sort along descending (bool, optional)  controls the sorting order (ascending or descending) Keyword Arguments stable (bool, optional)  controls the relative order of equivalent elements Example: >>> a = torch.randn(4, 4) >>> a tensor([[ 0.0785, 1.5267, -0.8521, 0.4065], [ 0.1598, 0.0788, -0.0745, -1.2700], [ 1.2208, 1.0722, -0.7064, 1.2564], [ 0.0669, -0.2318, -0.8229, -0.9280]]) >>> torch.argsort(a, dim=1) tensor([[2, 0, 3, 1], [3, 2, 1, 0], [2, 1, 0, 3], [3, 2, 1, 0]])
Returns the indices that sort a tensor along a given dimension in ascending order by value.
This is the second value returned by torch.sort(). See its documentation for the exact semantics of this method.
torch.sort()
If stable is True then the sorting routine becomes stable, preserving the order of equivalent elements. If False, the relative order of values which compare equal is not guaranteed. True is slower.
stable
True
False
Parameters
input (Tensor)  the input tensor. dim (int, optional)  the dimension to sort along descending (bool, optional)  controls the sorting order (ascending or descending)
input (Tensor)  the input tensor.
dim (int, optional)  the dimension to sort along
descending (bool, optional)  controls the sorting order (ascending or descending)
Keyword Arguments
stable (bool, optional)  controls the relative order of equivalent elements
Example:
>>> a = torch.randn(4, 4) >>> a tensor([[ 0.0785, 1.5267, -0.8521, 0.4065], [ 0.1598, 0.0788, -0.0745, -1.2700], [ 1.2208, 1.0722, -0.7064, 1.2564], [ 0.0669, -0.2318, -0.8229, -0.9280]]) >>> torch.argsort(a, dim=1) tensor([[2, 0, 3, 1], [3, 2, 1, 0], [2, 1, 0, 3], [3, 2, 1, 0]])"

For the api torch.argsort, provide a signature of the api as a dictionary. Here are the specifications:
- The dictionary should have three keys: 
    - `args` for positional arguments (parameters). The value should be a dictionary with names of the parameters as the key (e.g. "input"). The values should be the type of argument it accepts.
    - `kwargs` for keyword arguments. The value should be a dictinary similar to the one above.
    - `inner` for apis that are callable modules i.e. they return a function that can be called with more parameters. This will contain the signature required to call the function returned by the api. This value should be another dictionary with `args` and `kwargs` if the api is a callable module. Otherwise, keep this dictionary empty (i.e. do not include the `args` or `kwargs` keys). This api likely does not return a function, check if that is true. If so, `inner` should be empty. Otherwise add the signature for the inner call.
- **IMPORTANT** The types of each parameter can only be (strictly) one of the following options:
    - "tensor"
    - "tensor_list"
    - "integer"
    - "float"
    - "boolean"
    - "string"
    - "dtype"
    - "list"
    - "tuple"
- Choose the value that most closely matches with the argument type. For example, change IntTensor or FloatTensor type arguments to "tensor", change "Numbers" to "float" etc.
- If you are confused about a type, choose the best one and add a small comment on what you think should have been there instead.
- Do not add the argument "device".
- If a parameter name starts with an underscore `_` and/or the document does not describe the parameter (i.e. internal parameters), skip including the parameter in the signature.
- If the api has multiple signatures, add both with a prefix to the dictionary key enumerating the count (e.g. `"torch.argsort_1"`, `"torch.argsort_2"` etc). Same goes for argument types, if an argument can be of multiple types (e.g. tuples and integers), create new signatures for each possible type with same prefixes as mentioned before.
- **IMPORTANT** Assume I already have a dictionary called `signatures` (you don't have to initialize it). Provide the output as assigning the signature to the entry of the `signatures` dictionary. 

Examples:

```python
signatures["torch.scatter_add"] = {
    "args": {
        "input": "tensor",
        "dim": "integer",
        "index": "tensor",
        "src": "tensor"
    },
    "kwargs": {},
    "inner": {},
}
signatures["torch.add"] = {
    "args": {
        "input": "tensor",
        "other": "tensor"
    },
    "kwargs": {
        "alpha": "float",
        "out": "tensor"
    },
    "inner": {},
}
signatures["torch.nn.ReflectionPad1d_1"] = {
    "args": {
        "padding": "integer"
    },
    "kwargs": {},
    "inner": {
        "args": {
            "input": "tensor",
            "other": "tensor"
        },
        "kwargs": {}
    }
}
signatures["torch.nn.ReflectionPad1d_2"] = {
    "args": {
        "padding": "tuple"
    },
    "kwargs": {},
    "inner": {
        "args": {
            "input": "tensor",
            "other": "tensor"
        },
        "kwargs": {}
    }
}
```


- Only provide the code, skip any other text. Do not include verbose comments inside code other than short comments about confusion. Do not make any system calls within the code. Do not break any dependencies.


HTTP Request: POST http://127.0.0.1:8080/v1/chat/completions "HTTP/1.1 200 OK"
[Response]

```python
signatures["torch.argsort"] = {
    "args": {
        "input": "tensor",
        "dim": "integer"
    },
    "kwargs": {
        "descending": "boolean",
        "stable": "boolean"
    },
    "inner": {},
}
```


[Usage]

Token usage: input=1566, output=61, total=1627


[Prompt]

For the api torch.nn.functional.gumbel_softmax, provide a signature of the api as a dictionary. Here are the specifications:
- The dictionary should have three keys: 
    - `args` for positional arguments (parameters). The value should be a dictionary with names of the parameters as the key (e.g. "input"). The values should be the type of argument it accepts.
    - `kwargs` for keyword arguments. The value should be a dictinary similar to the one above.
    - `inner` for apis that are callable modules i.e. they return a function that can be called with more parameters. This will contain the signature required to call the function returned by the api. This value should be another dictionary with `args` and `kwargs` if the api is a callable module. Otherwise, keep this dictionary empty (i.e. do not include the `args` or `kwargs` keys). This api likely does not return a function, check if that is true. If so, `inner` should be empty. Otherwise add the signature for the inner call.
- **IMPORTANT** The types of each parameter can only be (strictly) one of the following options:
    - "tensor"
    - "tensor_list"
    - "integer"
    - "float"
    - "boolean"
    - "string"
    - "dtype"
    - "list"
    - "tuple"
- Choose the value that most closely matches with the argument type. For example, change IntTensor or FloatTensor type arguments to "tensor", change "Numbers" to "float" etc.
- If you are confused about a type, choose the best one and add a small comment on what you think should have been there instead.
- Do not add the argument "device".
- If a parameter name starts with an underscore `_` and/or the document does not describe the parameter (i.e. internal parameters), skip including the parameter in the signature.
- If the api has multiple signatures, add both with a prefix to the dictionary key enumerating the count (e.g. `"torch.nn.functional.gumbel_softmax_1"`, `"torch.nn.functional.gumbel_softmax_2"` etc). Same goes for argument types, if an argument can be of multiple types (e.g. tuples and integers), create new signatures for each possible type with same prefixes as mentioned before.
- **IMPORTANT** Assume I already have a dictionary called `signatures` (you don't have to initialize it). Provide the output as assigning the signature to the entry of the `signatures` dictionary. 

Examples:

```python
signatures["torch.scatter_add"] = {
    "args": {
        "input": "tensor",
        "dim": "integer",
        "index": "tensor",
        "src": "tensor"
    },
    "kwargs": {},
    "inner": {},
}
signatures["torch.add"] = {
    "args": {
        "input": "tensor",
        "other": "tensor"
    },
    "kwargs": {
        "alpha": "float",
        "out": "tensor"
    },
    "inner": {},
}
signatures["torch.nn.ReflectionPad1d_1"] = {
    "args": {
        "padding": "integer"
    },
    "kwargs": {},
    "inner": {
        "args": {
            "input": "tensor",
            "other": "tensor"
        },
        "kwargs": {}
    }
}
signatures["torch.nn.ReflectionPad1d_2"] = {
    "args": {
        "padding": "tuple"
    },
    "kwargs": {},
    "inner": {
        "args": {
            "input": "tensor",
            "other": "tensor"
        },
        "kwargs": {}
    }
}
```


- Only provide the code, skip any other text. Do not include verbose comments inside code other than short comments about confusion. Do not make any system calls within the code. Do not break any dependencies.


HTTP Request: POST http://127.0.0.1:8080/v1/chat/completions "HTTP/1.1 200 OK"
[Response]

signatures["torch.nn.functional.gumbel_softmax_1"] = {
    "args": {
        "input": "tensor",
        "tau": "float",
        "hard": "boolean"
    },
    "kwargs": {
        "dim": "integer",
        "keepdim": "boolean"
    },
    "inner": {},
}


[Usage]

Token usage: input=828, output=72, total=900


[Prompt]

For the api torch.special.erfc, provide a signature of the api as a dictionary. Here are the specifications:
- The dictionary should have three keys: 
    - `args` for positional arguments (parameters). The value should be a dictionary with names of the parameters as the key (e.g. "input"). The values should be the type of argument it accepts.
    - `kwargs` for keyword arguments. The value should be a dictinary similar to the one above.
    - `inner` for apis that are callable modules i.e. they return a function that can be called with more parameters. This will contain the signature required to call the function returned by the api. This value should be another dictionary with `args` and `kwargs` if the api is a callable module. Otherwise, keep this dictionary empty (i.e. do not include the `args` or `kwargs` keys). This api likely does not return a function, check if that is true. If so, `inner` should be empty. Otherwise add the signature for the inner call.
- **IMPORTANT** The types of each parameter can only be (strictly) one of the following options:
    - "tensor"
    - "tensor_list"
    - "integer"
    - "float"
    - "boolean"
    - "string"
    - "dtype"
    - "list"
    - "tuple"
- Choose the value that most closely matches with the argument type. For example, change IntTensor or FloatTensor type arguments to "tensor", change "Numbers" to "float" etc.
- If you are confused about a type, choose the best one and add a small comment on what you think should have been there instead.
- Do not add the argument "device".
- If a parameter name starts with an underscore `_` and/or the document does not describe the parameter (i.e. internal parameters), skip including the parameter in the signature.
- If the api has multiple signatures, add both with a prefix to the dictionary key enumerating the count (e.g. `"torch.special.erfc_1"`, `"torch.special.erfc_2"` etc). Same goes for argument types, if an argument can be of multiple types (e.g. tuples and integers), create new signatures for each possible type with same prefixes as mentioned before.
- **IMPORTANT** Assume I already have a dictionary called `signatures` (you don't have to initialize it). Provide the output as assigning the signature to the entry of the `signatures` dictionary. 

Examples:

```python
signatures["torch.scatter_add"] = {
    "args": {
        "input": "tensor",
        "dim": "integer",
        "index": "tensor",
        "src": "tensor"
    },
    "kwargs": {},
    "inner": {},
}
signatures["torch.add"] = {
    "args": {
        "input": "tensor",
        "other": "tensor"
    },
    "kwargs": {
        "alpha": "float",
        "out": "tensor"
    },
    "inner": {},
}
signatures["torch.nn.ReflectionPad1d_1"] = {
    "args": {
        "padding": "integer"
    },
    "kwargs": {},
    "inner": {
        "args": {
            "input": "tensor",
            "other": "tensor"
        },
        "kwargs": {}
    }
}
signatures["torch.nn.ReflectionPad1d_2"] = {
    "args": {
        "padding": "tuple"
    },
    "kwargs": {},
    "inner": {
        "args": {
            "input": "tensor",
            "other": "tensor"
        },
        "kwargs": {}
    }
}
```


- Only provide the code, skip any other text. Do not include verbose comments inside code other than short comments about confusion. Do not make any system calls within the code. Do not break any dependencies.


HTTP Request: POST http://127.0.0.1:8080/v1/chat/completions "HTTP/1.1 200 OK"
[Response]

signatures["torch.special.erfc"] = {
    "args": {
        "input": "tensor"
    },
    "kwargs": {},
    "inner": {},
}


[Usage]

Token usage: input=819, output=36, total=855


[Prompt]

This is the documentation for the function torch.nn.Softmin:

"class torch.nn.Softmin(dim=None)[source]#
Applies the Softmin function to an n-dimensional input Tensor. Rescales them so that the elements of the n-dimensional output Tensor lie in the range [0, 1] and sum to 1. Softmin is defined as: Softmin(xi)=exp(xi)jexp(xj)\text{Softmin}(x_{i}) = \frac{\exp(-x_i)}{\sum_j \exp(-x_j)} Softmin(xi)=jexp(xj)exp(xi) Shape: Input: ()(*)() where * means, any number of additional dimensions Output: ()(*)(), same shape as the input Parameters dim (int)  A dimension along which Softmin will be computed (so every slice along dim will sum to 1). Returns a Tensor of the same dimension and shape as the input, with values in the range [0, 1] Return type None Examples: >>> m = nn.Softmin(dim=1) >>> input = torch.randn(2, 3) >>> output = m(input) extra_repr()[source]# Return the extra representation of the module. Return type str forward(input)[source]# Runs the forward pass. Return type Tensor
Applies the Softmin function to an n-dimensional input Tensor.
Rescales them so that the elements of the n-dimensional output Tensor lie in the range [0, 1] and sum to 1.
Softmin is defined as:
Shape:
Input: ()(*)() where * means, any number of additional dimensions Output: ()(*)(), same shape as the input
Input: ()(*)() where * means, any number of additional dimensions
Output: ()(*)(), same shape as the input
Parameters
dim (int)  A dimension along which Softmin will be computed (so every slice along dim will sum to 1).
Returns
a Tensor of the same dimension and shape as the input, with values in the range [0, 1]
Return type
None
Examples:
>>> m = nn.Softmin(dim=1) >>> input = torch.randn(2, 3) >>> output = m(input)
extra_repr()[source]#
Return the extra representation of the module. Return type str
Return the extra representation of the module.
str
forward(input)[source]#
Runs the forward pass. Return type Tensor
Runs the forward pass.
Tensor"

For the api torch.nn.Softmin, provide a signature of the api as a dictionary. Here are the specifications:
- The dictionary should have three keys: 
    - `args` for positional arguments (parameters). The value should be a dictionary with names of the parameters as the key (e.g. "input"). The values should be the type of argument it accepts.
    - `kwargs` for keyword arguments. The value should be a dictinary similar to the one above.
    - `inner` for apis that are callable modules i.e. they return a function that can be called with more parameters. This will contain the signature required to call the function returned by the api. This value should be another dictionary with `args` and `kwargs` if the api is a callable module. Otherwise, keep this dictionary empty (i.e. do not include the `args` or `kwargs` keys). This api likely returns a function, look for the parameters that can be passed to the function returned by this api. Hint: very often this information can be found under the "Shape:" section of the documentation.
- **IMPORTANT** The types of each parameter can only be (strictly) one of the following options:
    - "tensor"
    - "tensor_list"
    - "integer"
    - "float"
    - "boolean"
    - "string"
    - "dtype"
    - "list"
    - "tuple"
- Choose the value that most closely matches with the argument type. For example, change IntTensor or FloatTensor type arguments to "tensor", change "Numbers" to "float" etc.
- If you are confused about a type, choose the best one and add a small comment on what you think should have been there instead.
- Do not add the argument "device".
- If a parameter name starts with an underscore `_` and/or the document does not describe the parameter (i.e. internal parameters), skip including the parameter in the signature.
- If the api has multiple signatures, add both with a prefix to the dictionary key enumerating the count (e.g. `"torch.nn.Softmin_1"`, `"torch.nn.Softmin_2"` etc). Same goes for argument types, if an argument can be of multiple types (e.g. tuples and integers), create new signatures for each possible type with same prefixes as mentioned before.
- **IMPORTANT** Assume I already have a dictionary called `signatures` (you don't have to initialize it). Provide the output as assigning the signature to the entry of the `signatures` dictionary. 

Examples:

```python
signatures["torch.scatter_add"] = {
    "args": {
        "input": "tensor",
        "dim": "integer",
        "index": "tensor",
        "src": "tensor"
    },
    "kwargs": {},
    "inner": {},
}
signatures["torch.add"] = {
    "args": {
        "input": "tensor",
        "other": "tensor"
    },
    "kwargs": {
        "alpha": "float",
        "out": "tensor"
    },
    "inner": {},
}
signatures["torch.nn.ReflectionPad1d_1"] = {
    "args": {
        "padding": "integer"
    },
    "kwargs": {},
    "inner": {
        "args": {
            "input": "tensor",
            "other": "tensor"
        },
        "kwargs": {}
    }
}
signatures["torch.nn.ReflectionPad1d_2"] = {
    "args": {
        "padding": "tuple"
    },
    "kwargs": {},
    "inner": {
        "args": {
            "input": "tensor",
            "other": "tensor"
        },
        "kwargs": {}
    }
}
```


- Only provide the code, skip any other text. Do not include verbose comments inside code other than short comments about confusion. Do not make any system calls within the code. Do not break any dependencies.


HTTP Request: POST http://127.0.0.1:8080/v1/chat/completions "HTTP/1.1 200 OK"
[Response]

signatures["torch.nn.Softmin"] = {
    "args": {
        "dim": "integer"
    },
    "kwargs": {},
    "inner": {
        "args": {
            "input": "tensor"
        },
        "kwargs": {}
    }
}


[Usage]

Token usage: input=1335, output=58, total=1393


[Prompt]

For the api torch.floor_divide, provide a signature of the api as a dictionary. Here are the specifications:
- The dictionary should have three keys: 
    - `args` for positional arguments (parameters). The value should be a dictionary with names of the parameters as the key (e.g. "input"). The values should be the type of argument it accepts.
    - `kwargs` for keyword arguments. The value should be a dictinary similar to the one above.
    - `inner` for apis that are callable modules i.e. they return a function that can be called with more parameters. This will contain the signature required to call the function returned by the api. This value should be another dictionary with `args` and `kwargs` if the api is a callable module. Otherwise, keep this dictionary empty (i.e. do not include the `args` or `kwargs` keys). This api likely does not return a function, check if that is true. If so, `inner` should be empty. Otherwise add the signature for the inner call.
- **IMPORTANT** The types of each parameter can only be (strictly) one of the following options:
    - "tensor"
    - "tensor_list"
    - "integer"
    - "float"
    - "boolean"
    - "string"
    - "dtype"
    - "list"
    - "tuple"
- Choose the value that most closely matches with the argument type. For example, change IntTensor or FloatTensor type arguments to "tensor", change "Numbers" to "float" etc.
- If you are confused about a type, choose the best one and add a small comment on what you think should have been there instead.
- Do not add the argument "device".
- If a parameter name starts with an underscore `_` and/or the document does not describe the parameter (i.e. internal parameters), skip including the parameter in the signature.
- If the api has multiple signatures, add both with a prefix to the dictionary key enumerating the count (e.g. `"torch.floor_divide_1"`, `"torch.floor_divide_2"` etc). Same goes for argument types, if an argument can be of multiple types (e.g. tuples and integers), create new signatures for each possible type with same prefixes as mentioned before.
- **IMPORTANT** Assume I already have a dictionary called `signatures` (you don't have to initialize it). Provide the output as assigning the signature to the entry of the `signatures` dictionary. 

Examples:

```python
signatures["torch.scatter_add"] = {
    "args": {
        "input": "tensor",
        "dim": "integer",
        "index": "tensor",
        "src": "tensor"
    },
    "kwargs": {},
    "inner": {},
}
signatures["torch.add"] = {
    "args": {
        "input": "tensor",
        "other": "tensor"
    },
    "kwargs": {
        "alpha": "float",
        "out": "tensor"
    },
    "inner": {},
}
signatures["torch.nn.ReflectionPad1d_1"] = {
    "args": {
        "padding": "integer"
    },
    "kwargs": {},
    "inner": {
        "args": {
            "input": "tensor",
            "other": "tensor"
        },
        "kwargs": {}
    }
}
signatures["torch.nn.ReflectionPad1d_2"] = {
    "args": {
        "padding": "tuple"
    },
    "kwargs": {},
    "inner": {
        "args": {
            "input": "tensor",
            "other": "tensor"
        },
        "kwargs": {}
    }
}
```


- Only provide the code, skip any other text. Do not include verbose comments inside code other than short comments about confusion. Do not make any system calls within the code. Do not break any dependencies.


HTTP Request: POST http://127.0.0.1:8080/v1/chat/completions "HTTP/1.1 200 OK"
[Response]

signatures["torch.floor_divide"] = {
    "args": {
        "input": "tensor",
        "other": "tensor"
    },
    "kwargs": {},
    "inner": {},
}


[Usage]

Token usage: input=819, output=43, total=862


[Prompt]

This is the documentation for the function torch.lcm:

"torch.lcm#
torch.lcm(input, other, *, out=None)  Tensor#
Computes the element-wise least common multiple (LCM) of input and other. Both input and other must have integer types. Note This defines lcm(0,0)=0lcm(0, 0) = 0lcm(0,0)=0 and lcm(0,a)=0lcm(0, a) = 0lcm(0,a)=0. Parameters input (Tensor)  the input tensor. other (Tensor)  the second input tensor Keyword Arguments out (Tensor, optional)  the output tensor. Example: >>> a = torch.tensor([5, 10, 15]) >>> b = torch.tensor([3, 4, 5]) >>> torch.lcm(a, b) tensor([15, 20, 15]) >>> c = torch.tensor([3]) >>> torch.lcm(a, c) tensor([15, 30, 15])
Computes the element-wise least common multiple (LCM) of input and other.
input
other
Both input and other must have integer types.
Note
This defines lcm(0,0)=0lcm(0, 0) = 0lcm(0,0)=0 and lcm(0,a)=0lcm(0, a) = 0lcm(0,a)=0.
Parameters
input (Tensor)  the input tensor. other (Tensor)  the second input tensor
input (Tensor)  the input tensor.
other (Tensor)  the second input tensor
Keyword Arguments
out (Tensor, optional)  the output tensor.
Example:
>>> a = torch.tensor([5, 10, 15]) >>> b = torch.tensor([3, 4, 5]) >>> torch.lcm(a, b) tensor([15, 20, 15]) >>> c = torch.tensor([3]) >>> torch.lcm(a, c) tensor([15, 30, 15])"

For the api torch.lcm, provide a signature of the api as a dictionary. Here are the specifications:
- The dictionary should have three keys: 
    - `args` for positional arguments (parameters). The value should be a dictionary with names of the parameters as the key (e.g. "input"). The values should be the type of argument it accepts.
    - `kwargs` for keyword arguments. The value should be a dictinary similar to the one above.
    - `inner` for apis that are callable modules i.e. they return a function that can be called with more parameters. This will contain the signature required to call the function returned by the api. This value should be another dictionary with `args` and `kwargs` if the api is a callable module. Otherwise, keep this dictionary empty (i.e. do not include the `args` or `kwargs` keys). This api likely does not return a function, check if that is true. If so, `inner` should be empty. Otherwise add the signature for the inner call.
- **IMPORTANT** The types of each parameter can only be (strictly) one of the following options:
    - "tensor"
    - "tensor_list"
    - "integer"
    - "float"
    - "boolean"
    - "string"
    - "dtype"
    - "list"
    - "tuple"
- Choose the value that most closely matches with the argument type. For example, change IntTensor or FloatTensor type arguments to "tensor", change "Numbers" to "float" etc.
- If you are confused about a type, choose the best one and add a small comment on what you think should have been there instead.
- Do not add the argument "device".
- If a parameter name starts with an underscore `_` and/or the document does not describe the parameter (i.e. internal parameters), skip including the parameter in the signature.
- If the api has multiple signatures, add both with a prefix to the dictionary key enumerating the count (e.g. `"torch.lcm_1"`, `"torch.lcm_2"` etc). Same goes for argument types, if an argument can be of multiple types (e.g. tuples and integers), create new signatures for each possible type with same prefixes as mentioned before.
- **IMPORTANT** Assume I already have a dictionary called `signatures` (you don't have to initialize it). Provide the output as assigning the signature to the entry of the `signatures` dictionary. 

Examples:

```python
signatures["torch.scatter_add"] = {
    "args": {
        "input": "tensor",
        "dim": "integer",
        "index": "tensor",
        "src": "tensor"
    },
    "kwargs": {},
    "inner": {},
}
signatures["torch.add"] = {
    "args": {
        "input": "tensor",
        "other": "tensor"
    },
    "kwargs": {
        "alpha": "float",
        "out": "tensor"
    },
    "inner": {},
}
signatures["torch.nn.ReflectionPad1d_1"] = {
    "args": {
        "padding": "integer"
    },
    "kwargs": {},
    "inner": {
        "args": {
            "input": "tensor",
            "other": "tensor"
        },
        "kwargs": {}
    }
}
signatures["torch.nn.ReflectionPad1d_2"] = {
    "args": {
        "padding": "tuple"
    },
    "kwargs": {},
    "inner": {
        "args": {
            "input": "tensor",
            "other": "tensor"
        },
        "kwargs": {}
    }
}
```


- Only provide the code, skip any other text. Do not include verbose comments inside code other than short comments about confusion. Do not make any system calls within the code. Do not break any dependencies.


HTTP Request: POST http://127.0.0.1:8080/v1/chat/completions "HTTP/1.1 200 OK"
[Response]

signatures["torch.lcm"] = {
    "args": {
        "input": "tensor",
        "other": "tensor"
    },
    "kwargs": {
        "out": "tensor"
    },
    "inner": {}
}


[Usage]

Token usage: input=1262, output=51, total=1313


[Prompt]

This is the documentation for the function torch.nn.MultiMarginLoss:

"class torch.nn.MultiMarginLoss(p=1, margin=1.0, weight=None, size_average=None, reduce=None, reduction='mean')[source]#
Creates a criterion that optimizes a multi-class classification hinge loss (margin-based loss) between input xxx (a 2D mini-batch Tensor) and output yyy (which is a 1D tensor of target class indices, 0yx.size(1)10 \leq y \leq \text{x.size}(1)-10yx.size(1)1): For each mini-batch sample, the loss in terms of the 1D input xxx and scalar output yyy is: loss(x,y)=imax(0,marginx[y]+x[i])px.size(0)\text{loss}(x, y) = \frac{\sum_i \max(0, \text{margin} - x[y] + x[i])^p}{\text{x.size}(0)} loss(x,y)=x.size(0)imax(0,marginx[y]+x[i])pwhere i{0,  , x.size(0)1}i \in \left\{0, \; \cdots , \; \text{x.size}(0) - 1\right\}i{0,,x.size(0)1} and iyi \neq yi=y. Optionally, you can give non-equal weighting on the classes by passing a 1D weight tensor into the constructor. The loss function then becomes: loss(x,y)=iw[y]max(0,marginx[y]+x[i])px.size(0)\text{loss}(x, y) = \frac{\sum_i w[y] * \max(0, \text{margin} - x[y] + x[i])^p}{\text{x.size}(0)} loss(x,y)=x.size(0)iw[y]max(0,marginx[y]+x[i])p Parameters p (int, optional)  Has a default value of 111. 111 and 222 are the only supported values. margin (float, optional)  Has a default value of 111. weight (Tensor, optional)  a manual rescaling weight given to each class. If given, it has to be a Tensor of size C. Otherwise, it is treated as if having all ones. size_average (bool, optional)  Deprecated (see reduction). By default, the losses are averaged over each loss element in the batch. Note that for some losses, there are multiple elements per sample. If the field size_average is set to False, the losses are instead summed for each minibatch. Ignored when reduce is False. Default: True reduce (bool, optional)  Deprecated (see reduction). By default, the losses are averaged or summed over observations for each minibatch depending on size_average. When reduce is False, returns a loss per batch element instead and ignores size_average. Default: True reduction (str, optional)  Specifies the reduction to apply to the output: 'none' | 'mean' | 'sum'. 'none': no reduction will be applied, 'mean': the sum of the output will be divided by the number of elements in the output, 'sum': the output will be summed. Note: size_average and reduce are in the process of being deprecated, and in the meantime, specifying either of those two args will override reduction. Default: 'mean' Shape: Input: (N,C)(N, C)(N,C) or (C)(C)(C), where NNN is the batch size and CCC is the number of classes. Target: (N)(N)(N) or ()()(), where each value is 0targets[i]C10 \leq \text{targets}[i] \leq C-10targets[i]C1. Output: scalar. If reduction is 'none', then same shape as the target. Examples >>> loss = nn.MultiMarginLoss() >>> x = torch.tensor([[0.1, 0.2, 0.4, 0.8]]) >>> y = torch.tensor([3]) >>> # 0.25 * ((1-(0.8-0.1)) + (1-(0.8-0.2)) + (1-(0.8-0.4))) >>> loss(x, y) tensor(0.32...) forward(input, target)[source]# Runs the forward pass. Return type Tensor
Creates a criterion that optimizes a multi-class classification hinge loss (margin-based loss) between input xxx (a 2D mini-batch Tensor) and output yyy (which is a 1D tensor of target class indices, 0yx.size(1)10 \leq y \leq \text{x.size}(1)-10yx.size(1)1):
For each mini-batch sample, the loss in terms of the 1D input xxx and scalar output yyy is:
where i{0,  , x.size(0)1}i \in \left\{0, \; \cdots , \; \text{x.size}(0) - 1\right\}i{0,,x.size(0)1} and iyi \neq yi=y.
Optionally, you can give non-equal weighting on the classes by passing a 1D weight tensor into the constructor.
weight
The loss function then becomes:
Parameters
p (int, optional)  Has a default value of 111. 111 and 222 are the only supported values. margin (float, optional)  Has a default value of 111. weight (Tensor, optional)  a manual rescaling weight given to each class. If given, it has to be a Tensor of size C. Otherwise, it is treated as if having all ones. size_average (bool, optional)  Deprecated (see reduction). By default, the losses are averaged over each loss element in the batch. Note that for some losses, there are multiple elements per sample. If the field size_average is set to False, the losses are instead summed for each minibatch. Ignored when reduce is False. Default: True reduce (bool, optional)  Deprecated (see reduction). By default, the losses are averaged or summed over observations for each minibatch depending on size_average. When reduce is False, returns a loss per batch element instead and ignores size_average. Default: True reduction (str, optional)  Specifies the reduction to apply to the output: 'none' | 'mean' | 'sum'. 'none': no reduction will be applied, 'mean': the sum of the output will be divided by the number of elements in the output, 'sum': the output will be summed. Note: size_average and reduce are in the process of being deprecated, and in the meantime, specifying either of those two args will override reduction. Default: 'mean'
p (int, optional)  Has a default value of 111. 111 and 222 are the only supported values.
margin (float, optional)  Has a default value of 111.
weight (Tensor, optional)  a manual rescaling weight given to each class. If given, it has to be a Tensor of size C. Otherwise, it is treated as if having all ones.
size_average (bool, optional)  Deprecated (see reduction). By default, the losses are averaged over each loss element in the batch. Note that for some losses, there are multiple elements per sample. If the field size_average is set to False, the losses are instead summed for each minibatch. Ignored when reduce is False. Default: True
reduction
size_average
False
reduce
True
reduce (bool, optional)  Deprecated (see reduction). By default, the losses are averaged or summed over observations for each minibatch depending on size_average. When reduce is False, returns a loss per batch element instead and ignores size_average. Default: True
reduction (str, optional)  Specifies the reduction to apply to the output: 'none' | 'mean' | 'sum'. 'none': no reduction will be applied, 'mean': the sum of the output will be divided by the number of elements in the output, 'sum': the output will be summed. Note: size_average and reduce are in the process of being deprecated, and in the meantime, specifying either of those two args will override reduction. Default: 'mean'
'none'
'mean'
'sum'
Shape:
Input: (N,C)(N, C)(N,C) or (C)(C)(C), where NNN is the batch size and CCC is the number of classes. Target: (N)(N)(N) or ()()(), where each value is 0targets[i]C10 \leq \text{targets}[i] \leq C-10targets[i]C1. Output: scalar. If reduction is 'none', then same shape as the target.
Input: (N,C)(N, C)(N,C) or (C)(C)(C), where NNN is the batch size and CCC is the number of classes.
Target: (N)(N)(N) or ()()(), where each value is 0targets[i]C10 \leq \text{targets}[i] \leq C-10targets[i]C1.
Output: scalar. If reduction is 'none', then same shape as the target.
Examples
>>> loss = nn.MultiMarginLoss() >>> x = torch.tensor([[0.1, 0.2, 0.4, 0.8]]) >>> y = torch.tensor([3]) >>> # 0.25 * ((1-(0.8-0.1)) + (1-(0.8-0.2)) + (1-(0.8-0.4))) >>> loss(x, y) tensor(0.32...)
forward(input, target)[source]#
Runs the forward pass. Return type Tensor
Runs the forward pass.
Return type
Tensor"

For the api torch.nn.MultiMarginLoss, provide a signature of the api as a dictionary. Here are the specifications:
- The dictionary should have three keys: 
    - `args` for positional arguments (parameters). The value should be a dictionary with names of the parameters as the key (e.g. "input"). The values should be the type of argument it accepts.
    - `kwargs` for keyword arguments. The value should be a dictinary similar to the one above.
    - `inner` for apis that are callable modules i.e. they return a function that can be called with more parameters. This will contain the signature required to call the function returned by the api. This value should be another dictionary with `args` and `kwargs` if the api is a callable module. Otherwise, keep this dictionary empty (i.e. do not include the `args` or `kwargs` keys). This api likely returns a function, look for the parameters that can be passed to the function returned by this api. Hint: very often this information can be found under the "Shape:" section of the documentation.
- **IMPORTANT** The types of each parameter can only be (strictly) one of the following options:
    - "tensor"
    - "tensor_list"
    - "integer"
    - "float"
    - "boolean"
    - "string"
    - "dtype"
    - "list"
    - "tuple"
- Choose the value that most closely matches with the argument type. For example, change IntTensor or FloatTensor type arguments to "tensor", change "Numbers" to "float" etc.
- If you are confused about a type, choose the best one and add a small comment on what you think should have been there instead.
- Do not add the argument "device".
- If a parameter name starts with an underscore `_` and/or the document does not describe the parameter (i.e. internal parameters), skip including the parameter in the signature.
- If the api has multiple signatures, add both with a prefix to the dictionary key enumerating the count (e.g. `"torch.nn.MultiMarginLoss_1"`, `"torch.nn.MultiMarginLoss_2"` etc). Same goes for argument types, if an argument can be of multiple types (e.g. tuples and integers), create new signatures for each possible type with same prefixes as mentioned before.
- **IMPORTANT** Assume I already have a dictionary called `signatures` (you don't have to initialize it). Provide the output as assigning the signature to the entry of the `signatures` dictionary. 

Examples:

```python
signatures["torch.scatter_add"] = {
    "args": {
        "input": "tensor",
        "dim": "integer",
        "index": "tensor",
        "src": "tensor"
    },
    "kwargs": {},
    "inner": {},
}
signatures["torch.add"] = {
    "args": {
        "input": "tensor",
        "other": "tensor"
    },
    "kwargs": {
        "alpha": "float",
        "out": "tensor"
    },
    "inner": {},
}
signatures["torch.nn.ReflectionPad1d_1"] = {
    "args": {
        "padding": "integer"
    },
    "kwargs": {},
    "inner": {
        "args": {
            "input": "tensor",
            "other": "tensor"
        },
        "kwargs": {}
    }
}
signatures["torch.nn.ReflectionPad1d_2"] = {
    "args": {
        "padding": "tuple"
    },
    "kwargs": {},
    "inner": {
        "args": {
            "input": "tensor",
            "other": "tensor"
        },
        "kwargs": {}
    }
}
```


- Only provide the code, skip any other text. Do not include verbose comments inside code other than short comments about confusion. Do not make any system calls within the code. Do not break any dependencies.


HTTP Request: POST http://127.0.0.1:8080/v1/chat/completions "HTTP/1.1 200 OK"
[Response]

signatures["torch.nn.MultiMarginLoss_1"] = {
    "args": {
        "input": "tensor",
        "target": "tensor"
    },
    "kwargs": {
        "p": "integer",
        "margin": "float",
        "weight": "tensor",
        "size_average": "boolean",
        "reduce": "boolean",
        "reduction": "string"
    },
    "inner": {}
}


[Usage]

Token usage: input=2964, output=92, total=3056


[Prompt]

This is the documentation for the function torch.equal:

"torch.equal#
torch.equal(input, other)  bool#
True if two tensors have the same size and elements, False otherwise. Note Tensors containing NaNs are never equal to each other. Additionally, this function does not differentiate between the data types of the tensors during comparison. For more thorough tensor checks, use torch.testing.assert_close(). Example: >>> torch.equal(torch.tensor([1, 2]), torch.tensor([1, 2])) True >>> torch.equal(torch.tensor([3, torch.nan]), torch.tensor([3, torch.nan])) False >>> torch.equal(torch.tensor([1, 2, 3], dtype=torch.int32), torch.tensor([1, 2, 3], dtype=torch.float32)) True
True if two tensors have the same size and elements, False otherwise.
True
False
Note
Tensors containing NaNs are never equal to each other. Additionally, this function does not differentiate between the data types of the tensors during comparison. For more thorough tensor checks, use torch.testing.assert_close().
torch.testing.assert_close()
Example:
>>> torch.equal(torch.tensor([1, 2]), torch.tensor([1, 2])) True >>> torch.equal(torch.tensor([3, torch.nan]), torch.tensor([3, torch.nan])) False >>> torch.equal(torch.tensor([1, 2, 3], dtype=torch.int32), torch.tensor([1, 2, 3], dtype=torch.float32)) True"

For the api torch.equal, provide a signature of the api as a dictionary. Here are the specifications:
- The dictionary should have three keys: 
    - `args` for positional arguments (parameters). The value should be a dictionary with names of the parameters as the key (e.g. "input"). The values should be the type of argument it accepts.
    - `kwargs` for keyword arguments. The value should be a dictinary similar to the one above.
    - `inner` for apis that are callable modules i.e. they return a function that can be called with more parameters. This will contain the signature required to call the function returned by the api. This value should be another dictionary with `args` and `kwargs` if the api is a callable module. Otherwise, keep this dictionary empty (i.e. do not include the `args` or `kwargs` keys). This api likely does not return a function, check if that is true. If so, `inner` should be empty. Otherwise add the signature for the inner call.
- **IMPORTANT** The types of each parameter can only be (strictly) one of the following options:
    - "tensor"
    - "tensor_list"
    - "integer"
    - "float"
    - "boolean"
    - "string"
    - "dtype"
    - "list"
    - "tuple"
- Choose the value that most closely matches with the argument type. For example, change IntTensor or FloatTensor type arguments to "tensor", change "Numbers" to "float" etc.
- If you are confused about a type, choose the best one and add a small comment on what you think should have been there instead.
- Do not add the argument "device".
- If a parameter name starts with an underscore `_` and/or the document does not describe the parameter (i.e. internal parameters), skip including the parameter in the signature.
- If the api has multiple signatures, add both with a prefix to the dictionary key enumerating the count (e.g. `"torch.equal_1"`, `"torch.equal_2"` etc). Same goes for argument types, if an argument can be of multiple types (e.g. tuples and integers), create new signatures for each possible type with same prefixes as mentioned before.
- **IMPORTANT** Assume I already have a dictionary called `signatures` (you don't have to initialize it). Provide the output as assigning the signature to the entry of the `signatures` dictionary. 

Examples:

```python
signatures["torch.scatter_add"] = {
    "args": {
        "input": "tensor",
        "dim": "integer",
        "index": "tensor",
        "src": "tensor"
    },
    "kwargs": {},
    "inner": {},
}
signatures["torch.add"] = {
    "args": {
        "input": "tensor",
        "other": "tensor"
    },
    "kwargs": {
        "alpha": "float",
        "out": "tensor"
    },
    "inner": {},
}
signatures["torch.nn.ReflectionPad1d_1"] = {
    "args": {
        "padding": "integer"
    },
    "kwargs": {},
    "inner": {
        "args": {
            "input": "tensor",
            "other": "tensor"
        },
        "kwargs": {}
    }
}
signatures["torch.nn.ReflectionPad1d_2"] = {
    "args": {
        "padding": "tuple"
    },
    "kwargs": {},
    "inner": {
        "args": {
            "input": "tensor",
            "other": "tensor"
        },
        "kwargs": {}
    }
}
```


- Only provide the code, skip any other text. Do not include verbose comments inside code other than short comments about confusion. Do not make any system calls within the code. Do not break any dependencies.


HTTP Request: POST http://127.0.0.1:8080/v1/chat/completions "HTTP/1.1 200 OK"
[Response]

signatures["torch.equal"] = {
    "args": {
        "input": "tensor",
        "other": "tensor"
    },
    "kwargs": {},
    "inner": {},
}


[Usage]

Token usage: input=1120, output=41, total=1161


[Prompt]

For the api torch.lu_unpack, provide a signature of the api as a dictionary. Here are the specifications:
- The dictionary should have three keys: 
    - `args` for positional arguments (parameters). The value should be a dictionary with names of the parameters as the key (e.g. "input"). The values should be the type of argument it accepts.
    - `kwargs` for keyword arguments. The value should be a dictinary similar to the one above.
    - `inner` for apis that are callable modules i.e. they return a function that can be called with more parameters. This will contain the signature required to call the function returned by the api. This value should be another dictionary with `args` and `kwargs` if the api is a callable module. Otherwise, keep this dictionary empty (i.e. do not include the `args` or `kwargs` keys). This api likely does not return a function, check if that is true. If so, `inner` should be empty. Otherwise add the signature for the inner call.
- **IMPORTANT** The types of each parameter can only be (strictly) one of the following options:
    - "tensor"
    - "tensor_list"
    - "integer"
    - "float"
    - "boolean"
    - "string"
    - "dtype"
    - "list"
    - "tuple"
- Choose the value that most closely matches with the argument type. For example, change IntTensor or FloatTensor type arguments to "tensor", change "Numbers" to "float" etc.
- If you are confused about a type, choose the best one and add a small comment on what you think should have been there instead.
- Do not add the argument "device".
- If a parameter name starts with an underscore `_` and/or the document does not describe the parameter (i.e. internal parameters), skip including the parameter in the signature.
- If the api has multiple signatures, add both with a prefix to the dictionary key enumerating the count (e.g. `"torch.lu_unpack_1"`, `"torch.lu_unpack_2"` etc). Same goes for argument types, if an argument can be of multiple types (e.g. tuples and integers), create new signatures for each possible type with same prefixes as mentioned before.
- **IMPORTANT** Assume I already have a dictionary called `signatures` (you don't have to initialize it). Provide the output as assigning the signature to the entry of the `signatures` dictionary. 

Examples:

```python
signatures["torch.scatter_add"] = {
    "args": {
        "input": "tensor",
        "dim": "integer",
        "index": "tensor",
        "src": "tensor"
    },
    "kwargs": {},
    "inner": {},
}
signatures["torch.add"] = {
    "args": {
        "input": "tensor",
        "other": "tensor"
    },
    "kwargs": {
        "alpha": "float",
        "out": "tensor"
    },
    "inner": {},
}
signatures["torch.nn.ReflectionPad1d_1"] = {
    "args": {
        "padding": "integer"
    },
    "kwargs": {},
    "inner": {
        "args": {
            "input": "tensor",
            "other": "tensor"
        },
        "kwargs": {}
    }
}
signatures["torch.nn.ReflectionPad1d_2"] = {
    "args": {
        "padding": "tuple"
    },
    "kwargs": {},
    "inner": {
        "args": {
            "input": "tensor",
            "other": "tensor"
        },
        "kwargs": {}
    }
}
```


- Only provide the code, skip any other text. Do not include verbose comments inside code other than short comments about confusion. Do not make any system calls within the code. Do not break any dependencies.


HTTP Request: POST http://127.0.0.1:8080/v1/chat/completions "HTTP/1.1 200 OK"
[Response]

signatures["torch.lu_unpack"] = {
    "args": {
        "LU": "tensor",
        "pivot": "tensor"
    },
    "kwargs": {},
    "inner": {},
}


[Usage]

Token usage: input=816, output=42, total=858


[Prompt]

This is the documentation for the function torch.log1p:

"torch.log1p#
torch.log1p(input, *, out=None)  Tensor#
Returns a new tensor with the natural logarithm of (1 + input). yi=loge(xi+1)y_i = \log_{e} (x_i + 1) yi=loge(xi+1) Note This function is more accurate than torch.log() for small values of input Parameters input (Tensor)  the input tensor. Keyword Arguments out (Tensor, optional)  the output tensor. Example: >>> a = torch.randn(5) >>> a tensor([-1.0090, -0.9923, 1.0249, -0.5372, 0.2492]) >>> torch.log1p(a) tensor([ nan, -4.8653, 0.7055, -0.7705, 0.2225])
Returns a new tensor with the natural logarithm of (1 + input).
input
Note
This function is more accurate than torch.log() for small values of input
torch.log()
Parameters
input (Tensor)  the input tensor.
Keyword Arguments
out (Tensor, optional)  the output tensor.
Example:
>>> a = torch.randn(5) >>> a tensor([-1.0090, -0.9923, 1.0249, -0.5372, 0.2492]) >>> torch.log1p(a) tensor([ nan, -4.8653, 0.7055, -0.7705, 0.2225])"

For the api torch.log1p, provide a signature of the api as a dictionary. Here are the specifications:
- The dictionary should have three keys: 
    - `args` for positional arguments (parameters). The value should be a dictionary with names of the parameters as the key (e.g. "input"). The values should be the type of argument it accepts.
    - `kwargs` for keyword arguments. The value should be a dictinary similar to the one above.
    - `inner` for apis that are callable modules i.e. they return a function that can be called with more parameters. This will contain the signature required to call the function returned by the api. This value should be another dictionary with `args` and `kwargs` if the api is a callable module. Otherwise, keep this dictionary empty (i.e. do not include the `args` or `kwargs` keys). This api likely does not return a function, check if that is true. If so, `inner` should be empty. Otherwise add the signature for the inner call.
- **IMPORTANT** The types of each parameter can only be (strictly) one of the following options:
    - "tensor"
    - "tensor_list"
    - "integer"
    - "float"
    - "boolean"
    - "string"
    - "dtype"
    - "list"
    - "tuple"
- Choose the value that most closely matches with the argument type. For example, change IntTensor or FloatTensor type arguments to "tensor", change "Numbers" to "float" etc.
- If you are confused about a type, choose the best one and add a small comment on what you think should have been there instead.
- Do not add the argument "device".
- If a parameter name starts with an underscore `_` and/or the document does not describe the parameter (i.e. internal parameters), skip including the parameter in the signature.
- If the api has multiple signatures, add both with a prefix to the dictionary key enumerating the count (e.g. `"torch.log1p_1"`, `"torch.log1p_2"` etc). Same goes for argument types, if an argument can be of multiple types (e.g. tuples and integers), create new signatures for each possible type with same prefixes as mentioned before.
- **IMPORTANT** Assume I already have a dictionary called `signatures` (you don't have to initialize it). Provide the output as assigning the signature to the entry of the `signatures` dictionary. 

Examples:

```python
signatures["torch.scatter_add"] = {
    "args": {
        "input": "tensor",
        "dim": "integer",
        "index": "tensor",
        "src": "tensor"
    },
    "kwargs": {},
    "inner": {},
}
signatures["torch.add"] = {
    "args": {
        "input": "tensor",
        "other": "tensor"
    },
    "kwargs": {
        "alpha": "float",
        "out": "tensor"
    },
    "inner": {},
}
signatures["torch.nn.ReflectionPad1d_1"] = {
    "args": {
        "padding": "integer"
    },
    "kwargs": {},
    "inner": {
        "args": {
            "input": "tensor",
            "other": "tensor"
        },
        "kwargs": {}
    }
}
signatures["torch.nn.ReflectionPad1d_2"] = {
    "args": {
        "padding": "tuple"
    },
    "kwargs": {},
    "inner": {
        "args": {
            "input": "tensor",
            "other": "tensor"
        },
        "kwargs": {}
    }
}
```


- Only provide the code, skip any other text. Do not include verbose comments inside code other than short comments about confusion. Do not make any system calls within the code. Do not break any dependencies.


HTTP Request: POST http://127.0.0.1:8080/v1/chat/completions "HTTP/1.1 200 OK"
[Response]

signatures["torch.log1p"] = {
    "args": {
        "input": "tensor"
    },
    "kwargs": {
        "out": "tensor"
    },
    "inner": {},
}


[Usage]

Token usage: input=1188, output=45, total=1233


[Prompt]

For the api torch.is_storage, provide a signature of the api as a dictionary. Here are the specifications:
- The dictionary should have three keys: 
    - `args` for positional arguments (parameters). The value should be a dictionary with names of the parameters as the key (e.g. "input"). The values should be the type of argument it accepts.
    - `kwargs` for keyword arguments. The value should be a dictinary similar to the one above.
    - `inner` for apis that are callable modules i.e. they return a function that can be called with more parameters. This will contain the signature required to call the function returned by the api. This value should be another dictionary with `args` and `kwargs` if the api is a callable module. Otherwise, keep this dictionary empty (i.e. do not include the `args` or `kwargs` keys). This api likely does not return a function, check if that is true. If so, `inner` should be empty. Otherwise add the signature for the inner call.
- **IMPORTANT** The types of each parameter can only be (strictly) one of the following options:
    - "tensor"
    - "tensor_list"
    - "integer"
    - "float"
    - "boolean"
    - "string"
    - "dtype"
    - "list"
    - "tuple"
- Choose the value that most closely matches with the argument type. For example, change IntTensor or FloatTensor type arguments to "tensor", change "Numbers" to "float" etc.
- If you are confused about a type, choose the best one and add a small comment on what you think should have been there instead.
- Do not add the argument "device".
- If a parameter name starts with an underscore `_` and/or the document does not describe the parameter (i.e. internal parameters), skip including the parameter in the signature.
- If the api has multiple signatures, add both with a prefix to the dictionary key enumerating the count (e.g. `"torch.is_storage_1"`, `"torch.is_storage_2"` etc). Same goes for argument types, if an argument can be of multiple types (e.g. tuples and integers), create new signatures for each possible type with same prefixes as mentioned before.
- **IMPORTANT** Assume I already have a dictionary called `signatures` (you don't have to initialize it). Provide the output as assigning the signature to the entry of the `signatures` dictionary. 

Examples:

```python
signatures["torch.scatter_add"] = {
    "args": {
        "input": "tensor",
        "dim": "integer",
        "index": "tensor",
        "src": "tensor"
    },
    "kwargs": {},
    "inner": {},
}
signatures["torch.add"] = {
    "args": {
        "input": "tensor",
        "other": "tensor"
    },
    "kwargs": {
        "alpha": "float",
        "out": "tensor"
    },
    "inner": {},
}
signatures["torch.nn.ReflectionPad1d_1"] = {
    "args": {
        "padding": "integer"
    },
    "kwargs": {},
    "inner": {
        "args": {
            "input": "tensor",
            "other": "tensor"
        },
        "kwargs": {}
    }
}
signatures["torch.nn.ReflectionPad1d_2"] = {
    "args": {
        "padding": "tuple"
    },
    "kwargs": {},
    "inner": {
        "args": {
            "input": "tensor",
            "other": "tensor"
        },
        "kwargs": {}
    }
}
```


- Only provide the code, skip any other text. Do not include verbose comments inside code other than short comments about confusion. Do not make any system calls within the code. Do not break any dependencies.


HTTP Request: POST http://127.0.0.1:8080/v1/chat/completions "HTTP/1.1 200 OK"
[Response]

signatures["torch.is_storage"] = {
    "args": {
        "input": "tensor"
    },
    "kwargs": {},
    "inner": {},
}


[Usage]

Token usage: input=816, output=35, total=851


[Prompt]

This is the documentation for the function torch.reshape:

"torch.reshape#
torch.reshape(input, shape)  Tensor#
Returns a tensor with the same data and number of elements as input, but with the specified shape. When possible, the returned tensor will be a view of input. Otherwise, it will be a copy. Contiguous inputs and inputs with compatible strides can be reshaped without copying, but you should not depend on the copying vs. viewing behavior. See torch.Tensor.view() on when it is possible to return a view. A single dimension may be -1, in which case its inferred from the remaining dimensions and the number of elements in input. Parameters input (Tensor)  the tensor to be reshaped shape (tuple of int)  the new shape Example: >>> a = torch.arange(4.) >>> torch.reshape(a, (2, 2)) tensor([[ 0., 1.], [ 2., 3.]]) >>> b = torch.tensor([[0, 1], [2, 3]]) >>> torch.reshape(b, (-1,)) tensor([ 0, 1, 2, 3])
Returns a tensor with the same data and number of elements as input, but with the specified shape. When possible, the returned tensor will be a view of input. Otherwise, it will be a copy. Contiguous inputs and inputs with compatible strides can be reshaped without copying, but you should not depend on the copying vs. viewing behavior.
input
See torch.Tensor.view() on when it is possible to return a view.
torch.Tensor.view()
A single dimension may be -1, in which case its inferred from the remaining dimensions and the number of elements in input.
Parameters
input (Tensor)  the tensor to be reshaped shape (tuple of int)  the new shape
input (Tensor)  the tensor to be reshaped
shape (tuple of int)  the new shape
Example:
>>> a = torch.arange(4.) >>> torch.reshape(a, (2, 2)) tensor([[ 0., 1.], [ 2., 3.]]) >>> b = torch.tensor([[0, 1], [2, 3]]) >>> torch.reshape(b, (-1,)) tensor([ 0, 1, 2, 3])"

For the api torch.reshape, provide a signature of the api as a dictionary. Here are the specifications:
- The dictionary should have three keys: 
    - `args` for positional arguments (parameters). The value should be a dictionary with names of the parameters as the key (e.g. "input"). The values should be the type of argument it accepts.
    - `kwargs` for keyword arguments. The value should be a dictinary similar to the one above.
    - `inner` for apis that are callable modules i.e. they return a function that can be called with more parameters. This will contain the signature required to call the function returned by the api. This value should be another dictionary with `args` and `kwargs` if the api is a callable module. Otherwise, keep this dictionary empty (i.e. do not include the `args` or `kwargs` keys). This api likely does not return a function, check if that is true. If so, `inner` should be empty. Otherwise add the signature for the inner call.
- **IMPORTANT** The types of each parameter can only be (strictly) one of the following options:
    - "tensor"
    - "tensor_list"
    - "integer"
    - "float"
    - "boolean"
    - "string"
    - "dtype"
    - "list"
    - "tuple"
- Choose the value that most closely matches with the argument type. For example, change IntTensor or FloatTensor type arguments to "tensor", change "Numbers" to "float" etc.
- If you are confused about a type, choose the best one and add a small comment on what you think should have been there instead.
- Do not add the argument "device".
- If a parameter name starts with an underscore `_` and/or the document does not describe the parameter (i.e. internal parameters), skip including the parameter in the signature.
- If the api has multiple signatures, add both with a prefix to the dictionary key enumerating the count (e.g. `"torch.reshape_1"`, `"torch.reshape_2"` etc). Same goes for argument types, if an argument can be of multiple types (e.g. tuples and integers), create new signatures for each possible type with same prefixes as mentioned before.
- **IMPORTANT** Assume I already have a dictionary called `signatures` (you don't have to initialize it). Provide the output as assigning the signature to the entry of the `signatures` dictionary. 

Examples:

```python
signatures["torch.scatter_add"] = {
    "args": {
        "input": "tensor",
        "dim": "integer",
        "index": "tensor",
        "src": "tensor"
    },
    "kwargs": {},
    "inner": {},
}
signatures["torch.add"] = {
    "args": {
        "input": "tensor",
        "other": "tensor"
    },
    "kwargs": {
        "alpha": "float",
        "out": "tensor"
    },
    "inner": {},
}
signatures["torch.nn.ReflectionPad1d_1"] = {
    "args": {
        "padding": "integer"
    },
    "kwargs": {},
    "inner": {
        "args": {
            "input": "tensor",
            "other": "tensor"
        },
        "kwargs": {}
    }
}
signatures["torch.nn.ReflectionPad1d_2"] = {
    "args": {
        "padding": "tuple"
    },
    "kwargs": {},
    "inner": {
        "args": {
            "input": "tensor",
            "other": "tensor"
        },
        "kwargs": {}
    }
}
```


- Only provide the code, skip any other text. Do not include verbose comments inside code other than short comments about confusion. Do not make any system calls within the code. Do not break any dependencies.


HTTP Request: POST http://127.0.0.1:8080/v1/chat/completions "HTTP/1.1 200 OK"
[Response]

signatures["torch.reshape_1"] = {
    "args": {
        "input": "tensor",
        "shape": "tuple"
    },
    "kwargs": {},
    "inner": {}
}


[Usage]

Token usage: input=1286, output=43, total=1329


[Prompt]

This is the documentation for the function torch.nn.AvgPool1d:

"class torch.nn.AvgPool1d(kernel_size, stride=None, padding=0, ceil_mode=False, count_include_pad=True)[source]#
Applies a 1D average pooling over an input signal composed of several input planes. In the simplest case, the output value of the layer with input size (N,C,L)(N, C, L)(N,C,L), output (N,C,Lout)(N, C, L_{out})(N,C,Lout) and kernel_size kkk can be precisely described as: out(Ni,Cj,l)=1km=0k1input(Ni,Cj,stridel+m)\text{out}(N_i, C_j, l) = \frac{1}{k} \sum_{m=0}^{k-1} \text{input}(N_i, C_j, \text{stride} \times l + m)out(Ni,Cj,l)=k1m=0k1input(Ni,Cj,stridel+m)If padding is non-zero, then the input is implicitly zero-padded on both sides for padding number of points. Note When ceil_mode=True, sliding windows are allowed to go off-bounds if they start within the left padding or the input. Sliding windows that would start in the right padded region are ignored. Note pad should be at most half of effective kernel size. The parameters kernel_size, stride, padding can each be an int or a one-element tuple. Parameters kernel_size (Union[int, tuple[int]])  the size of the window stride (Union[int, tuple[int]])  the stride of the window. Default value is kernel_size padding (Union[int, tuple[int]])  implicit zero padding to be added on both sides ceil_mode (bool)  when True, will use ceil instead of floor to compute the output shape count_include_pad (bool)  when True, will include the zero-padding in the averaging calculation Shape: Input: (N,C,Lin)(N, C, L_{in})(N,C,Lin) or (C,Lin)(C, L_{in})(C,Lin). Output: (N,C,Lout)(N, C, L_{out})(N,C,Lout) or (C,Lout)(C, L_{out})(C,Lout), where Lout=Lin+2paddingkernel_sizestride+1L_{out} = \left\lfloor \frac{L_{in} + 2 \times \text{padding} - \text{kernel\_size}}{\text{stride}} + 1\right\rfloor Lout=strideLin+2paddingkernel_size+1Per the note above, if ceil_mode is True and (Lout1)strideLin+padding(L_{out} - 1) \times \text{stride} \geq L_{in} + \text{padding}(Lout1)strideLin+padding, we skip the last window as it would start in the right padded region, resulting in LoutL_{out}Lout being reduced by one. Examples: >>> # pool with window of size=3, stride=2 >>> m = nn.AvgPool1d(3, stride=2) >>> m(torch.tensor([[[1., 2, 3, 4, 5, 6, 7]]])) tensor([[[2., 4., 6.]]]) forward(input)[source]# Runs the forward pass. Return type Tensor
Applies a 1D average pooling over an input signal composed of several input planes.
In the simplest case, the output value of the layer with input size (N,C,L)(N, C, L)(N,C,L), output (N,C,Lout)(N, C, L_{out})(N,C,Lout) and kernel_size kkk can be precisely described as:
kernel_size
If padding is non-zero, then the input is implicitly zero-padded on both sides for padding number of points.
padding
Note
When ceil_mode=True, sliding windows are allowed to go off-bounds if they start within the left padding or the input. Sliding windows that would start in the right padded region are ignored.
pad should be at most half of effective kernel size.
The parameters kernel_size, stride, padding can each be an int or a one-element tuple.
stride
int
Parameters
kernel_size (Union[int, tuple[int]])  the size of the window stride (Union[int, tuple[int]])  the stride of the window. Default value is kernel_size padding (Union[int, tuple[int]])  implicit zero padding to be added on both sides ceil_mode (bool)  when True, will use ceil instead of floor to compute the output shape count_include_pad (bool)  when True, will include the zero-padding in the averaging calculation
kernel_size (Union[int, tuple[int]])  the size of the window
stride (Union[int, tuple[int]])  the stride of the window. Default value is kernel_size
padding (Union[int, tuple[int]])  implicit zero padding to be added on both sides
ceil_mode (bool)  when True, will use ceil instead of floor to compute the output shape
count_include_pad (bool)  when True, will include the zero-padding in the averaging calculation
Shape:
Input: (N,C,Lin)(N, C, L_{in})(N,C,Lin) or (C,Lin)(C, L_{in})(C,Lin). Output: (N,C,Lout)(N, C, L_{out})(N,C,Lout) or (C,Lout)(C, L_{out})(C,Lout), where Lout=Lin+2paddingkernel_sizestride+1L_{out} = \left\lfloor \frac{L_{in} + 2 \times \text{padding} - \text{kernel\_size}}{\text{stride}} + 1\right\rfloor Lout=strideLin+2paddingkernel_size+1Per the note above, if ceil_mode is True and (Lout1)strideLin+padding(L_{out} - 1) \times \text{stride} \geq L_{in} + \text{padding}(Lout1)strideLin+padding, we skip the last window as it would start in the right padded region, resulting in LoutL_{out}Lout being reduced by one.
Input: (N,C,Lin)(N, C, L_{in})(N,C,Lin) or (C,Lin)(C, L_{in})(C,Lin).
Output: (N,C,Lout)(N, C, L_{out})(N,C,Lout) or (C,Lout)(C, L_{out})(C,Lout), where Lout=Lin+2paddingkernel_sizestride+1L_{out} = \left\lfloor \frac{L_{in} + 2 \times \text{padding} - \text{kernel\_size}}{\text{stride}} + 1\right\rfloor Lout=strideLin+2paddingkernel_size+1Per the note above, if ceil_mode is True and (Lout1)strideLin+padding(L_{out} - 1) \times \text{stride} \geq L_{in} + \text{padding}(Lout1)strideLin+padding, we skip the last window as it would start in the right padded region, resulting in LoutL_{out}Lout being reduced by one.
Output: (N,C,Lout)(N, C, L_{out})(N,C,Lout) or (C,Lout)(C, L_{out})(C,Lout), where
Per the note above, if ceil_mode is True and (Lout1)strideLin+padding(L_{out} - 1) \times \text{stride} \geq L_{in} + \text{padding}(Lout1)strideLin+padding, we skip the last window as it would start in the right padded region, resulting in LoutL_{out}Lout being reduced by one.
ceil_mode
Examples:
>>> # pool with window of size=3, stride=2 >>> m = nn.AvgPool1d(3, stride=2) >>> m(torch.tensor([[[1., 2, 3, 4, 5, 6, 7]]])) tensor([[[2., 4., 6.]]])
forward(input)[source]#
Runs the forward pass. Return type Tensor
Runs the forward pass.
Return type
Tensor"

For the api torch.nn.AvgPool1d, provide a signature of the api as a dictionary. Here are the specifications:
- The dictionary should have three keys: 
    - `args` for positional arguments (parameters). The value should be a dictionary with names of the parameters as the key (e.g. "input"). The values should be the type of argument it accepts.
    - `kwargs` for keyword arguments. The value should be a dictinary similar to the one above.
    - `inner` for apis that are callable modules i.e. they return a function that can be called with more parameters. This will contain the signature required to call the function returned by the api. This value should be another dictionary with `args` and `kwargs` if the api is a callable module. Otherwise, keep this dictionary empty (i.e. do not include the `args` or `kwargs` keys). This api likely returns a function, look for the parameters that can be passed to the function returned by this api. Hint: very often this information can be found under the "Shape:" section of the documentation.
- **IMPORTANT** The types of each parameter can only be (strictly) one of the following options:
    - "tensor"
    - "tensor_list"
    - "integer"
    - "float"
    - "boolean"
    - "string"
    - "dtype"
    - "list"
    - "tuple"
- Choose the value that most closely matches with the argument type. For example, change IntTensor or FloatTensor type arguments to "tensor", change "Numbers" to "float" etc.
- If you are confused about a type, choose the best one and add a small comment on what you think should have been there instead.
- Do not add the argument "device".
- If a parameter name starts with an underscore `_` and/or the document does not describe the parameter (i.e. internal parameters), skip including the parameter in the signature.
- If the api has multiple signatures, add both with a prefix to the dictionary key enumerating the count (e.g. `"torch.nn.AvgPool1d_1"`, `"torch.nn.AvgPool1d_2"` etc). Same goes for argument types, if an argument can be of multiple types (e.g. tuples and integers), create new signatures for each possible type with same prefixes as mentioned before.
- **IMPORTANT** Assume I already have a dictionary called `signatures` (you don't have to initialize it). Provide the output as assigning the signature to the entry of the `signatures` dictionary. 

Examples:

```python
signatures["torch.scatter_add"] = {
    "args": {
        "input": "tensor",
        "dim": "integer",
        "index": "tensor",
        "src": "tensor"
    },
    "kwargs": {},
    "inner": {},
}
signatures["torch.add"] = {
    "args": {
        "input": "tensor",
        "other": "tensor"
    },
    "kwargs": {
        "alpha": "float",
        "out": "tensor"
    },
    "inner": {},
}
signatures["torch.nn.ReflectionPad1d_1"] = {
    "args": {
        "padding": "integer"
    },
    "kwargs": {},
    "inner": {
        "args": {
            "input": "tensor",
            "other": "tensor"
        },
        "kwargs": {}
    }
}
signatures["torch.nn.ReflectionPad1d_2"] = {
    "args": {
        "padding": "tuple"
    },
    "kwargs": {},
    "inner": {
        "args": {
            "input": "tensor",
            "other": "tensor"
        },
        "kwargs": {}
    }
}
```


- Only provide the code, skip any other text. Do not include verbose comments inside code other than short comments about confusion. Do not make any system calls within the code. Do not break any dependencies.


HTTP Request: POST http://127.0.0.1:8080/v1/chat/completions "HTTP/1.1 200 OK"
[Response]

```python
signatures["torch.nn.AvgPool1d"] = {
    "args": {
        "kernel_size": "integer",
        "stride": "integer"
    },
    "kwargs": {
        "padding": "integer",
        "ceil_mode": "boolean",
        "count_include_pad": "boolean"
    },
    "inner": {
        "args": {
            "input": "tensor"
        },
        "kwargs": {}
    }
}
```


[Usage]

Token usage: input=2641, output=98, total=2739


[Prompt]

This is the documentation for the function torch.nn.HuberLoss:

"class torch.nn.HuberLoss(reduction='mean', delta=1.0)[source]#
Creates a criterion that uses a squared term if the absolute element-wise error falls below delta and a delta-scaled L1 term otherwise. This loss combines advantages of both L1Loss and MSELoss; the delta-scaled L1 region makes the loss less sensitive to outliers than MSELoss, while the L2 region provides smoothness over L1Loss near 0. See Huber loss for more information. For a batch of size NNN, the unreduced loss can be described as: (x,y)=L={l1,...,lN}T\ell(x, y) = L = \{l_1, ..., l_N\}^T (x,y)=L={l1,...,lN}Twith ln={0.5(xnyn)2,if xnyn<deltadelta(xnyn0.5delta),otherwise l_n = \begin{cases} 0.5 (x_n - y_n)^2, & \text{if } |x_n - y_n| < delta \\ delta * (|x_n - y_n| - 0.5 * delta), & \text{otherwise } \end{cases} ln={0.5(xnyn)2,delta(xnyn0.5delta),if xnyn<deltaotherwise If reduction is not none, then: (x,y)={mean(L),if reduction=mean;sum(L),if reduction=sum.\ell(x, y) = \begin{cases} \operatorname{mean}(L), & \text{if reduction} = \text{`mean';}\\ \operatorname{sum}(L), & \text{if reduction} = \text{`sum'.} \end{cases} (x,y)={mean(L),sum(L),if reduction=mean;if reduction=sum. Note When delta is set to 1, this loss is equivalent to SmoothL1Loss. In general, this loss differs from SmoothL1Loss by a factor of delta (AKA beta in Smooth L1). See SmoothL1Loss for additional discussion on the differences in behavior between the two losses. Parameters reduction (str, optional)  Specifies the reduction to apply to the output: 'none' | 'mean' | 'sum'. 'none': no reduction will be applied, 'mean': the sum of the output will be divided by the number of elements in the output, 'sum': the output will be summed. Default: 'mean' delta (float, optional)  Specifies the threshold at which to change between delta-scaled L1 and L2 loss. The value must be positive. Default: 1.0 Shape: Input: ()(*)() where * means any number of dimensions. Target: ()(*)(), same shape as the input. Output: scalar. If reduction is 'none', then ()(*)(), same shape as the input. forward(input, target)[source]# Runs the forward pass. Return type Tensor
Creates a criterion that uses a squared term if the absolute element-wise error falls below delta and a delta-scaled L1 term otherwise. This loss combines advantages of both L1Loss and MSELoss; the delta-scaled L1 region makes the loss less sensitive to outliers than MSELoss, while the L2 region provides smoothness over L1Loss near 0. See Huber loss for more information.
L1Loss
MSELoss
For a batch of size NNN, the unreduced loss can be described as:
with
If reduction is not none, then:
Note
When delta is set to 1, this loss is equivalent to SmoothL1Loss. In general, this loss differs from SmoothL1Loss by a factor of delta (AKA beta in Smooth L1). See SmoothL1Loss for additional discussion on the differences in behavior between the two losses.
SmoothL1Loss
Parameters
reduction (str, optional)  Specifies the reduction to apply to the output: 'none' | 'mean' | 'sum'. 'none': no reduction will be applied, 'mean': the sum of the output will be divided by the number of elements in the output, 'sum': the output will be summed. Default: 'mean' delta (float, optional)  Specifies the threshold at which to change between delta-scaled L1 and L2 loss. The value must be positive. Default: 1.0
reduction (str, optional)  Specifies the reduction to apply to the output: 'none' | 'mean' | 'sum'. 'none': no reduction will be applied, 'mean': the sum of the output will be divided by the number of elements in the output, 'sum': the output will be summed. Default: 'mean'
'none'
'mean'
'sum'
delta (float, optional)  Specifies the threshold at which to change between delta-scaled L1 and L2 loss. The value must be positive. Default: 1.0
Shape:
Input: ()(*)() where * means any number of dimensions. Target: ()(*)(), same shape as the input. Output: scalar. If reduction is 'none', then ()(*)(), same shape as the input.
Input: ()(*)() where * means any number of dimensions.
Target: ()(*)(), same shape as the input.
Output: scalar. If reduction is 'none', then ()(*)(), same shape as the input.
reduction
forward(input, target)[source]#
Runs the forward pass. Return type Tensor
Runs the forward pass.
Return type
Tensor"

For the api torch.nn.HuberLoss, provide a signature of the api as a dictionary. Here are the specifications:
- The dictionary should have three keys: 
    - `args` for positional arguments (parameters). The value should be a dictionary with names of the parameters as the key (e.g. "input"). The values should be the type of argument it accepts.
    - `kwargs` for keyword arguments. The value should be a dictinary similar to the one above.
    - `inner` for apis that are callable modules i.e. they return a function that can be called with more parameters. This will contain the signature required to call the function returned by the api. This value should be another dictionary with `args` and `kwargs` if the api is a callable module. Otherwise, keep this dictionary empty (i.e. do not include the `args` or `kwargs` keys). This api likely returns a function, look for the parameters that can be passed to the function returned by this api. Hint: very often this information can be found under the "Shape:" section of the documentation.
- **IMPORTANT** The types of each parameter can only be (strictly) one of the following options:
    - "tensor"
    - "tensor_list"
    - "integer"
    - "float"
    - "boolean"
    - "string"
    - "dtype"
    - "list"
    - "tuple"
- Choose the value that most closely matches with the argument type. For example, change IntTensor or FloatTensor type arguments to "tensor", change "Numbers" to "float" etc.
- If you are confused about a type, choose the best one and add a small comment on what you think should have been there instead.
- Do not add the argument "device".
- If a parameter name starts with an underscore `_` and/or the document does not describe the parameter (i.e. internal parameters), skip including the parameter in the signature.
- If the api has multiple signatures, add both with a prefix to the dictionary key enumerating the count (e.g. `"torch.nn.HuberLoss_1"`, `"torch.nn.HuberLoss_2"` etc). Same goes for argument types, if an argument can be of multiple types (e.g. tuples and integers), create new signatures for each possible type with same prefixes as mentioned before.
- **IMPORTANT** Assume I already have a dictionary called `signatures` (you don't have to initialize it). Provide the output as assigning the signature to the entry of the `signatures` dictionary. 

Examples:

```python
signatures["torch.scatter_add"] = {
    "args": {
        "input": "tensor",
        "dim": "integer",
        "index": "tensor",
        "src": "tensor"
    },
    "kwargs": {},
    "inner": {},
}
signatures["torch.add"] = {
    "args": {
        "input": "tensor",
        "other": "tensor"
    },
    "kwargs": {
        "alpha": "float",
        "out": "tensor"
    },
    "inner": {},
}
signatures["torch.nn.ReflectionPad1d_1"] = {
    "args": {
        "padding": "integer"
    },
    "kwargs": {},
    "inner": {
        "args": {
            "input": "tensor",
            "other": "tensor"
        },
        "kwargs": {}
    }
}
signatures["torch.nn.ReflectionPad1d_2"] = {
    "args": {
        "padding": "tuple"
    },
    "kwargs": {},
    "inner": {
        "args": {
            "input": "tensor",
            "other": "tensor"
        },
        "kwargs": {}
    }
}
```


- Only provide the code, skip any other text. Do not include verbose comments inside code other than short comments about confusion. Do not make any system calls within the code. Do not break any dependencies.


HTTP Request: POST http://127.0.0.1:8080/v1/chat/completions "HTTP/1.1 200 OK"
[Response]

signatures["torch.nn.HuberLoss"] = {
    "args": {
        "reduction": "string",
        "delta": "float"
    },
    "kwargs": {},
    "inner": {
        "args": {
            "input": "tensor",
            "target": "tensor"
        },
        "kwargs": {}
    }
}


[Usage]

Token usage: input=2012, output=73, total=2085


[Prompt]

This is the documentation for the function torch.any:

"torch.any#
torch.any(input: Tensor, *, out: Optional[Tensor])  Tensor#
Tests if any element in input evaluates to True. Note This function matches the behaviour of NumPy in returning output of dtype bool for all supported dtypes except uint8. For uint8 the dtype of output is uint8 itself. Parameters input (Tensor)  the input tensor. Keyword Arguments out (Tensor, optional)  the output tensor. Example: >>> a = torch.rand(1, 2).bool() >>> a tensor([[False, True]], dtype=torch.bool) >>> torch.any(a) tensor(True, dtype=torch.bool) >>> a = torch.arange(0, 3) >>> a tensor([0, 1, 2]) >>> torch.any(a) tensor(True) torch.any(input, dim, keepdim=False, *, out=None)  Tensor For each row of input in the given dimension dim, returns True if any element in the row evaluate to True and False otherwise. If keepdim is True, the output tensor is of the same size as input except in the dimension(s) dim where it is of size 1. Otherwise, dim is squeezed (see torch.squeeze()), resulting in the output tensor having 1 (or len(dim)) fewer dimension(s). Parameters input (Tensor)  the input tensor. dim (int or tuple of ints, optional)  the dimension or dimensions to reduce. If None, all dimensions are reduced. keepdim (bool, optional)  whether the output tensor has dim retained or not. Default: False. Keyword Arguments out (Tensor, optional)  the output tensor. Example: >>> a = torch.randn(4, 2) < 0 >>> a tensor([[ True, True], [False, True], [ True, True], [False, False]]) >>> torch.any(a, 1) tensor([ True, True, True, False]) >>> torch.any(a, 0) tensor([True, True])
Tests if any element in input evaluates to True.
input
Note
This function matches the behaviour of NumPy in returning output of dtype bool for all supported dtypes except uint8. For uint8 the dtype of output is uint8 itself.
Parameters
input (Tensor)  the input tensor.
Keyword Arguments
out (Tensor, optional)  the output tensor.
Example:
>>> a = torch.rand(1, 2).bool() >>> a tensor([[False, True]], dtype=torch.bool) >>> torch.any(a) tensor(True, dtype=torch.bool) >>> a = torch.arange(0, 3) >>> a tensor([0, 1, 2]) >>> torch.any(a) tensor(True)
torch.any(input, dim, keepdim=False, *, out=None)  Tensor

For each row of input in the given dimension dim, returns True if any element in the row evaluate to True and False otherwise.
dim
If keepdim is True, the output tensor is of the same size as input except in the dimension(s) dim where it is of size 1. Otherwise, dim is squeezed (see torch.squeeze()), resulting in the output tensor having 1 (or len(dim)) fewer dimension(s).
keepdim
True
torch.squeeze()
len(dim)
input (Tensor)  the input tensor. dim (int or tuple of ints, optional)  the dimension or dimensions to reduce. If None, all dimensions are reduced. keepdim (bool, optional)  whether the output tensor has dim retained or not. Default: False.
dim (int or tuple of ints, optional)  the dimension or dimensions to reduce. If None, all dimensions are reduced.
None
keepdim (bool, optional)  whether the output tensor has dim retained or not. Default: False.
False
>>> a = torch.randn(4, 2) < 0 >>> a tensor([[ True, True], [False, True], [ True, True], [False, False]]) >>> torch.any(a, 1) tensor([ True, True, True, False]) >>> torch.any(a, 0) tensor([True, True])"

For the api torch.any, provide a signature of the api as a dictionary. Here are the specifications:
- The dictionary should have three keys: 
    - `args` for positional arguments (parameters). The value should be a dictionary with names of the parameters as the key (e.g. "input"). The values should be the type of argument it accepts.
    - `kwargs` for keyword arguments. The value should be a dictinary similar to the one above.
    - `inner` for apis that are callable modules i.e. they return a function that can be called with more parameters. This will contain the signature required to call the function returned by the api. This value should be another dictionary with `args` and `kwargs` if the api is a callable module. Otherwise, keep this dictionary empty (i.e. do not include the `args` or `kwargs` keys). This api likely does not return a function, check if that is true. If so, `inner` should be empty. Otherwise add the signature for the inner call.
- **IMPORTANT** The types of each parameter can only be (strictly) one of the following options:
    - "tensor"
    - "tensor_list"
    - "integer"
    - "float"
    - "boolean"
    - "string"
    - "dtype"
    - "list"
    - "tuple"
- Choose the value that most closely matches with the argument type. For example, change IntTensor or FloatTensor type arguments to "tensor", change "Numbers" to "float" etc.
- If you are confused about a type, choose the best one and add a small comment on what you think should have been there instead.
- Do not add the argument "device".
- If a parameter name starts with an underscore `_` and/or the document does not describe the parameter (i.e. internal parameters), skip including the parameter in the signature.
- If the api has multiple signatures, add both with a prefix to the dictionary key enumerating the count (e.g. `"torch.any_1"`, `"torch.any_2"` etc). Same goes for argument types, if an argument can be of multiple types (e.g. tuples and integers), create new signatures for each possible type with same prefixes as mentioned before.
- **IMPORTANT** Assume I already have a dictionary called `signatures` (you don't have to initialize it). Provide the output as assigning the signature to the entry of the `signatures` dictionary. 

Examples:

```python
signatures["torch.scatter_add"] = {
    "args": {
        "input": "tensor",
        "dim": "integer",
        "index": "tensor",
        "src": "tensor"
    },
    "kwargs": {},
    "inner": {},
}
signatures["torch.add"] = {
    "args": {
        "input": "tensor",
        "other": "tensor"
    },
    "kwargs": {
        "alpha": "float",
        "out": "tensor"
    },
    "inner": {},
}
signatures["torch.nn.ReflectionPad1d_1"] = {
    "args": {
        "padding": "integer"
    },
    "kwargs": {},
    "inner": {
        "args": {
            "input": "tensor",
            "other": "tensor"
        },
        "kwargs": {}
    }
}
signatures["torch.nn.ReflectionPad1d_2"] = {
    "args": {
        "padding": "tuple"
    },
    "kwargs": {},
    "inner": {
        "args": {
            "input": "tensor",
            "other": "tensor"
        },
        "kwargs": {}
    }
}
```


- Only provide the code, skip any other text. Do not include verbose comments inside code other than short comments about confusion. Do not make any system calls within the code. Do not break any dependencies.


HTTP Request: POST http://127.0.0.1:8080/v1/chat/completions "HTTP/1.1 200 OK"
[Response]

signatures["torch.any_1"] = {
    "args": {
        "input": "tensor"
    },
    "kwargs": {
        "out": "tensor"
    },
    "inner": {}
}

signatures["torch.any_2"] = {
    "args": {
        "input": "tensor",
        "dim": "integer"
    },
    "kwargs": {
        "keepdim": "boolean",
        "out": "tensor"
    },
    "inner": {}
}


[Usage]

Token usage: input=1661, output=104, total=1765


[Prompt]

This is the documentation for the function torch.nn.FeatureAlphaDropout:

"class torch.nn.FeatureAlphaDropout(p=0.5, inplace=False)[source]#
Randomly masks out entire channels. A channel is a feature map, e.g. the jjj-th channel of the iii-th sample in the batch input is a tensor input[i,j]\text{input}[i, j]input[i,j] of the input tensor). Instead of setting activations to zero, as in regular Dropout, the activations are set to the negative saturation value of the SELU activation function. More details can be found in the paper Self-Normalizing Neural Networks . Each element will be masked independently for each sample on every forward call with probability p using samples from a Bernoulli distribution. The elements to be masked are randomized on every forward call, and scaled and shifted to maintain zero mean and unit variance. Usually the input comes from nn.AlphaDropout modules. As described in the paper Efficient Object Localization Using Convolutional Networks , if adjacent pixels within feature maps are strongly correlated (as is normally the case in early convolution layers) then i.i.d. dropout will not regularize the activations and will otherwise just result in an effective learning rate decrease. In this case, nn.AlphaDropout() will help promote independence between feature maps and should be used instead. Parameters p (float, optional)  probability of an element to be zeroed. Default: 0.5 inplace (bool, optional)  If set to True, will do this operation in-place Shape: Input: (N,C,D,H,W)(N, C, D, H, W)(N,C,D,H,W) or (C,D,H,W)(C, D, H, W)(C,D,H,W). Output: (N,C,D,H,W)(N, C, D, H, W)(N,C,D,H,W) or (C,D,H,W)(C, D, H, W)(C,D,H,W) (same shape as input). Examples: >>> m = nn.FeatureAlphaDropout(p=0.2) >>> input = torch.randn(20, 16, 4, 32, 32) >>> output = m(input) forward(input)[source]# Runs the forward pass. Return type Tensor
Randomly masks out entire channels.
A channel is a feature map, e.g. the jjj-th channel of the iii-th sample in the batch input is a tensor input[i,j]\text{input}[i, j]input[i,j] of the input tensor). Instead of setting activations to zero, as in regular Dropout, the activations are set to the negative saturation value of the SELU activation function. More details can be found in the paper Self-Normalizing Neural Networks .
Each element will be masked independently for each sample on every forward call with probability p using samples from a Bernoulli distribution. The elements to be masked are randomized on every forward call, and scaled and shifted to maintain zero mean and unit variance.
p
Usually the input comes from nn.AlphaDropout modules.
nn.AlphaDropout
As described in the paper Efficient Object Localization Using Convolutional Networks , if adjacent pixels within feature maps are strongly correlated (as is normally the case in early convolution layers) then i.i.d. dropout will not regularize the activations and will otherwise just result in an effective learning rate decrease.
In this case, nn.AlphaDropout() will help promote independence between feature maps and should be used instead.
nn.AlphaDropout()
Parameters
p (float, optional)  probability of an element to be zeroed. Default: 0.5 inplace (bool, optional)  If set to True, will do this operation in-place
p (float, optional)  probability of an element to be zeroed. Default: 0.5
inplace (bool, optional)  If set to True, will do this operation in-place
True
Shape:
Input: (N,C,D,H,W)(N, C, D, H, W)(N,C,D,H,W) or (C,D,H,W)(C, D, H, W)(C,D,H,W). Output: (N,C,D,H,W)(N, C, D, H, W)(N,C,D,H,W) or (C,D,H,W)(C, D, H, W)(C,D,H,W) (same shape as input).
Input: (N,C,D,H,W)(N, C, D, H, W)(N,C,D,H,W) or (C,D,H,W)(C, D, H, W)(C,D,H,W).
Output: (N,C,D,H,W)(N, C, D, H, W)(N,C,D,H,W) or (C,D,H,W)(C, D, H, W)(C,D,H,W) (same shape as input).
Examples:
>>> m = nn.FeatureAlphaDropout(p=0.2) >>> input = torch.randn(20, 16, 4, 32, 32) >>> output = m(input)
forward(input)[source]#
Runs the forward pass. Return type Tensor
Runs the forward pass.
Return type
Tensor"

For the api torch.nn.FeatureAlphaDropout, provide a signature of the api as a dictionary. Here are the specifications:
- The dictionary should have three keys: 
    - `args` for positional arguments (parameters). The value should be a dictionary with names of the parameters as the key (e.g. "input"). The values should be the type of argument it accepts.
    - `kwargs` for keyword arguments. The value should be a dictinary similar to the one above.
    - `inner` for apis that are callable modules i.e. they return a function that can be called with more parameters. This will contain the signature required to call the function returned by the api. This value should be another dictionary with `args` and `kwargs` if the api is a callable module. Otherwise, keep this dictionary empty (i.e. do not include the `args` or `kwargs` keys). This api likely returns a function, look for the parameters that can be passed to the function returned by this api. Hint: very often this information can be found under the "Shape:" section of the documentation.
- **IMPORTANT** The types of each parameter can only be (strictly) one of the following options:
    - "tensor"
    - "tensor_list"
    - "integer"
    - "float"
    - "boolean"
    - "string"
    - "dtype"
    - "list"
    - "tuple"
- Choose the value that most closely matches with the argument type. For example, change IntTensor or FloatTensor type arguments to "tensor", change "Numbers" to "float" etc.
- If you are confused about a type, choose the best one and add a small comment on what you think should have been there instead.
- Do not add the argument "device".
- If a parameter name starts with an underscore `_` and/or the document does not describe the parameter (i.e. internal parameters), skip including the parameter in the signature.
- If the api has multiple signatures, add both with a prefix to the dictionary key enumerating the count (e.g. `"torch.nn.FeatureAlphaDropout_1"`, `"torch.nn.FeatureAlphaDropout_2"` etc). Same goes for argument types, if an argument can be of multiple types (e.g. tuples and integers), create new signatures for each possible type with same prefixes as mentioned before.
- **IMPORTANT** Assume I already have a dictionary called `signatures` (you don't have to initialize it). Provide the output as assigning the signature to the entry of the `signatures` dictionary. 

Examples:

```python
signatures["torch.scatter_add"] = {
    "args": {
        "input": "tensor",
        "dim": "integer",
        "index": "tensor",
        "src": "tensor"
    },
    "kwargs": {},
    "inner": {},
}
signatures["torch.add"] = {
    "args": {
        "input": "tensor",
        "other": "tensor"
    },
    "kwargs": {
        "alpha": "float",
        "out": "tensor"
    },
    "inner": {},
}
signatures["torch.nn.ReflectionPad1d_1"] = {
    "args": {
        "padding": "integer"
    },
    "kwargs": {},
    "inner": {
        "args": {
            "input": "tensor",
            "other": "tensor"
        },
        "kwargs": {}
    }
}
signatures["torch.nn.ReflectionPad1d_2"] = {
    "args": {
        "padding": "tuple"
    },
    "kwargs": {},
    "inner": {
        "args": {
            "input": "tensor",
            "other": "tensor"
        },
        "kwargs": {}
    }
}
```


- Only provide the code, skip any other text. Do not include verbose comments inside code other than short comments about confusion. Do not make any system calls within the code. Do not break any dependencies.


HTTP Request: POST http://127.0.0.1:8080/v1/chat/completions "HTTP/1.1 200 OK"
[Response]

```python
signatures["torch.nn.FeatureAlphaDropout"] = {
    "args": {
        "p": "float",
        "inplace": "boolean"
    },
    "kwargs": {},
    "inner": {
        "args": {
            "input": "tensor"
        },
        "kwargs": {}
    }
}
```


[Usage]

Token usage: input=1907, output=71, total=1978


[Prompt]

This is the documentation for the function torch.nn.BatchNorm1d:

"class torch.nn.BatchNorm1d(num_features, eps=1e-05, momentum=0.1, affine=True, track_running_stats=True, device=None, dtype=None)[source]#
Applies Batch Normalization over a 2D or 3D input. Method described in the paper Batch Normalization: Accelerating Deep Network Training by Reducing Internal Covariate Shift . y=xE[x]Var[x]++y = \frac{x - \mathrm{E}[x]}{\sqrt{\mathrm{Var}[x] + \epsilon}} * \gamma + \betay=Var[x]+xE[x]+The mean and standard-deviation are calculated per-dimension over the mini-batches and \gamma and \beta are learnable parameter vectors of size C (where C is the number of features or channels of the input). By default, the elements of \gamma are set to 1 and the elements of \beta are set to 0. At train time in the forward pass, the variance is calculated via the biased estimator, equivalent to torch.var(input, unbiased=False). However, the value stored in the moving average of the variance is calculated via the unbiased estimator, equivalent to torch.var(input, unbiased=True). Also by default, during training this layer keeps running estimates of its computed mean and variance, which are then used for normalization during evaluation. The running estimates are kept with a default momentum of 0.1. If track_running_stats is set to False, this layer then does not keep running estimates, and batch statistics are instead used during evaluation time as well. Note This momentum argument is different from one used in optimizer classes and the conventional notion of momentum. Mathematically, the update rule for running statistics here is x^new=(1momentum)x^+momentumxt\hat{x}_\text{new} = (1 - \text{momentum}) \times \hat{x} + \text{momentum} \times x_tx^new=(1momentum)x^+momentumxt, where x^\hat{x}x^ is the estimated statistic and xtx_txt is the new observed value. Because the Batch Normalization is done over the C dimension, computing statistics on (N, L) slices, its common terminology to call this Temporal Batch Normalization. Parameters num_features (int)  number of features or channels CCC of the input eps (float)  a value added to the denominator for numerical stability. Default: 1e-5 momentum (Optional[float])  the value used for the running_mean and running_var computation. Can be set to None for cumulative moving average (i.e. simple average). Default: 0.1 affine (bool)  a boolean value that when set to True, this module has learnable affine parameters. Default: True track_running_stats (bool)  a boolean value that when set to True, this module tracks the running mean and variance, and when set to False, this module does not track such statistics, and initializes statistics buffers running_mean and running_var as None. When these buffers are None, this module always uses batch statistics. in both training and eval modes. Default: True Shape: Input: (N,C)(N, C)(N,C) or (N,C,L)(N, C, L)(N,C,L), where NNN is the batch size, CCC is the number of features or channels, and LLL is the sequence length Output: (N,C)(N, C)(N,C) or (N,C,L)(N, C, L)(N,C,L) (same shape as input) Examples: >>> # With Learnable Parameters >>> m = nn.BatchNorm1d(100) >>> # Without Learnable Parameters >>> m = nn.BatchNorm1d(100, affine=False) >>> input = torch.randn(20, 100) >>> output = m(input)
Applies Batch Normalization over a 2D or 3D input.
Method described in the paper Batch Normalization: Accelerating Deep Network Training by Reducing Internal Covariate Shift .
The mean and standard-deviation are calculated per-dimension over the mini-batches and \gamma and \beta are learnable parameter vectors of size C (where C is the number of features or channels of the input). By default, the elements of \gamma are set to 1 and the elements of \beta are set to 0. At train time in the forward pass, the variance is calculated via the biased estimator, equivalent to torch.var(input, unbiased=False). However, the value stored in the moving average of the variance is calculated via the unbiased estimator, equivalent to torch.var(input, unbiased=True).
torch.var(input, unbiased=False)
torch.var(input, unbiased=True)
Also by default, during training this layer keeps running estimates of its computed mean and variance, which are then used for normalization during evaluation. The running estimates are kept with a default momentum of 0.1.
momentum
If track_running_stats is set to False, this layer then does not keep running estimates, and batch statistics are instead used during evaluation time as well.
track_running_stats
False
Note
This momentum argument is different from one used in optimizer classes and the conventional notion of momentum. Mathematically, the update rule for running statistics here is x^new=(1momentum)x^+momentumxt\hat{x}_\text{new} = (1 - \text{momentum}) \times \hat{x} + \text{momentum} \times x_tx^new=(1momentum)x^+momentumxt, where x^\hat{x}x^ is the estimated statistic and xtx_txt is the new observed value.
Because the Batch Normalization is done over the C dimension, computing statistics on (N, L) slices, its common terminology to call this Temporal Batch Normalization.
Parameters
num_features (int)  number of features or channels CCC of the input eps (float)  a value added to the denominator for numerical stability. Default: 1e-5 momentum (Optional[float])  the value used for the running_mean and running_var computation. Can be set to None for cumulative moving average (i.e. simple average). Default: 0.1 affine (bool)  a boolean value that when set to True, this module has learnable affine parameters. Default: True track_running_stats (bool)  a boolean value that when set to True, this module tracks the running mean and variance, and when set to False, this module does not track such statistics, and initializes statistics buffers running_mean and running_var as None. When these buffers are None, this module always uses batch statistics. in both training and eval modes. Default: True
num_features (int)  number of features or channels CCC of the input
eps (float)  a value added to the denominator for numerical stability. Default: 1e-5
momentum (Optional[float])  the value used for the running_mean and running_var computation. Can be set to None for cumulative moving average (i.e. simple average). Default: 0.1
None
affine (bool)  a boolean value that when set to True, this module has learnable affine parameters. Default: True
True
track_running_stats (bool)  a boolean value that when set to True, this module tracks the running mean and variance, and when set to False, this module does not track such statistics, and initializes statistics buffers running_mean and running_var as None. When these buffers are None, this module always uses batch statistics. in both training and eval modes. Default: True
running_mean
running_var
Shape:
Input: (N,C)(N, C)(N,C) or (N,C,L)(N, C, L)(N,C,L), where NNN is the batch size, CCC is the number of features or channels, and LLL is the sequence length Output: (N,C)(N, C)(N,C) or (N,C,L)(N, C, L)(N,C,L) (same shape as input)
Input: (N,C)(N, C)(N,C) or (N,C,L)(N, C, L)(N,C,L), where NNN is the batch size, CCC is the number of features or channels, and LLL is the sequence length
Output: (N,C)(N, C)(N,C) or (N,C,L)(N, C, L)(N,C,L) (same shape as input)
Examples:
>>> # With Learnable Parameters >>> m = nn.BatchNorm1d(100) >>> # Without Learnable Parameters >>> m = nn.BatchNorm1d(100, affine=False) >>> input = torch.randn(20, 100) >>> output = m(input)"

For the api torch.nn.BatchNorm1d, provide a signature of the api as a dictionary. Here are the specifications:
- The dictionary should have three keys: 
    - `args` for positional arguments (parameters). The value should be a dictionary with names of the parameters as the key (e.g. "input"). The values should be the type of argument it accepts.
    - `kwargs` for keyword arguments. The value should be a dictinary similar to the one above.
    - `inner` for apis that are callable modules i.e. they return a function that can be called with more parameters. This will contain the signature required to call the function returned by the api. This value should be another dictionary with `args` and `kwargs` if the api is a callable module. Otherwise, keep this dictionary empty (i.e. do not include the `args` or `kwargs` keys). This api likely returns a function, look for the parameters that can be passed to the function returned by this api. Hint: very often this information can be found under the "Shape:" section of the documentation.
- **IMPORTANT** The types of each parameter can only be (strictly) one of the following options:
    - "tensor"
    - "tensor_list"
    - "integer"
    - "float"
    - "boolean"
    - "string"
    - "dtype"
    - "list"
    - "tuple"
- Choose the value that most closely matches with the argument type. For example, change IntTensor or FloatTensor type arguments to "tensor", change "Numbers" to "float" etc.
- If you are confused about a type, choose the best one and add a small comment on what you think should have been there instead.
- Do not add the argument "device".
- If a parameter name starts with an underscore `_` and/or the document does not describe the parameter (i.e. internal parameters), skip including the parameter in the signature.
- If the api has multiple signatures, add both with a prefix to the dictionary key enumerating the count (e.g. `"torch.nn.BatchNorm1d_1"`, `"torch.nn.BatchNorm1d_2"` etc). Same goes for argument types, if an argument can be of multiple types (e.g. tuples and integers), create new signatures for each possible type with same prefixes as mentioned before.
- **IMPORTANT** Assume I already have a dictionary called `signatures` (you don't have to initialize it). Provide the output as assigning the signature to the entry of the `signatures` dictionary. 

Examples:

```python
signatures["torch.scatter_add"] = {
    "args": {
        "input": "tensor",
        "dim": "integer",
        "index": "tensor",
        "src": "tensor"
    },
    "kwargs": {},
    "inner": {},
}
signatures["torch.add"] = {
    "args": {
        "input": "tensor",
        "other": "tensor"
    },
    "kwargs": {
        "alpha": "float",
        "out": "tensor"
    },
    "inner": {},
}
signatures["torch.nn.ReflectionPad1d_1"] = {
    "args": {
        "padding": "integer"
    },
    "kwargs": {},
    "inner": {
        "args": {
            "input": "tensor",
            "other": "tensor"
        },
        "kwargs": {}
    }
}
signatures["torch.nn.ReflectionPad1d_2"] = {
    "args": {
        "padding": "tuple"
    },
    "kwargs": {},
    "inner": {
        "args": {
            "input": "tensor",
            "other": "tensor"
        },
        "kwargs": {}
    }
}
```


- Only provide the code, skip any other text. Do not include verbose comments inside code other than short comments about confusion. Do not make any system calls within the code. Do not break any dependencies.


HTTP Request: POST http://127.0.0.1:8080/v1/chat/completions "HTTP/1.1 200 OK"
[Response]

```python
signatures["torch.nn.BatchNorm1d_1"] = {
    "args": {
        "num_features": "integer"
    },
    "kwargs": {
        "eps": "float",
        "momentum": "float",
        "affine": "boolean",
        "track_running_stats": "boolean",
        "device": "string",
        "dtype": "string"
    },
    "inner": {
        "args": {
            "input": "tensor"
        },
        "kwargs": {}
    }
}
```


[Usage]

Token usage: input=2660, output=113, total=2773


[Prompt]

For the api torch.special.polygamma, provide a signature of the api as a dictionary. Here are the specifications:
- The dictionary should have three keys: 
    - `args` for positional arguments (parameters). The value should be a dictionary with names of the parameters as the key (e.g. "input"). The values should be the type of argument it accepts.
    - `kwargs` for keyword arguments. The value should be a dictinary similar to the one above.
    - `inner` for apis that are callable modules i.e. they return a function that can be called with more parameters. This will contain the signature required to call the function returned by the api. This value should be another dictionary with `args` and `kwargs` if the api is a callable module. Otherwise, keep this dictionary empty (i.e. do not include the `args` or `kwargs` keys). This api likely does not return a function, check if that is true. If so, `inner` should be empty. Otherwise add the signature for the inner call.
- **IMPORTANT** The types of each parameter can only be (strictly) one of the following options:
    - "tensor"
    - "tensor_list"
    - "integer"
    - "float"
    - "boolean"
    - "string"
    - "dtype"
    - "list"
    - "tuple"
- Choose the value that most closely matches with the argument type. For example, change IntTensor or FloatTensor type arguments to "tensor", change "Numbers" to "float" etc.
- If you are confused about a type, choose the best one and add a small comment on what you think should have been there instead.
- Do not add the argument "device".
- If a parameter name starts with an underscore `_` and/or the document does not describe the parameter (i.e. internal parameters), skip including the parameter in the signature.
- If the api has multiple signatures, add both with a prefix to the dictionary key enumerating the count (e.g. `"torch.special.polygamma_1"`, `"torch.special.polygamma_2"` etc). Same goes for argument types, if an argument can be of multiple types (e.g. tuples and integers), create new signatures for each possible type with same prefixes as mentioned before.
- **IMPORTANT** Assume I already have a dictionary called `signatures` (you don't have to initialize it). Provide the output as assigning the signature to the entry of the `signatures` dictionary. 

Examples:

```python
signatures["torch.scatter_add"] = {
    "args": {
        "input": "tensor",
        "dim": "integer",
        "index": "tensor",
        "src": "tensor"
    },
    "kwargs": {},
    "inner": {},
}
signatures["torch.add"] = {
    "args": {
        "input": "tensor",
        "other": "tensor"
    },
    "kwargs": {
        "alpha": "float",
        "out": "tensor"
    },
    "inner": {},
}
signatures["torch.nn.ReflectionPad1d_1"] = {
    "args": {
        "padding": "integer"
    },
    "kwargs": {},
    "inner": {
        "args": {
            "input": "tensor",
            "other": "tensor"
        },
        "kwargs": {}
    }
}
signatures["torch.nn.ReflectionPad1d_2"] = {
    "args": {
        "padding": "tuple"
    },
    "kwargs": {},
    "inner": {
        "args": {
            "input": "tensor",
            "other": "tensor"
        },
        "kwargs": {}
    }
}
```


- Only provide the code, skip any other text. Do not include verbose comments inside code other than short comments about confusion. Do not make any system calls within the code. Do not break any dependencies.


HTTP Request: POST http://127.0.0.1:8080/v1/chat/completions "HTTP/1.1 200 OK"
[Response]

signatures["torch.special.polygamma"] = {
    "args": {
        "n": "integer",
        "input": "tensor"
    },
    "kwargs": {},
    "inner": {},
}


[Usage]

Token usage: input=819, output=43, total=862


[Prompt]

This is the documentation for the function torch.logsumexp:

"torch.logsumexp#
torch.logsumexp(input, dim, keepdim=False, *, out=None)#
Returns the log of summed exponentials of each row of the input tensor in the given dimension dim. The computation is numerically stabilized. For summation index jjj given by dim and other indices iii, the result is logsumexp(x)i=logjexp(xij)\text{logsumexp}(x)_{i} = \log \sum_j \exp(x_{ij}) logsumexp(x)i=logjexp(xij) If keepdim is True, the output tensor is of the same size as input except in the dimension(s) dim where it is of size 1. Otherwise, dim is squeezed (see torch.squeeze()), resulting in the output tensor having 1 (or len(dim)) fewer dimension(s). Parameters input (Tensor)  the input tensor. dim (int or tuple of ints)  the dimension or dimensions to reduce. keepdim (bool, optional)  whether the output tensor has dim retained or not. Default: False. Keyword Arguments out (Tensor, optional)  the output tensor. Example: >>> a = torch.randn(3, 3) >>> torch.logsumexp(a, 1) tensor([1.4907, 1.0593, 1.5696]) >>> torch.dist(torch.logsumexp(a, 1), torch.log(torch.sum(torch.exp(a), 1))) tensor(1.6859e-07)
Returns the log of summed exponentials of each row of the input tensor in the given dimension dim. The computation is numerically stabilized.
input
dim
For summation index jjj given by dim and other indices iii, the result is
If keepdim is True, the output tensor is of the same size as input except in the dimension(s) dim where it is of size 1. Otherwise, dim is squeezed (see torch.squeeze()), resulting in the output tensor having 1 (or len(dim)) fewer dimension(s).
keepdim
True
torch.squeeze()
len(dim)
Parameters
input (Tensor)  the input tensor. dim (int or tuple of ints)  the dimension or dimensions to reduce. keepdim (bool, optional)  whether the output tensor has dim retained or not. Default: False.
input (Tensor)  the input tensor.
dim (int or tuple of ints)  the dimension or dimensions to reduce.
keepdim (bool, optional)  whether the output tensor has dim retained or not. Default: False.
False
Keyword Arguments
out (Tensor, optional)  the output tensor.
Example:
>>> a = torch.randn(3, 3) >>> torch.logsumexp(a, 1) tensor([1.4907, 1.0593, 1.5696]) >>> torch.dist(torch.logsumexp(a, 1), torch.log(torch.sum(torch.exp(a), 1))) tensor(1.6859e-07)"

For the api torch.logsumexp, provide a signature of the api as a dictionary. Here are the specifications:
- The dictionary should have three keys: 
    - `args` for positional arguments (parameters). The value should be a dictionary with names of the parameters as the key (e.g. "input"). The values should be the type of argument it accepts.
    - `kwargs` for keyword arguments. The value should be a dictinary similar to the one above.
    - `inner` for apis that are callable modules i.e. they return a function that can be called with more parameters. This will contain the signature required to call the function returned by the api. This value should be another dictionary with `args` and `kwargs` if the api is a callable module. Otherwise, keep this dictionary empty (i.e. do not include the `args` or `kwargs` keys). This api likely does not return a function, check if that is true. If so, `inner` should be empty. Otherwise add the signature for the inner call.
- **IMPORTANT** The types of each parameter can only be (strictly) one of the following options:
    - "tensor"
    - "tensor_list"
    - "integer"
    - "float"
    - "boolean"
    - "string"
    - "dtype"
    - "list"
    - "tuple"
- Choose the value that most closely matches with the argument type. For example, change IntTensor or FloatTensor type arguments to "tensor", change "Numbers" to "float" etc.
- If you are confused about a type, choose the best one and add a small comment on what you think should have been there instead.
- Do not add the argument "device".
- If a parameter name starts with an underscore `_` and/or the document does not describe the parameter (i.e. internal parameters), skip including the parameter in the signature.
- If the api has multiple signatures, add both with a prefix to the dictionary key enumerating the count (e.g. `"torch.logsumexp_1"`, `"torch.logsumexp_2"` etc). Same goes for argument types, if an argument can be of multiple types (e.g. tuples and integers), create new signatures for each possible type with same prefixes as mentioned before.
- **IMPORTANT** Assume I already have a dictionary called `signatures` (you don't have to initialize it). Provide the output as assigning the signature to the entry of the `signatures` dictionary. 

Examples:

```python
signatures["torch.scatter_add"] = {
    "args": {
        "input": "tensor",
        "dim": "integer",
        "index": "tensor",
        "src": "tensor"
    },
    "kwargs": {},
    "inner": {},
}
signatures["torch.add"] = {
    "args": {
        "input": "tensor",
        "other": "tensor"
    },
    "kwargs": {
        "alpha": "float",
        "out": "tensor"
    },
    "inner": {},
}
signatures["torch.nn.ReflectionPad1d_1"] = {
    "args": {
        "padding": "integer"
    },
    "kwargs": {},
    "inner": {
        "args": {
            "input": "tensor",
            "other": "tensor"
        },
        "kwargs": {}
    }
}
signatures["torch.nn.ReflectionPad1d_2"] = {
    "args": {
        "padding": "tuple"
    },
    "kwargs": {},
    "inner": {
        "args": {
            "input": "tensor",
            "other": "tensor"
        },
        "kwargs": {}
    }
}
```


- Only provide the code, skip any other text. Do not include verbose comments inside code other than short comments about confusion. Do not make any system calls within the code. Do not break any dependencies.


HTTP Request: POST http://127.0.0.1:8080/v1/chat/completions "HTTP/1.1 200 OK"
[Response]

```python
signatures["torch.logsumexp"] = {
    "args": {
        "input": "tensor",
        "dim": "integer"
    },
    "kwargs": {
        "keepdim": "boolean",
        "out": "tensor"
    },
    "inner": {},
}
```


[Usage]

Token usage: input=1460, output=64, total=1524


[Prompt]

This is the documentation for the function torch.sqrt:

"torch.sqrt#
torch.sqrt(input, *, out=None)  Tensor#
Returns a new tensor with the square-root of the elements of input. outi=inputi\text{out}_{i} = \sqrt{\text{input}_{i}} outi=inputi Parameters input (Tensor)  the input tensor. Keyword Arguments out (Tensor, optional)  the output tensor. Example: >>> a = torch.randn(4) >>> a tensor([-2.0755, 1.0226, 0.0831, 0.4806]) >>> torch.sqrt(a) tensor([ nan, 1.0112, 0.2883, 0.6933])
Returns a new tensor with the square-root of the elements of input.
input
Parameters
input (Tensor)  the input tensor.
Keyword Arguments
out (Tensor, optional)  the output tensor.
Example:
>>> a = torch.randn(4) >>> a tensor([-2.0755, 1.0226, 0.0831, 0.4806]) >>> torch.sqrt(a) tensor([ nan, 1.0112, 0.2883, 0.6933])"

For the api torch.sqrt, provide a signature of the api as a dictionary. Here are the specifications:
- The dictionary should have three keys: 
    - `args` for positional arguments (parameters). The value should be a dictionary with names of the parameters as the key (e.g. "input"). The values should be the type of argument it accepts.
    - `kwargs` for keyword arguments. The value should be a dictinary similar to the one above.
    - `inner` for apis that are callable modules i.e. they return a function that can be called with more parameters. This will contain the signature required to call the function returned by the api. This value should be another dictionary with `args` and `kwargs` if the api is a callable module. Otherwise, keep this dictionary empty (i.e. do not include the `args` or `kwargs` keys). This api likely does not return a function, check if that is true. If so, `inner` should be empty. Otherwise add the signature for the inner call.
- **IMPORTANT** The types of each parameter can only be (strictly) one of the following options:
    - "tensor"
    - "tensor_list"
    - "integer"
    - "float"
    - "boolean"
    - "string"
    - "dtype"
    - "list"
    - "tuple"
- Choose the value that most closely matches with the argument type. For example, change IntTensor or FloatTensor type arguments to "tensor", change "Numbers" to "float" etc.
- If you are confused about a type, choose the best one and add a small comment on what you think should have been there instead.
- Do not add the argument "device".
- If a parameter name starts with an underscore `_` and/or the document does not describe the parameter (i.e. internal parameters), skip including the parameter in the signature.
- If the api has multiple signatures, add both with a prefix to the dictionary key enumerating the count (e.g. `"torch.sqrt_1"`, `"torch.sqrt_2"` etc). Same goes for argument types, if an argument can be of multiple types (e.g. tuples and integers), create new signatures for each possible type with same prefixes as mentioned before.
- **IMPORTANT** Assume I already have a dictionary called `signatures` (you don't have to initialize it). Provide the output as assigning the signature to the entry of the `signatures` dictionary. 

Examples:

```python
signatures["torch.scatter_add"] = {
    "args": {
        "input": "tensor",
        "dim": "integer",
        "index": "tensor",
        "src": "tensor"
    },
    "kwargs": {},
    "inner": {},
}
signatures["torch.add"] = {
    "args": {
        "input": "tensor",
        "other": "tensor"
    },
    "kwargs": {
        "alpha": "float",
        "out": "tensor"
    },
    "inner": {},
}
signatures["torch.nn.ReflectionPad1d_1"] = {
    "args": {
        "padding": "integer"
    },
    "kwargs": {},
    "inner": {
        "args": {
            "input": "tensor",
            "other": "tensor"
        },
        "kwargs": {}
    }
}
signatures["torch.nn.ReflectionPad1d_2"] = {
    "args": {
        "padding": "tuple"
    },
    "kwargs": {},
    "inner": {
        "args": {
            "input": "tensor",
            "other": "tensor"
        },
        "kwargs": {}
    }
}
```


- Only provide the code, skip any other text. Do not include verbose comments inside code other than short comments about confusion. Do not make any system calls within the code. Do not break any dependencies.


HTTP Request: POST http://127.0.0.1:8080/v1/chat/completions "HTTP/1.1 200 OK"
[Response]

signatures["torch.sqrt"] = {
    "args": {
        "input": "tensor"
    },
    "kwargs": {
        "out": " tensor"
    },
    "inner": {}
}


[Usage]

Token usage: input=1098, output=43, total=1141


[Prompt]

For the api torch.nn.functional.margin_ranking_loss, provide a signature of the api as a dictionary. Here are the specifications:
- The dictionary should have three keys: 
    - `args` for positional arguments (parameters). The value should be a dictionary with names of the parameters as the key (e.g. "input"). The values should be the type of argument it accepts.
    - `kwargs` for keyword arguments. The value should be a dictinary similar to the one above.
    - `inner` for apis that are callable modules i.e. they return a function that can be called with more parameters. This will contain the signature required to call the function returned by the api. This value should be another dictionary with `args` and `kwargs` if the api is a callable module. Otherwise, keep this dictionary empty (i.e. do not include the `args` or `kwargs` keys). This api likely does not return a function, check if that is true. If so, `inner` should be empty. Otherwise add the signature for the inner call.
- **IMPORTANT** The types of each parameter can only be (strictly) one of the following options:
    - "tensor"
    - "tensor_list"
    - "integer"
    - "float"
    - "boolean"
    - "string"
    - "dtype"
    - "list"
    - "tuple"
- Choose the value that most closely matches with the argument type. For example, change IntTensor or FloatTensor type arguments to "tensor", change "Numbers" to "float" etc.
- If you are confused about a type, choose the best one and add a small comment on what you think should have been there instead.
- Do not add the argument "device".
- If a parameter name starts with an underscore `_` and/or the document does not describe the parameter (i.e. internal parameters), skip including the parameter in the signature.
- If the api has multiple signatures, add both with a prefix to the dictionary key enumerating the count (e.g. `"torch.nn.functional.margin_ranking_loss_1"`, `"torch.nn.functional.margin_ranking_loss_2"` etc). Same goes for argument types, if an argument can be of multiple types (e.g. tuples and integers), create new signatures for each possible type with same prefixes as mentioned before.
- **IMPORTANT** Assume I already have a dictionary called `signatures` (you don't have to initialize it). Provide the output as assigning the signature to the entry of the `signatures` dictionary. 

Examples:

```python
signatures["torch.scatter_add"] = {
    "args": {
        "input": "tensor",
        "dim": "integer",
        "index": "tensor",
        "src": "tensor"
    },
    "kwargs": {},
    "inner": {},
}
signatures["torch.add"] = {
    "args": {
        "input": "tensor",
        "other": "tensor"
    },
    "kwargs": {
        "alpha": "float",
        "out": "tensor"
    },
    "inner": {},
}
signatures["torch.nn.ReflectionPad1d_1"] = {
    "args": {
        "padding": "integer"
    },
    "kwargs": {},
    "inner": {
        "args": {
            "input": "tensor",
            "other": "tensor"
        },
        "kwargs": {}
    }
}
signatures["torch.nn.ReflectionPad1d_2"] = {
    "args": {
        "padding": "tuple"
    },
    "kwargs": {},
    "inner": {
        "args": {
            "input": "tensor",
            "other": "tensor"
        },
        "kwargs": {}
    }
}
```


- Only provide the code, skip any other text. Do not include verbose comments inside code other than short comments about confusion. Do not make any system calls within the code. Do not break any dependencies.


HTTP Request: POST http://127.0.0.1:8080/v1/chat/completions "HTTP/1.1 200 OK"
[Response]

signatures["torch.nn.functional.margin_ranking_loss"] = {
    "args": {
        "input1": "tensor",
        "input2": "tensor",
        "target": "tensor"
    },
    "kwargs": {
        "margin": "float",
        "reduction": "string"
    },
    "inner": {},
}


[Usage]

Token usage: input=828, output=72, total=900


[Prompt]

This is the documentation for the function torch.flipud:

"torch.flipud#
torch.flipud(input)  Tensor#
Flip tensor in the up/down direction, returning a new tensor. Flip the entries in each column in the up/down direction. Rows are preserved, but appear in a different order than before. Note Requires the tensor to be at least 1-D. Note torch.flipud makes a copy of inputs data. This is different from NumPys np.flipud, which returns a view in constant time. Since copying a tensors data is more work than viewing that data, torch.flipud is expected to be slower than np.flipud. Parameters input (Tensor)  Must be at least 1-dimensional. Example: >>> x = torch.arange(4).view(2, 2) >>> x tensor([[0, 1], [2, 3]]) >>> torch.flipud(x) tensor([[2, 3], [0, 1]])
Flip tensor in the up/down direction, returning a new tensor.
Flip the entries in each column in the up/down direction. Rows are preserved, but appear in a different order than before.
Note
Requires the tensor to be at least 1-D.
torch.flipud makes a copy of inputs data. This is different from NumPys np.flipud, which returns a view in constant time. Since copying a tensors data is more work than viewing that data, torch.flipud is expected to be slower than np.flipud.
input
Parameters
input (Tensor)  Must be at least 1-dimensional.
Example:
>>> x = torch.arange(4).view(2, 2) >>> x tensor([[0, 1], [2, 3]]) >>> torch.flipud(x) tensor([[2, 3], [0, 1]])"

For the api torch.flipud, provide a signature of the api as a dictionary. Here are the specifications:
- The dictionary should have three keys: 
    - `args` for positional arguments (parameters). The value should be a dictionary with names of the parameters as the key (e.g. "input"). The values should be the type of argument it accepts.
    - `kwargs` for keyword arguments. The value should be a dictinary similar to the one above.
    - `inner` for apis that are callable modules i.e. they return a function that can be called with more parameters. This will contain the signature required to call the function returned by the api. This value should be another dictionary with `args` and `kwargs` if the api is a callable module. Otherwise, keep this dictionary empty (i.e. do not include the `args` or `kwargs` keys). This api likely does not return a function, check if that is true. If so, `inner` should be empty. Otherwise add the signature for the inner call.
- **IMPORTANT** The types of each parameter can only be (strictly) one of the following options:
    - "tensor"
    - "tensor_list"
    - "integer"
    - "float"
    - "boolean"
    - "string"
    - "dtype"
    - "list"
    - "tuple"
- Choose the value that most closely matches with the argument type. For example, change IntTensor or FloatTensor type arguments to "tensor", change "Numbers" to "float" etc.
- If you are confused about a type, choose the best one and add a small comment on what you think should have been there instead.
- Do not add the argument "device".
- If a parameter name starts with an underscore `_` and/or the document does not describe the parameter (i.e. internal parameters), skip including the parameter in the signature.
- If the api has multiple signatures, add both with a prefix to the dictionary key enumerating the count (e.g. `"torch.flipud_1"`, `"torch.flipud_2"` etc). Same goes for argument types, if an argument can be of multiple types (e.g. tuples and integers), create new signatures for each possible type with same prefixes as mentioned before.
- **IMPORTANT** Assume I already have a dictionary called `signatures` (you don't have to initialize it). Provide the output as assigning the signature to the entry of the `signatures` dictionary. 

Examples:

```python
signatures["torch.scatter_add"] = {
    "args": {
        "input": "tensor",
        "dim": "integer",
        "index": "tensor",
        "src": "tensor"
    },
    "kwargs": {},
    "inner": {},
}
signatures["torch.add"] = {
    "args": {
        "input": "tensor",
        "other": "tensor"
    },
    "kwargs": {
        "alpha": "float",
        "out": "tensor"
    },
    "inner": {},
}
signatures["torch.nn.ReflectionPad1d_1"] = {
    "args": {
        "padding": "integer"
    },
    "kwargs": {},
    "inner": {
        "args": {
            "input": "tensor",
            "other": "tensor"
        },
        "kwargs": {}
    }
}
signatures["torch.nn.ReflectionPad1d_2"] = {
    "args": {
        "padding": "tuple"
    },
    "kwargs": {},
    "inner": {
        "args": {
            "input": "tensor",
            "other": "tensor"
        },
        "kwargs": {}
    }
}
```


- Only provide the code, skip any other text. Do not include verbose comments inside code other than short comments about confusion. Do not make any system calls within the code. Do not break any dependencies.


HTTP Request: POST http://127.0.0.1:8080/v1/chat/completions "HTTP/1.1 200 OK"
[Response]

```python
signatures["torch.flipud_1"] = {
    "args": {
        "input": "tensor"
    },
    "kwargs": {},
    "inner": {}
}
```


[Usage]

Token usage: input=1186, output=41, total=1227


[Prompt]

For the api torch.float_power, provide a signature of the api as a dictionary. Here are the specifications:
- The dictionary should have three keys: 
    - `args` for positional arguments (parameters). The value should be a dictionary with names of the parameters as the key (e.g. "input"). The values should be the type of argument it accepts.
    - `kwargs` for keyword arguments. The value should be a dictinary similar to the one above.
    - `inner` for apis that are callable modules i.e. they return a function that can be called with more parameters. This will contain the signature required to call the function returned by the api. This value should be another dictionary with `args` and `kwargs` if the api is a callable module. Otherwise, keep this dictionary empty (i.e. do not include the `args` or `kwargs` keys). This api likely does not return a function, check if that is true. If so, `inner` should be empty. Otherwise add the signature for the inner call.
- **IMPORTANT** The types of each parameter can only be (strictly) one of the following options:
    - "tensor"
    - "tensor_list"
    - "integer"
    - "float"
    - "boolean"
    - "string"
    - "dtype"
    - "list"
    - "tuple"
- Choose the value that most closely matches with the argument type. For example, change IntTensor or FloatTensor type arguments to "tensor", change "Numbers" to "float" etc.
- If you are confused about a type, choose the best one and add a small comment on what you think should have been there instead.
- Do not add the argument "device".
- If a parameter name starts with an underscore `_` and/or the document does not describe the parameter (i.e. internal parameters), skip including the parameter in the signature.
- If the api has multiple signatures, add both with a prefix to the dictionary key enumerating the count (e.g. `"torch.float_power_1"`, `"torch.float_power_2"` etc). Same goes for argument types, if an argument can be of multiple types (e.g. tuples and integers), create new signatures for each possible type with same prefixes as mentioned before.
- **IMPORTANT** Assume I already have a dictionary called `signatures` (you don't have to initialize it). Provide the output as assigning the signature to the entry of the `signatures` dictionary. 

Examples:

```python
signatures["torch.scatter_add"] = {
    "args": {
        "input": "tensor",
        "dim": "integer",
        "index": "tensor",
        "src": "tensor"
    },
    "kwargs": {},
    "inner": {},
}
signatures["torch.add"] = {
    "args": {
        "input": "tensor",
        "other": "tensor"
    },
    "kwargs": {
        "alpha": "float",
        "out": "tensor"
    },
    "inner": {},
}
signatures["torch.nn.ReflectionPad1d_1"] = {
    "args": {
        "padding": "integer"
    },
    "kwargs": {},
    "inner": {
        "args": {
            "input": "tensor",
            "other": "tensor"
        },
        "kwargs": {}
    }
}
signatures["torch.nn.ReflectionPad1d_2"] = {
    "args": {
        "padding": "tuple"
    },
    "kwargs": {},
    "inner": {
        "args": {
            "input": "tensor",
            "other": "tensor"
        },
        "kwargs": {}
    }
}
```


- Only provide the code, skip any other text. Do not include verbose comments inside code other than short comments about confusion. Do not make any system calls within the code. Do not break any dependencies.


HTTP Request: POST http://127.0.0.1:8080/v1/chat/completions "HTTP/1.1 200 OK"
[Response]

signatures["torch.float_power"] = {
    "args": {
        "input": "tensor",
        "exponent": "tensor"
    },
    "kwargs": {},
    "inner": {}
}


[Usage]

Token usage: input=816, output=43, total=859


[Prompt]

This is the documentation for the function torch.cumprod:

"torch.cumprod#
torch.cumprod(input, dim, *, dtype=None, out=None)  Tensor#
Returns the cumulative product of elements of input in the dimension dim. For example, if input is a vector of size N, the result will also be a vector of size N, with elements. yi=x1x2x3xiy_i = x_1 \times x_2\times x_3\times \dots \times x_i yi=x1x2x3xi Parameters input (Tensor)  the input tensor. dim (int)  the dimension to do the operation over Keyword Arguments dtype (torch.dtype, optional)  the desired data type of returned tensor. If specified, the input tensor is casted to dtype before the operation is performed. This is useful for preventing data type overflows. Default: None. out (Tensor, optional)  the output tensor. Example: >>> a = torch.randn(10) >>> a tensor([ 0.6001, 0.2069, -0.1919, 0.9792, 0.6727, 1.0062, 0.4126, -0.2129, -0.4206, 0.1968]) >>> torch.cumprod(a, dim=0) tensor([ 0.6001, 0.1241, -0.0238, -0.0233, -0.0157, -0.0158, -0.0065, 0.0014, -0.0006, -0.0001]) >>> a[5] = 0.0 >>> torch.cumprod(a, dim=0) tensor([ 0.6001, 0.1241, -0.0238, -0.0233, -0.0157, -0.0000, -0.0000, 0.0000, -0.0000, -0.0000])
Returns the cumulative product of elements of input in the dimension dim.
input
dim
For example, if input is a vector of size N, the result will also be a vector of size N, with elements.
Parameters
input (Tensor)  the input tensor. dim (int)  the dimension to do the operation over
input (Tensor)  the input tensor.
dim (int)  the dimension to do the operation over
Keyword Arguments
dtype (torch.dtype, optional)  the desired data type of returned tensor. If specified, the input tensor is casted to dtype before the operation is performed. This is useful for preventing data type overflows. Default: None. out (Tensor, optional)  the output tensor.
dtype (torch.dtype, optional)  the desired data type of returned tensor. If specified, the input tensor is casted to dtype before the operation is performed. This is useful for preventing data type overflows. Default: None.
torch.dtype
dtype
out (Tensor, optional)  the output tensor.
Example:
>>> a = torch.randn(10) >>> a tensor([ 0.6001, 0.2069, -0.1919, 0.9792, 0.6727, 1.0062, 0.4126, -0.2129, -0.4206, 0.1968]) >>> torch.cumprod(a, dim=0) tensor([ 0.6001, 0.1241, -0.0238, -0.0233, -0.0157, -0.0158, -0.0065, 0.0014, -0.0006, -0.0001]) >>> a[5] = 0.0 >>> torch.cumprod(a, dim=0) tensor([ 0.6001, 0.1241, -0.0238, -0.0233, -0.0157, -0.0000, -0.0000, 0.0000, -0.0000, -0.0000])"

For the api torch.cumprod, provide a signature of the api as a dictionary. Here are the specifications:
- The dictionary should have three keys: 
    - `args` for positional arguments (parameters). The value should be a dictionary with names of the parameters as the key (e.g. "input"). The values should be the type of argument it accepts.
    - `kwargs` for keyword arguments. The value should be a dictinary similar to the one above.
    - `inner` for apis that are callable modules i.e. they return a function that can be called with more parameters. This will contain the signature required to call the function returned by the api. This value should be another dictionary with `args` and `kwargs` if the api is a callable module. Otherwise, keep this dictionary empty (i.e. do not include the `args` or `kwargs` keys). This api likely does not return a function, check if that is true. If so, `inner` should be empty. Otherwise add the signature for the inner call.
- **IMPORTANT** The types of each parameter can only be (strictly) one of the following options:
    - "tensor"
    - "tensor_list"
    - "integer"
    - "float"
    - "boolean"
    - "string"
    - "dtype"
    - "list"
    - "tuple"
- Choose the value that most closely matches with the argument type. For example, change IntTensor or FloatTensor type arguments to "tensor", change "Numbers" to "float" etc.
- If you are confused about a type, choose the best one and add a small comment on what you think should have been there instead.
- Do not add the argument "device".
- If a parameter name starts with an underscore `_` and/or the document does not describe the parameter (i.e. internal parameters), skip including the parameter in the signature.
- If the api has multiple signatures, add both with a prefix to the dictionary key enumerating the count (e.g. `"torch.cumprod_1"`, `"torch.cumprod_2"` etc). Same goes for argument types, if an argument can be of multiple types (e.g. tuples and integers), create new signatures for each possible type with same prefixes as mentioned before.
- **IMPORTANT** Assume I already have a dictionary called `signatures` (you don't have to initialize it). Provide the output as assigning the signature to the entry of the `signatures` dictionary. 

Examples:

```python
signatures["torch.scatter_add"] = {
    "args": {
        "input": "tensor",
        "dim": "integer",
        "index": "tensor",
        "src": "tensor"
    },
    "kwargs": {},
    "inner": {},
}
signatures["torch.add"] = {
    "args": {
        "input": "tensor",
        "other": "tensor"
    },
    "kwargs": {
        "alpha": "float",
        "out": "tensor"
    },
    "inner": {},
}
signatures["torch.nn.ReflectionPad1d_1"] = {
    "args": {
        "padding": "integer"
    },
    "kwargs": {},
    "inner": {
        "args": {
            "input": "tensor",
            "other": "tensor"
        },
        "kwargs": {}
    }
}
signatures["torch.nn.ReflectionPad1d_2"] = {
    "args": {
        "padding": "tuple"
    },
    "kwargs": {},
    "inner": {
        "args": {
            "input": "tensor",
            "other": "tensor"
        },
        "kwargs": {}
    }
}
```


- Only provide the code, skip any other text. Do not include verbose comments inside code other than short comments about confusion. Do not make any system calls within the code. Do not break any dependencies.


HTTP Request: POST http://127.0.0.1:8080/v1/chat/completions "HTTP/1.1 200 OK"
[Response]

signatures["torch.cumprod"] = {
    "args": {
        "input": "tensor",
        "dim": "integer"
    },
    "kwargs": {
        "dtype": "dtype",
        "out": "tensor"
    },
    "inner": {}
}


[Usage]

Token usage: input=1802, output=58, total=1860


[Prompt]

This is the documentation for the function torch.nn.functional.relu6:

"torch.nn.functional.relu6#
torch.nn.functional.relu6(input, inplace=False)  Tensor[source]#
Applies the element-wise function ReLU6(x)=min(max(0,x),6)\text{ReLU6}(x) = \min(\max(0,x), 6)ReLU6(x)=min(max(0,x),6). See ReLU6 for more details. Return type Tensor
Applies the element-wise function ReLU6(x)=min(max(0,x),6)\text{ReLU6}(x) = \min(\max(0,x), 6)ReLU6(x)=min(max(0,x),6).
See ReLU6 for more details.
ReLU6
Return type
Tensor"

For the api torch.nn.functional.relu6, provide a signature of the api as a dictionary. Here are the specifications:
- The dictionary should have three keys: 
    - `args` for positional arguments (parameters). The value should be a dictionary with names of the parameters as the key (e.g. "input"). The values should be the type of argument it accepts.
    - `kwargs` for keyword arguments. The value should be a dictinary similar to the one above.
    - `inner` for apis that are callable modules i.e. they return a function that can be called with more parameters. This will contain the signature required to call the function returned by the api. This value should be another dictionary with `args` and `kwargs` if the api is a callable module. Otherwise, keep this dictionary empty (i.e. do not include the `args` or `kwargs` keys). This api likely does not return a function, check if that is true. If so, `inner` should be empty. Otherwise add the signature for the inner call.
- **IMPORTANT** The types of each parameter can only be (strictly) one of the following options:
    - "tensor"
    - "tensor_list"
    - "integer"
    - "float"
    - "boolean"
    - "string"
    - "dtype"
    - "list"
    - "tuple"
- Choose the value that most closely matches with the argument type. For example, change IntTensor or FloatTensor type arguments to "tensor", change "Numbers" to "float" etc.
- If you are confused about a type, choose the best one and add a small comment on what you think should have been there instead.
- Do not add the argument "device".
- If a parameter name starts with an underscore `_` and/or the document does not describe the parameter (i.e. internal parameters), skip including the parameter in the signature.
- If the api has multiple signatures, add both with a prefix to the dictionary key enumerating the count (e.g. `"torch.nn.functional.relu6_1"`, `"torch.nn.functional.relu6_2"` etc). Same goes for argument types, if an argument can be of multiple types (e.g. tuples and integers), create new signatures for each possible type with same prefixes as mentioned before.
- **IMPORTANT** Assume I already have a dictionary called `signatures` (you don't have to initialize it). Provide the output as assigning the signature to the entry of the `signatures` dictionary. 

Examples:

```python
signatures["torch.scatter_add"] = {
    "args": {
        "input": "tensor",
        "dim": "integer",
        "index": "tensor",
        "src": "tensor"
    },
    "kwargs": {},
    "inner": {},
}
signatures["torch.add"] = {
    "args": {
        "input": "tensor",
        "other": "tensor"
    },
    "kwargs": {
        "alpha": "float",
        "out": "tensor"
    },
    "inner": {},
}
signatures["torch.nn.ReflectionPad1d_1"] = {
    "args": {
        "padding": "integer"
    },
    "kwargs": {},
    "inner": {
        "args": {
            "input": "tensor",
            "other": "tensor"
        },
        "kwargs": {}
    }
}
signatures["torch.nn.ReflectionPad1d_2"] = {
    "args": {
        "padding": "tuple"
    },
    "kwargs": {},
    "inner": {
        "args": {
            "input": "tensor",
            "other": "tensor"
        },
        "kwargs": {}
    }
}
```


- Only provide the code, skip any other text. Do not include verbose comments inside code other than short comments about confusion. Do not make any system calls within the code. Do not break any dependencies.


HTTP Request: POST http://127.0.0.1:8080/v1/chat/completions "HTTP/1.1 200 OK"
[Response]

signatures["torch.nn.functional.relu6"] = {
    "args": {
        "input": "tensor"
    },
    "kwargs": {
        "inplace": "boolean"
    },
    "inner": {},
}


[Usage]

Token usage: input=985, output=47, total=1032


[Prompt]

This is the documentation for the function torch.nn.ReplicationPad3d:

"class torch.nn.ReplicationPad3d(padding)[source]#
Pads the input tensor using replication of the input boundary. For N-dimensional padding, use torch.nn.functional.pad(). Parameters padding (int, tuple)  the size of the padding. If is int, uses the same padding in all boundaries. If a 6-tuple, uses (padding_left\text{padding\_left}padding_left, padding_right\text{padding\_right}padding_right, padding_top\text{padding\_top}padding_top, padding_bottom\text{padding\_bottom}padding_bottom, padding_front\text{padding\_front}padding_front, padding_back\text{padding\_back}padding_back) Note that the output dimensions must remain positive. Shape: Input: (N,C,Din,Hin,Win)(N, C, D_{in}, H_{in}, W_{in})(N,C,Din,Hin,Win) or (C,Din,Hin,Win)(C, D_{in}, H_{in}, W_{in})(C,Din,Hin,Win). Output: (N,C,Dout,Hout,Wout)(N, C, D_{out}, H_{out}, W_{out})(N,C,Dout,Hout,Wout) or (C,Dout,Hout,Wout)(C, D_{out}, H_{out}, W_{out})(C,Dout,Hout,Wout), where Dout=Din+padding_front+padding_backD_{out} = D_{in} + \text{padding\_front} + \text{padding\_back}Dout=Din+padding_front+padding_back Hout=Hin+padding_top+padding_bottomH_{out} = H_{in} + \text{padding\_top} + \text{padding\_bottom}Hout=Hin+padding_top+padding_bottom Wout=Win+padding_left+padding_rightW_{out} = W_{in} + \text{padding\_left} + \text{padding\_right}Wout=Win+padding_left+padding_right Examples: >>> m = nn.ReplicationPad3d(3) >>> input = torch.randn(16, 3, 8, 320, 480) >>> output = m(input) >>> # using different paddings for different sides >>> m = nn.ReplicationPad3d((3, 3, 6, 6, 1, 1)) >>> output = m(input)
Pads the input tensor using replication of the input boundary.
For N-dimensional padding, use torch.nn.functional.pad().
torch.nn.functional.pad()
Parameters
padding (int, tuple)  the size of the padding. If is int, uses the same padding in all boundaries. If a 6-tuple, uses (padding_left\text{padding\_left}padding_left, padding_right\text{padding\_right}padding_right, padding_top\text{padding\_top}padding_top, padding_bottom\text{padding\_bottom}padding_bottom, padding_front\text{padding\_front}padding_front, padding_back\text{padding\_back}padding_back) Note that the output dimensions must remain positive.
Shape:
Input: (N,C,Din,Hin,Win)(N, C, D_{in}, H_{in}, W_{in})(N,C,Din,Hin,Win) or (C,Din,Hin,Win)(C, D_{in}, H_{in}, W_{in})(C,Din,Hin,Win). Output: (N,C,Dout,Hout,Wout)(N, C, D_{out}, H_{out}, W_{out})(N,C,Dout,Hout,Wout) or (C,Dout,Hout,Wout)(C, D_{out}, H_{out}, W_{out})(C,Dout,Hout,Wout), where Dout=Din+padding_front+padding_backD_{out} = D_{in} + \text{padding\_front} + \text{padding\_back}Dout=Din+padding_front+padding_back Hout=Hin+padding_top+padding_bottomH_{out} = H_{in} + \text{padding\_top} + \text{padding\_bottom}Hout=Hin+padding_top+padding_bottom Wout=Win+padding_left+padding_rightW_{out} = W_{in} + \text{padding\_left} + \text{padding\_right}Wout=Win+padding_left+padding_right
Input: (N,C,Din,Hin,Win)(N, C, D_{in}, H_{in}, W_{in})(N,C,Din,Hin,Win) or (C,Din,Hin,Win)(C, D_{in}, H_{in}, W_{in})(C,Din,Hin,Win).
Output: (N,C,Dout,Hout,Wout)(N, C, D_{out}, H_{out}, W_{out})(N,C,Dout,Hout,Wout) or (C,Dout,Hout,Wout)(C, D_{out}, H_{out}, W_{out})(C,Dout,Hout,Wout), where Dout=Din+padding_front+padding_backD_{out} = D_{in} + \text{padding\_front} + \text{padding\_back}Dout=Din+padding_front+padding_back Hout=Hin+padding_top+padding_bottomH_{out} = H_{in} + \text{padding\_top} + \text{padding\_bottom}Hout=Hin+padding_top+padding_bottom Wout=Win+padding_left+padding_rightW_{out} = W_{in} + \text{padding\_left} + \text{padding\_right}Wout=Win+padding_left+padding_right
Output: (N,C,Dout,Hout,Wout)(N, C, D_{out}, H_{out}, W_{out})(N,C,Dout,Hout,Wout) or (C,Dout,Hout,Wout)(C, D_{out}, H_{out}, W_{out})(C,Dout,Hout,Wout), where
Dout=Din+padding_front+padding_backD_{out} = D_{in} + \text{padding\_front} + \text{padding\_back}Dout=Din+padding_front+padding_back
Hout=Hin+padding_top+padding_bottomH_{out} = H_{in} + \text{padding\_top} + \text{padding\_bottom}Hout=Hin+padding_top+padding_bottom
Wout=Win+padding_left+padding_rightW_{out} = W_{in} + \text{padding\_left} + \text{padding\_right}Wout=Win+padding_left+padding_right
Examples:
>>> m = nn.ReplicationPad3d(3) >>> input = torch.randn(16, 3, 8, 320, 480) >>> output = m(input) >>> # using different paddings for different sides >>> m = nn.ReplicationPad3d((3, 3, 6, 6, 1, 1)) >>> output = m(input)"

For the api torch.nn.ReplicationPad3d, provide a signature of the api as a dictionary. Here are the specifications:
- The dictionary should have three keys: 
    - `args` for positional arguments (parameters). The value should be a dictionary with names of the parameters as the key (e.g. "input"). The values should be the type of argument it accepts.
    - `kwargs` for keyword arguments. The value should be a dictinary similar to the one above.
    - `inner` for apis that are callable modules i.e. they return a function that can be called with more parameters. This will contain the signature required to call the function returned by the api. This value should be another dictionary with `args` and `kwargs` if the api is a callable module. Otherwise, keep this dictionary empty (i.e. do not include the `args` or `kwargs` keys). This api likely returns a function, look for the parameters that can be passed to the function returned by this api. Hint: very often this information can be found under the "Shape:" section of the documentation.
- **IMPORTANT** The types of each parameter can only be (strictly) one of the following options:
    - "tensor"
    - "tensor_list"
    - "integer"
    - "float"
    - "boolean"
    - "string"
    - "dtype"
    - "list"
    - "tuple"
- Choose the value that most closely matches with the argument type. For example, change IntTensor or FloatTensor type arguments to "tensor", change "Numbers" to "float" etc.
- If you are confused about a type, choose the best one and add a small comment on what you think should have been there instead.
- Do not add the argument "device".
- If a parameter name starts with an underscore `_` and/or the document does not describe the parameter (i.e. internal parameters), skip including the parameter in the signature.
- If the api has multiple signatures, add both with a prefix to the dictionary key enumerating the count (e.g. `"torch.nn.ReplicationPad3d_1"`, `"torch.nn.ReplicationPad3d_2"` etc). Same goes for argument types, if an argument can be of multiple types (e.g. tuples and integers), create new signatures for each possible type with same prefixes as mentioned before.
- **IMPORTANT** Assume I already have a dictionary called `signatures` (you don't have to initialize it). Provide the output as assigning the signature to the entry of the `signatures` dictionary. 

Examples:

```python
signatures["torch.scatter_add"] = {
    "args": {
        "input": "tensor",
        "dim": "integer",
        "index": "tensor",
        "src": "tensor"
    },
    "kwargs": {},
    "inner": {},
}
signatures["torch.add"] = {
    "args": {
        "input": "tensor",
        "other": "tensor"
    },
    "kwargs": {
        "alpha": "float",
        "out": "tensor"
    },
    "inner": {},
}
signatures["torch.nn.ReflectionPad1d_1"] = {
    "args": {
        "padding": "integer"
    },
    "kwargs": {},
    "inner": {
        "args": {
            "input": "tensor",
            "other": "tensor"
        },
        "kwargs": {}
    }
}
signatures["torch.nn.ReflectionPad1d_2"] = {
    "args": {
        "padding": "tuple"
    },
    "kwargs": {},
    "inner": {
        "args": {
            "input": "tensor",
            "other": "tensor"
        },
        "kwargs": {}
    }
}
```


- Only provide the code, skip any other text. Do not include verbose comments inside code other than short comments about confusion. Do not make any system calls within the code. Do not break any dependencies.


HTTP Request: POST http://127.0.0.1:8080/v1/chat/completions "HTTP/1.1 200 OK"
[Response]

signatures["torch.nn.ReplicationPad3d_1"] = {
    "args": {
        "padding": "integer"
    },
    "kwargs": {},
    "inner": {
        "args": {
            "input": "tensor"
        },
        "kwargs": {}
    }
}

signatures["torch.nn.ReplicationPad3d_2"] = {
    "args": {
        "padding": "tuple"
    },
    "kwargs": {},
    "inner": {
        "args": {
            "input": "tensor"
        },
        "kwargs": {}
    }
}


[Usage]

Token usage: input=2376, output=125, total=2501


[Prompt]

This is the documentation for the function torch.signbit:

"torch.signbit#
torch.signbit(input, *, out=None)  Tensor#
Tests if each element of input has its sign bit set or not. Parameters input (Tensor)  the input tensor. Keyword Arguments out (Tensor, optional)  the output tensor. Example: >>> a = torch.tensor([0.7, -1.2, 0., 2.3]) >>> torch.signbit(a) tensor([ False, True, False, False]) >>> a = torch.tensor([-0.0, 0.0]) >>> torch.signbit(a) tensor([ True, False]) Note signbit handles signed zeros, so negative zero (-0) returns True.
Tests if each element of input has its sign bit set or not.
input
Parameters
input (Tensor)  the input tensor.
Keyword Arguments
out (Tensor, optional)  the output tensor.
Example:
>>> a = torch.tensor([0.7, -1.2, 0., 2.3]) >>> torch.signbit(a) tensor([ False, True, False, False]) >>> a = torch.tensor([-0.0, 0.0]) >>> torch.signbit(a) tensor([ True, False])
Note
signbit handles signed zeros, so negative zero (-0) returns True."

For the api torch.signbit, provide a signature of the api as a dictionary. Here are the specifications:
- The dictionary should have three keys: 
    - `args` for positional arguments (parameters). The value should be a dictionary with names of the parameters as the key (e.g. "input"). The values should be the type of argument it accepts.
    - `kwargs` for keyword arguments. The value should be a dictinary similar to the one above.
    - `inner` for apis that are callable modules i.e. they return a function that can be called with more parameters. This will contain the signature required to call the function returned by the api. This value should be another dictionary with `args` and `kwargs` if the api is a callable module. Otherwise, keep this dictionary empty (i.e. do not include the `args` or `kwargs` keys). This api likely does not return a function, check if that is true. If so, `inner` should be empty. Otherwise add the signature for the inner call.
- **IMPORTANT** The types of each parameter can only be (strictly) one of the following options:
    - "tensor"
    - "tensor_list"
    - "integer"
    - "float"
    - "boolean"
    - "string"
    - "dtype"
    - "list"
    - "tuple"
- Choose the value that most closely matches with the argument type. For example, change IntTensor or FloatTensor type arguments to "tensor", change "Numbers" to "float" etc.
- If you are confused about a type, choose the best one and add a small comment on what you think should have been there instead.
- Do not add the argument "device".
- If a parameter name starts with an underscore `_` and/or the document does not describe the parameter (i.e. internal parameters), skip including the parameter in the signature.
- If the api has multiple signatures, add both with a prefix to the dictionary key enumerating the count (e.g. `"torch.signbit_1"`, `"torch.signbit_2"` etc). Same goes for argument types, if an argument can be of multiple types (e.g. tuples and integers), create new signatures for each possible type with same prefixes as mentioned before.
- **IMPORTANT** Assume I already have a dictionary called `signatures` (you don't have to initialize it). Provide the output as assigning the signature to the entry of the `signatures` dictionary. 

Examples:

```python
signatures["torch.scatter_add"] = {
    "args": {
        "input": "tensor",
        "dim": "integer",
        "index": "tensor",
        "src": "tensor"
    },
    "kwargs": {},
    "inner": {},
}
signatures["torch.add"] = {
    "args": {
        "input": "tensor",
        "other": "tensor"
    },
    "kwargs": {
        "alpha": "float",
        "out": "tensor"
    },
    "inner": {},
}
signatures["torch.nn.ReflectionPad1d_1"] = {
    "args": {
        "padding": "integer"
    },
    "kwargs": {},
    "inner": {
        "args": {
            "input": "tensor",
            "other": "tensor"
        },
        "kwargs": {}
    }
}
signatures["torch.nn.ReflectionPad1d_2"] = {
    "args": {
        "padding": "tuple"
    },
    "kwargs": {},
    "inner": {
        "args": {
            "input": "tensor",
            "other": "tensor"
        },
        "kwargs": {}
    }
}
```


- Only provide the code, skip any other text. Do not include verbose comments inside code other than short comments about confusion. Do not make any system calls within the code. Do not break any dependencies.


HTTP Request: POST http://127.0.0.1:8080/v1/chat/completions "HTTP/1.1 200 OK"
[Response]

signatures["torch.signbit"] = {
    "args": {
        "input": "tensor"
    },
    "kwargs": {
        "out": "tensor"
    },
    "inner": {},
}


[Usage]

Token usage: input=1091, output=44, total=1135


[Prompt]

This is the documentation for the function torch.nn.functional.selu:

"torch.nn.functional.selu#
torch.nn.functional.selu(input, inplace=False)  Tensor[source]#
Applies element-wise, SELU(x)=scale(max(0,x)+min(0,(exp(x)1)))\text{SELU}(x) = scale * (\max(0,x) + \min(0, \alpha * (\exp(x) - 1)))SELU(x)=scale(max(0,x)+min(0,(exp(x)1))), with =1.6732632423543772848170429916717\alpha=1.6732632423543772848170429916717=1.6732632423543772848170429916717 and scale=1.0507009873554804934193349852946scale=1.0507009873554804934193349852946scale=1.0507009873554804934193349852946. See SELU for more details. Return type Tensor
Applies element-wise, SELU(x)=scale(max(0,x)+min(0,(exp(x)1)))\text{SELU}(x) = scale * (\max(0,x) + \min(0, \alpha * (\exp(x) - 1)))SELU(x)=scale(max(0,x)+min(0,(exp(x)1))), with =1.6732632423543772848170429916717\alpha=1.6732632423543772848170429916717=1.6732632423543772848170429916717 and scale=1.0507009873554804934193349852946scale=1.0507009873554804934193349852946scale=1.0507009873554804934193349852946.
See SELU for more details.
SELU
Return type
Tensor"

For the api torch.nn.functional.selu, provide a signature of the api as a dictionary. Here are the specifications:
- The dictionary should have three keys: 
    - `args` for positional arguments (parameters). The value should be a dictionary with names of the parameters as the key (e.g. "input"). The values should be the type of argument it accepts.
    - `kwargs` for keyword arguments. The value should be a dictinary similar to the one above.
    - `inner` for apis that are callable modules i.e. they return a function that can be called with more parameters. This will contain the signature required to call the function returned by the api. This value should be another dictionary with `args` and `kwargs` if the api is a callable module. Otherwise, keep this dictionary empty (i.e. do not include the `args` or `kwargs` keys). This api likely does not return a function, check if that is true. If so, `inner` should be empty. Otherwise add the signature for the inner call.
- **IMPORTANT** The types of each parameter can only be (strictly) one of the following options:
    - "tensor"
    - "tensor_list"
    - "integer"
    - "float"
    - "boolean"
    - "string"
    - "dtype"
    - "list"
    - "tuple"
- Choose the value that most closely matches with the argument type. For example, change IntTensor or FloatTensor type arguments to "tensor", change "Numbers" to "float" etc.
- If you are confused about a type, choose the best one and add a small comment on what you think should have been there instead.
- Do not add the argument "device".
- If a parameter name starts with an underscore `_` and/or the document does not describe the parameter (i.e. internal parameters), skip including the parameter in the signature.
- If the api has multiple signatures, add both with a prefix to the dictionary key enumerating the count (e.g. `"torch.nn.functional.selu_1"`, `"torch.nn.functional.selu_2"` etc). Same goes for argument types, if an argument can be of multiple types (e.g. tuples and integers), create new signatures for each possible type with same prefixes as mentioned before.
- **IMPORTANT** Assume I already have a dictionary called `signatures` (you don't have to initialize it). Provide the output as assigning the signature to the entry of the `signatures` dictionary. 

Examples:

```python
signatures["torch.scatter_add"] = {
    "args": {
        "input": "tensor",
        "dim": "integer",
        "index": "tensor",
        "src": "tensor"
    },
    "kwargs": {},
    "inner": {},
}
signatures["torch.add"] = {
    "args": {
        "input": "tensor",
        "other": "tensor"
    },
    "kwargs": {
        "alpha": "float",
        "out": "tensor"
    },
    "inner": {},
}
signatures["torch.nn.ReflectionPad1d_1"] = {
    "args": {
        "padding": "integer"
    },
    "kwargs": {},
    "inner": {
        "args": {
            "input": "tensor",
            "other": "tensor"
        },
        "kwargs": {}
    }
}
signatures["torch.nn.ReflectionPad1d_2"] = {
    "args": {
        "padding": "tuple"
    },
    "kwargs": {},
    "inner": {
        "args": {
            "input": "tensor",
            "other": "tensor"
        },
        "kwargs": {}
    }
}
```


- Only provide the code, skip any other text. Do not include verbose comments inside code other than short comments about confusion. Do not make any system calls within the code. Do not break any dependencies.


HTTP Request: POST http://127.0.0.1:8080/v1/chat/completions "HTTP/1.1 200 OK"
[Response]

signatures["torch.nn.functional.selu"] = {
    "args": {
        "input": "tensor"
    },
    "kwargs": {
        "inplace": "boolean"
    },
    "inner": {},
}


[Usage]

Token usage: input=1461, output=47, total=1508


[Prompt]

This is the documentation for the function torch.complex:

"torch.complex#
torch.complex(real, imag, *, out=None)  Tensor#
Constructs a complex tensor with its real part equal to real and its imaginary part equal to imag. Parameters real (Tensor)  The real part of the complex tensor. Must be half, float or double. imag (Tensor)  The imaginary part of the complex tensor. Must be same dtype as real. Keyword Arguments out (Tensor)  If the inputs are torch.float32, must be torch.complex64. If the inputs are torch.float64, must be torch.complex128. Example: >>> real = torch.tensor([1, 2], dtype=torch.float32) >>> imag = torch.tensor([3, 4], dtype=torch.float32) >>> z = torch.complex(real, imag) >>> z tensor([(1.+3.j), (2.+4.j)]) >>> z.dtype torch.complex64
Constructs a complex tensor with its real part equal to real and its imaginary part equal to imag.
real
imag
Parameters
real (Tensor)  The real part of the complex tensor. Must be half, float or double. imag (Tensor)  The imaginary part of the complex tensor. Must be same dtype as real.
real (Tensor)  The real part of the complex tensor. Must be half, float or double.
imag (Tensor)  The imaginary part of the complex tensor. Must be same dtype as real.
Keyword Arguments
out (Tensor)  If the inputs are torch.float32, must be torch.complex64. If the inputs are torch.float64, must be torch.complex128.
torch.float32
torch.complex64
torch.float64
torch.complex128
Example:
>>> real = torch.tensor([1, 2], dtype=torch.float32) >>> imag = torch.tensor([3, 4], dtype=torch.float32) >>> z = torch.complex(real, imag) >>> z tensor([(1.+3.j), (2.+4.j)]) >>> z.dtype torch.complex64"

For the api torch.complex, provide a signature of the api as a dictionary. Here are the specifications:
- The dictionary should have three keys: 
    - `args` for positional arguments (parameters). The value should be a dictionary with names of the parameters as the key (e.g. "input"). The values should be the type of argument it accepts.
    - `kwargs` for keyword arguments. The value should be a dictinary similar to the one above.
    - `inner` for apis that are callable modules i.e. they return a function that can be called with more parameters. This will contain the signature required to call the function returned by the api. This value should be another dictionary with `args` and `kwargs` if the api is a callable module. Otherwise, keep this dictionary empty (i.e. do not include the `args` or `kwargs` keys). This api likely does not return a function, check if that is true. If so, `inner` should be empty. Otherwise add the signature for the inner call.
- **IMPORTANT** The types of each parameter can only be (strictly) one of the following options:
    - "tensor"
    - "tensor_list"
    - "integer"
    - "float"
    - "boolean"
    - "string"
    - "dtype"
    - "list"
    - "tuple"
- Choose the value that most closely matches with the argument type. For example, change IntTensor or FloatTensor type arguments to "tensor", change "Numbers" to "float" etc.
- If you are confused about a type, choose the best one and add a small comment on what you think should have been there instead.
- Do not add the argument "device".
- If a parameter name starts with an underscore `_` and/or the document does not describe the parameter (i.e. internal parameters), skip including the parameter in the signature.
- If the api has multiple signatures, add both with a prefix to the dictionary key enumerating the count (e.g. `"torch.complex_1"`, `"torch.complex_2"` etc). Same goes for argument types, if an argument can be of multiple types (e.g. tuples and integers), create new signatures for each possible type with same prefixes as mentioned before.
- **IMPORTANT** Assume I already have a dictionary called `signatures` (you don't have to initialize it). Provide the output as assigning the signature to the entry of the `signatures` dictionary. 

Examples:

```python
signatures["torch.scatter_add"] = {
    "args": {
        "input": "tensor",
        "dim": "integer",
        "index": "tensor",
        "src": "tensor"
    },
    "kwargs": {},
    "inner": {},
}
signatures["torch.add"] = {
    "args": {
        "input": "tensor",
        "other": "tensor"
    },
    "kwargs": {
        "alpha": "float",
        "out": "tensor"
    },
    "inner": {},
}
signatures["torch.nn.ReflectionPad1d_1"] = {
    "args": {
        "padding": "integer"
    },
    "kwargs": {},
    "inner": {
        "args": {
            "input": "tensor",
            "other": "tensor"
        },
        "kwargs": {}
    }
}
signatures["torch.nn.ReflectionPad1d_2"] = {
    "args": {
        "padding": "tuple"
    },
    "kwargs": {},
    "inner": {
        "args": {
            "input": "tensor",
            "other": "tensor"
        },
        "kwargs": {}
    }
}
```


- Only provide the code, skip any other text. Do not include verbose comments inside code other than short comments about confusion. Do not make any system calls within the code. Do not break any dependencies.


HTTP Request: POST http://127.0.0.1:8080/v1/chat/completions "HTTP/1.1 200 OK"
[Response]

signatures["torch.complex"] = {
    "args": {
        "real": "tensor",
        "imag": "tensor"
    },
    "kwargs": {
        "out": "tensor"
    },
    "inner": {},
}


[Usage]

Token usage: input=1264, output=51, total=1315


[Prompt]

This is the documentation for the function torch.nn.LogSoftmax:

"class torch.nn.LogSoftmax(dim=None)[source]#
Applies the log(Softmax(x))\log(\text{Softmax}(x))log(Softmax(x)) function to an n-dimensional input Tensor. The LogSoftmax formulation can be simplified as: LogSoftmax(xi)=log(exp(xi)jexp(xj))\text{LogSoftmax}(x_{i}) = \log\left(\frac{\exp(x_i) }{ \sum_j \exp(x_j)} \right) LogSoftmax(xi)=log(jexp(xj)exp(xi)) Shape: Input: ()(*)() where * means, any number of additional dimensions Output: ()(*)(), same shape as the input Parameters dim (int)  A dimension along which LogSoftmax will be computed. Returns a Tensor of the same dimension and shape as the input with values in the range [-inf, 0) Return type None Examples: >>> m = nn.LogSoftmax(dim=1) >>> input = torch.randn(2, 3) >>> output = m(input) extra_repr()[source]# Return the extra representation of the module. Return type str forward(input)[source]# Runs the forward pass. Return type Tensor
Applies the log(Softmax(x))\log(\text{Softmax}(x))log(Softmax(x)) function to an n-dimensional input Tensor.
The LogSoftmax formulation can be simplified as:
Shape:
Input: ()(*)() where * means, any number of additional dimensions Output: ()(*)(), same shape as the input
Input: ()(*)() where * means, any number of additional dimensions
Output: ()(*)(), same shape as the input
Parameters
dim (int)  A dimension along which LogSoftmax will be computed.
Returns
a Tensor of the same dimension and shape as the input with values in the range [-inf, 0)
Return type
None
Examples:
>>> m = nn.LogSoftmax(dim=1) >>> input = torch.randn(2, 3) >>> output = m(input)
extra_repr()[source]#
Return the extra representation of the module. Return type str
Return the extra representation of the module.
str
forward(input)[source]#
Runs the forward pass. Return type Tensor
Runs the forward pass.
Tensor"

For the api torch.nn.LogSoftmax, provide a signature of the api as a dictionary. Here are the specifications:
- The dictionary should have three keys: 
    - `args` for positional arguments (parameters). The value should be a dictionary with names of the parameters as the key (e.g. "input"). The values should be the type of argument it accepts.
    - `kwargs` for keyword arguments. The value should be a dictinary similar to the one above.
    - `inner` for apis that are callable modules i.e. they return a function that can be called with more parameters. This will contain the signature required to call the function returned by the api. This value should be another dictionary with `args` and `kwargs` if the api is a callable module. Otherwise, keep this dictionary empty (i.e. do not include the `args` or `kwargs` keys). This api likely returns a function, look for the parameters that can be passed to the function returned by this api. Hint: very often this information can be found under the "Shape:" section of the documentation.
- **IMPORTANT** The types of each parameter can only be (strictly) one of the following options:
    - "tensor"
    - "tensor_list"
    - "integer"
    - "float"
    - "boolean"
    - "string"
    - "dtype"
    - "list"
    - "tuple"
- Choose the value that most closely matches with the argument type. For example, change IntTensor or FloatTensor type arguments to "tensor", change "Numbers" to "float" etc.
- If you are confused about a type, choose the best one and add a small comment on what you think should have been there instead.
- Do not add the argument "device".
- If a parameter name starts with an underscore `_` and/or the document does not describe the parameter (i.e. internal parameters), skip including the parameter in the signature.
- If the api has multiple signatures, add both with a prefix to the dictionary key enumerating the count (e.g. `"torch.nn.LogSoftmax_1"`, `"torch.nn.LogSoftmax_2"` etc). Same goes for argument types, if an argument can be of multiple types (e.g. tuples and integers), create new signatures for each possible type with same prefixes as mentioned before.
- **IMPORTANT** Assume I already have a dictionary called `signatures` (you don't have to initialize it). Provide the output as assigning the signature to the entry of the `signatures` dictionary. 

Examples:

```python
signatures["torch.scatter_add"] = {
    "args": {
        "input": "tensor",
        "dim": "integer",
        "index": "tensor",
        "src": "tensor"
    },
    "kwargs": {},
    "inner": {},
}
signatures["torch.add"] = {
    "args": {
        "input": "tensor",
        "other": "tensor"
    },
    "kwargs": {
        "alpha": "float",
        "out": "tensor"
    },
    "inner": {},
}
signatures["torch.nn.ReflectionPad1d_1"] = {
    "args": {
        "padding": "integer"
    },
    "kwargs": {},
    "inner": {
        "args": {
            "input": "tensor",
            "other": "tensor"
        },
        "kwargs": {}
    }
}
signatures["torch.nn.ReflectionPad1d_2"] = {
    "args": {
        "padding": "tuple"
    },
    "kwargs": {},
    "inner": {
        "args": {
            "input": "tensor",
            "other": "tensor"
        },
        "kwargs": {}
    }
}
```


- Only provide the code, skip any other text. Do not include verbose comments inside code other than short comments about confusion. Do not make any system calls within the code. Do not break any dependencies.


HTTP Request: POST http://127.0.0.1:8080/v1/chat/completions "HTTP/1.1 200 OK"
[Response]

```python
signatures["torch.nn.LogSoftmax"] = {
    "args": {
        "dim": "integer"
    },
    "kwargs": {},
    "inner": {
        "args": {
            "input": "tensor"
        },
        "kwargs": {}
    }
}
```


[Usage]

Token usage: input=1316, output=62, total=1378


[Prompt]

This is the documentation for the function torch.floor:

"torch.floor#
torch.floor(input, *, out=None)  Tensor#
Returns a new tensor with the floor of the elements of input, the largest integer less than or equal to each element. For integer inputs, follows the array-api convention of returning a copy of the input tensor. outi=inputi\text{out}_{i} = \left\lfloor \text{input}_{i} \right\rfloor outi=inputi Parameters input (Tensor)  the input tensor. Keyword Arguments out (Tensor, optional)  the output tensor. Example: >>> a = torch.randn(4) >>> a tensor([-0.8166, 1.5308, -0.2530, -0.2091]) >>> torch.floor(a) tensor([-1., 1., -1., -1.])
Returns a new tensor with the floor of the elements of input, the largest integer less than or equal to each element.
input
For integer inputs, follows the array-api convention of returning a copy of the input tensor.
Parameters
input (Tensor)  the input tensor.
Keyword Arguments
out (Tensor, optional)  the output tensor.
Example:
>>> a = torch.randn(4) >>> a tensor([-0.8166, 1.5308, -0.2530, -0.2091]) >>> torch.floor(a) tensor([-1., 1., -1., -1.])"

For the api torch.floor, provide a signature of the api as a dictionary. Here are the specifications:
- The dictionary should have three keys: 
    - `args` for positional arguments (parameters). The value should be a dictionary with names of the parameters as the key (e.g. "input"). The values should be the type of argument it accepts.
    - `kwargs` for keyword arguments. The value should be a dictinary similar to the one above.
    - `inner` for apis that are callable modules i.e. they return a function that can be called with more parameters. This will contain the signature required to call the function returned by the api. This value should be another dictionary with `args` and `kwargs` if the api is a callable module. Otherwise, keep this dictionary empty (i.e. do not include the `args` or `kwargs` keys). This api likely does not return a function, check if that is true. If so, `inner` should be empty. Otherwise add the signature for the inner call.
- **IMPORTANT** The types of each parameter can only be (strictly) one of the following options:
    - "tensor"
    - "tensor_list"
    - "integer"
    - "float"
    - "boolean"
    - "string"
    - "dtype"
    - "list"
    - "tuple"
- Choose the value that most closely matches with the argument type. For example, change IntTensor or FloatTensor type arguments to "tensor", change "Numbers" to "float" etc.
- If you are confused about a type, choose the best one and add a small comment on what you think should have been there instead.
- Do not add the argument "device".
- If a parameter name starts with an underscore `_` and/or the document does not describe the parameter (i.e. internal parameters), skip including the parameter in the signature.
- If the api has multiple signatures, add both with a prefix to the dictionary key enumerating the count (e.g. `"torch.floor_1"`, `"torch.floor_2"` etc). Same goes for argument types, if an argument can be of multiple types (e.g. tuples and integers), create new signatures for each possible type with same prefixes as mentioned before.
- **IMPORTANT** Assume I already have a dictionary called `signatures` (you don't have to initialize it). Provide the output as assigning the signature to the entry of the `signatures` dictionary. 

Examples:

```python
signatures["torch.scatter_add"] = {
    "args": {
        "input": "tensor",
        "dim": "integer",
        "index": "tensor",
        "src": "tensor"
    },
    "kwargs": {},
    "inner": {},
}
signatures["torch.add"] = {
    "args": {
        "input": "tensor",
        "other": "tensor"
    },
    "kwargs": {
        "alpha": "float",
        "out": "tensor"
    },
    "inner": {},
}
signatures["torch.nn.ReflectionPad1d_1"] = {
    "args": {
        "padding": "integer"
    },
    "kwargs": {},
    "inner": {
        "args": {
            "input": "tensor",
            "other": "tensor"
        },
        "kwargs": {}
    }
}
signatures["torch.nn.ReflectionPad1d_2"] = {
    "args": {
        "padding": "tuple"
    },
    "kwargs": {},
    "inner": {
        "args": {
            "input": "tensor",
            "other": "tensor"
        },
        "kwargs": {}
    }
}
```


- Only provide the code, skip any other text. Do not include verbose comments inside code other than short comments about confusion. Do not make any system calls within the code. Do not break any dependencies.


HTTP Request: POST http://127.0.0.1:8080/v1/chat/completions "HTTP/1.1 200 OK"
[Response]

signatures["torch.floor"] = {
    "args": {
        "input": "tensor"
    },
    "kwargs": {
        "out": "tensor"
    },
    "inner": {}
}


[Usage]

Token usage: input=1134, output=43, total=1177


[Prompt]

This is the documentation for the function torch.nn.functional.prelu:

"torch.nn.functional.prelu#
torch.nn.functional.prelu(input, weight)  Tensor#
Applies element-wise the function PReLU(x)=max(0,x)+weightmin(0,x)\text{PReLU}(x) = \max(0,x) + \text{weight} * \min(0,x)PReLU(x)=max(0,x)+weightmin(0,x) where weight is a learnable parameter. Note weight is expected to be a scalar or 1-D tensor. If weight is 1-D, its size must match the number of input channels, determined by input.size(1) when input.dim() >= 2, otherwise 1. In the 1-D case, note that when input has dim > 2, weight can be expanded to the shape of input in a way that is not possible using normal broadcasting semantics. See PReLU for more details.
Applies element-wise the function PReLU(x)=max(0,x)+weightmin(0,x)\text{PReLU}(x) = \max(0,x) + \text{weight} * \min(0,x)PReLU(x)=max(0,x)+weightmin(0,x) where weight is a learnable parameter.
Note
weight is expected to be a scalar or 1-D tensor. If weight is 1-D, its size must match the number of input channels, determined by input.size(1) when input.dim() >= 2, otherwise 1. In the 1-D case, note that when input has dim > 2, weight can be expanded to the shape of input in a way that is not possible using normal broadcasting semantics.
See PReLU for more details.
PReLU"

For the api torch.nn.functional.prelu, provide a signature of the api as a dictionary. Here are the specifications:
- The dictionary should have three keys: 
    - `args` for positional arguments (parameters). The value should be a dictionary with names of the parameters as the key (e.g. "input"). The values should be the type of argument it accepts.
    - `kwargs` for keyword arguments. The value should be a dictinary similar to the one above.
    - `inner` for apis that are callable modules i.e. they return a function that can be called with more parameters. This will contain the signature required to call the function returned by the api. This value should be another dictionary with `args` and `kwargs` if the api is a callable module. Otherwise, keep this dictionary empty (i.e. do not include the `args` or `kwargs` keys). This api likely does not return a function, check if that is true. If so, `inner` should be empty. Otherwise add the signature for the inner call.
- **IMPORTANT** The types of each parameter can only be (strictly) one of the following options:
    - "tensor"
    - "tensor_list"
    - "integer"
    - "float"
    - "boolean"
    - "string"
    - "dtype"
    - "list"
    - "tuple"
- Choose the value that most closely matches with the argument type. For example, change IntTensor or FloatTensor type arguments to "tensor", change "Numbers" to "float" etc.
- If you are confused about a type, choose the best one and add a small comment on what you think should have been there instead.
- Do not add the argument "device".
- If a parameter name starts with an underscore `_` and/or the document does not describe the parameter (i.e. internal parameters), skip including the parameter in the signature.
- If the api has multiple signatures, add both with a prefix to the dictionary key enumerating the count (e.g. `"torch.nn.functional.prelu_1"`, `"torch.nn.functional.prelu_2"` etc). Same goes for argument types, if an argument can be of multiple types (e.g. tuples and integers), create new signatures for each possible type with same prefixes as mentioned before.
- **IMPORTANT** Assume I already have a dictionary called `signatures` (you don't have to initialize it). Provide the output as assigning the signature to the entry of the `signatures` dictionary. 

Examples:

```python
signatures["torch.scatter_add"] = {
    "args": {
        "input": "tensor",
        "dim": "integer",
        "index": "tensor",
        "src": "tensor"
    },
    "kwargs": {},
    "inner": {},
}
signatures["torch.add"] = {
    "args": {
        "input": "tensor",
        "other": "tensor"
    },
    "kwargs": {
        "alpha": "float",
        "out": "tensor"
    },
    "inner": {},
}
signatures["torch.nn.ReflectionPad1d_1"] = {
    "args": {
        "padding": "integer"
    },
    "kwargs": {},
    "inner": {
        "args": {
            "input": "tensor",
            "other": "tensor"
        },
        "kwargs": {}
    }
}
signatures["torch.nn.ReflectionPad1d_2"] = {
    "args": {
        "padding": "tuple"
    },
    "kwargs": {},
    "inner": {
        "args": {
            "input": "tensor",
            "other": "tensor"
        },
        "kwargs": {}
    }
}
```


- Only provide the code, skip any other text. Do not include verbose comments inside code other than short comments about confusion. Do not make any system calls within the code. Do not break any dependencies.


HTTP Request: POST http://127.0.0.1:8080/v1/chat/completions "HTTP/1.1 200 OK"
[Response]

```python
signatures["torch.nn.functional.prelu"] = {
    "args": {
        "input": "tensor",
        "weight": "tensor"
    },
    "kwargs": {},
    "inner": {}
}
```


[Usage]

Token usage: input=1190, output=48, total=1238


[Prompt]

This is the documentation for the function torch.sin:

"torch.sin#
torch.sin(input, *, out=None)  Tensor#
Returns a new tensor with the sine of the elements of input. outi=sin(inputi)\text{out}_{i} = \sin(\text{input}_{i}) outi=sin(inputi) Parameters input (Tensor)  the input tensor. Keyword Arguments out (Tensor, optional)  the output tensor. Example: >>> a = torch.randn(4) >>> a tensor([-0.5461, 0.1347, -2.7266, -0.2746]) >>> torch.sin(a) tensor([-0.5194, 0.1343, -0.4032, -0.2711])
Returns a new tensor with the sine of the elements of input.
input
Parameters
input (Tensor)  the input tensor.
Keyword Arguments
out (Tensor, optional)  the output tensor.
Example:
>>> a = torch.randn(4) >>> a tensor([-0.5461, 0.1347, -2.7266, -0.2746]) >>> torch.sin(a) tensor([-0.5194, 0.1343, -0.4032, -0.2711])"

For the api torch.sin, provide a signature of the api as a dictionary. Here are the specifications:
- The dictionary should have three keys: 
    - `args` for positional arguments (parameters). The value should be a dictionary with names of the parameters as the key (e.g. "input"). The values should be the type of argument it accepts.
    - `kwargs` for keyword arguments. The value should be a dictinary similar to the one above.
    - `inner` for apis that are callable modules i.e. they return a function that can be called with more parameters. This will contain the signature required to call the function returned by the api. This value should be another dictionary with `args` and `kwargs` if the api is a callable module. Otherwise, keep this dictionary empty (i.e. do not include the `args` or `kwargs` keys). This api likely does not return a function, check if that is true. If so, `inner` should be empty. Otherwise add the signature for the inner call.
- **IMPORTANT** The types of each parameter can only be (strictly) one of the following options:
    - "tensor"
    - "tensor_list"
    - "integer"
    - "float"
    - "boolean"
    - "string"
    - "dtype"
    - "list"
    - "tuple"
- Choose the value that most closely matches with the argument type. For example, change IntTensor or FloatTensor type arguments to "tensor", change "Numbers" to "float" etc.
- If you are confused about a type, choose the best one and add a small comment on what you think should have been there instead.
- Do not add the argument "device".
- If a parameter name starts with an underscore `_` and/or the document does not describe the parameter (i.e. internal parameters), skip including the parameter in the signature.
- If the api has multiple signatures, add both with a prefix to the dictionary key enumerating the count (e.g. `"torch.sin_1"`, `"torch.sin_2"` etc). Same goes for argument types, if an argument can be of multiple types (e.g. tuples and integers), create new signatures for each possible type with same prefixes as mentioned before.
- **IMPORTANT** Assume I already have a dictionary called `signatures` (you don't have to initialize it). Provide the output as assigning the signature to the entry of the `signatures` dictionary. 

Examples:

```python
signatures["torch.scatter_add"] = {
    "args": {
        "input": "tensor",
        "dim": "integer",
        "index": "tensor",
        "src": "tensor"
    },
    "kwargs": {},
    "inner": {},
}
signatures["torch.add"] = {
    "args": {
        "input": "tensor",
        "other": "tensor"
    },
    "kwargs": {
        "alpha": "float",
        "out": "tensor"
    },
    "inner": {},
}
signatures["torch.nn.ReflectionPad1d_1"] = {
    "args": {
        "padding": "integer"
    },
    "kwargs": {},
    "inner": {
        "args": {
            "input": "tensor",
            "other": "tensor"
        },
        "kwargs": {}
    }
}
signatures["torch.nn.ReflectionPad1d_2"] = {
    "args": {
        "padding": "tuple"
    },
    "kwargs": {},
    "inner": {
        "args": {
            "input": "tensor",
            "other": "tensor"
        },
        "kwargs": {}
    }
}
```


- Only provide the code, skip any other text. Do not include verbose comments inside code other than short comments about confusion. Do not make any system calls within the code. Do not break any dependencies.


HTTP Request: POST http://127.0.0.1:8080/v1/chat/completions "HTTP/1.1 200 OK"
[Response]

signatures["torch.sin"] = {
    "args": {
        "input": "tensor"
    },
    "kwargs": {
        "out": "tensor"
    },
    "inner": {},
}


[Usage]

Token usage: input=1111, output=43, total=1154


[Prompt]

This is the documentation for the function torch.median:

"torch.median#
torch.median(input)  Tensor#
Returns the median of the values in input. Note The median is not unique for input tensors with an even number of elements. In this case the lower of the two medians is returned. To compute the mean of both medians, use torch.quantile() with q=0.5 instead. Warning This function produces deterministic (sub)gradients unlike median(dim=0) Parameters input (Tensor)  the input tensor. Example: >>> a = torch.randn(1, 3) >>> a tensor([[ 1.5219, -1.5212, 0.2202]]) >>> torch.median(a) tensor(0.2202) torch.median(input, dim=-1, keepdim=False, *, out=None) Returns a namedtuple (values, indices) where values contains the median of each row of input in the dimension dim, and indices contains the index of the median values found in the dimension dim. By default, dim is the last dimension of the input tensor. If keepdim is True, the output tensors are of the same size as input except in the dimension dim where they are of size 1. Otherwise, dim is squeezed (see torch.squeeze()), resulting in the outputs tensor having 1 fewer dimension than input. Note The median is not unique for input tensors with an even number of elements in the dimension dim. In this case the lower of the two medians is returned. To compute the mean of both medians in input, use torch.quantile() with q=0.5 instead. Warning indices does not necessarily contain the first occurrence of each median value found, unless it is unique. The exact implementation details are device-specific. Do not expect the same result when run on CPU and GPU in general. For the same reason do not expect the gradients to be deterministic. Parameters input (Tensor)  the input tensor. dim (int, optional)  the dimension to reduce. If None, all dimensions are reduced. keepdim (bool, optional)  whether the output tensor has dim retained or not. Default: False. Keyword Arguments out ((Tensor, Tensor), optional)  The first tensor will be populated with the median values and the second tensor, which must have dtype long, with their indices in the dimension dim of input. Example: >>> a = torch.randn(4, 5) >>> a tensor([[ 0.2505, -0.3982, -0.9948, 0.3518, -1.3131], [ 0.3180, -0.6993, 1.0436, 0.0438, 0.2270], [-0.2751, 0.7303, 0.2192, 0.3321, 0.2488], [ 1.0778, -1.9510, 0.7048, 0.4742, -0.7125]]) >>> torch.median(a, 1) torch.return_types.median(values=tensor([-0.3982, 0.2270, 0.2488, 0.4742]), indices=tensor([1, 4, 4, 3]))
Returns the median of the values in input.
input
Note
The median is not unique for input tensors with an even number of elements. In this case the lower of the two medians is returned. To compute the mean of both medians, use torch.quantile() with q=0.5 instead.
torch.quantile()
q=0.5
Warning
This function produces deterministic (sub)gradients unlike median(dim=0)
median(dim=0)
Parameters
input (Tensor)  the input tensor.
Example:
>>> a = torch.randn(1, 3) >>> a tensor([[ 1.5219, -1.5212, 0.2202]]) >>> torch.median(a) tensor(0.2202)
torch.median(input, dim=-1, keepdim=False, *, out=None)

Returns a namedtuple (values, indices) where values contains the median of each row of input in the dimension dim, and indices contains the index of the median values found in the dimension dim.
(values, indices)
values
dim
indices
By default, dim is the last dimension of the input tensor.
If keepdim is True, the output tensors are of the same size as input except in the dimension dim where they are of size 1. Otherwise, dim is squeezed (see torch.squeeze()), resulting in the outputs tensor having 1 fewer dimension than input.
keepdim
True
torch.squeeze()
The median is not unique for input tensors with an even number of elements in the dimension dim. In this case the lower of the two medians is returned. To compute the mean of both medians in input, use torch.quantile() with q=0.5 instead.
indices does not necessarily contain the first occurrence of each median value found, unless it is unique. The exact implementation details are device-specific. Do not expect the same result when run on CPU and GPU in general. For the same reason do not expect the gradients to be deterministic.
input (Tensor)  the input tensor. dim (int, optional)  the dimension to reduce. If None, all dimensions are reduced. keepdim (bool, optional)  whether the output tensor has dim retained or not. Default: False.
dim (int, optional)  the dimension to reduce. If None, all dimensions are reduced.
None
keepdim (bool, optional)  whether the output tensor has dim retained or not. Default: False.
False
Keyword Arguments
out ((Tensor, Tensor), optional)  The first tensor will be populated with the median values and the second tensor, which must have dtype long, with their indices in the dimension dim of input.
>>> a = torch.randn(4, 5) >>> a tensor([[ 0.2505, -0.3982, -0.9948, 0.3518, -1.3131], [ 0.3180, -0.6993, 1.0436, 0.0438, 0.2270], [-0.2751, 0.7303, 0.2192, 0.3321, 0.2488], [ 1.0778, -1.9510, 0.7048, 0.4742, -0.7125]]) >>> torch.median(a, 1) torch.return_types.median(values=tensor([-0.3982, 0.2270, 0.2488, 0.4742]), indices=tensor([1, 4, 4, 3]))"

For the api torch.median, provide a signature of the api as a dictionary. Here are the specifications:
- The dictionary should have three keys: 
    - `args` for positional arguments (parameters). The value should be a dictionary with names of the parameters as the key (e.g. "input"). The values should be the type of argument it accepts.
    - `kwargs` for keyword arguments. The value should be a dictinary similar to the one above.
    - `inner` for apis that are callable modules i.e. they return a function that can be called with more parameters. This will contain the signature required to call the function returned by the api. This value should be another dictionary with `args` and `kwargs` if the api is a callable module. Otherwise, keep this dictionary empty (i.e. do not include the `args` or `kwargs` keys). This api likely does not return a function, check if that is true. If so, `inner` should be empty. Otherwise add the signature for the inner call.
- **IMPORTANT** The types of each parameter can only be (strictly) one of the following options:
    - "tensor"
    - "tensor_list"
    - "integer"
    - "float"
    - "boolean"
    - "string"
    - "dtype"
    - "list"
    - "tuple"
- Choose the value that most closely matches with the argument type. For example, change IntTensor or FloatTensor type arguments to "tensor", change "Numbers" to "float" etc.
- If you are confused about a type, choose the best one and add a small comment on what you think should have been there instead.
- Do not add the argument "device".
- If a parameter name starts with an underscore `_` and/or the document does not describe the parameter (i.e. internal parameters), skip including the parameter in the signature.
- If the api has multiple signatures, add both with a prefix to the dictionary key enumerating the count (e.g. `"torch.median_1"`, `"torch.median_2"` etc). Same goes for argument types, if an argument can be of multiple types (e.g. tuples and integers), create new signatures for each possible type with same prefixes as mentioned before.
- **IMPORTANT** Assume I already have a dictionary called `signatures` (you don't have to initialize it). Provide the output as assigning the signature to the entry of the `signatures` dictionary. 

Examples:

```python
signatures["torch.scatter_add"] = {
    "args": {
        "input": "tensor",
        "dim": "integer",
        "index": "tensor",
        "src": "tensor"
    },
    "kwargs": {},
    "inner": {},
}
signatures["torch.add"] = {
    "args": {
        "input": "tensor",
        "other": "tensor"
    },
    "kwargs": {
        "alpha": "float",
        "out": "tensor"
    },
    "inner": {},
}
signatures["torch.nn.ReflectionPad1d_1"] = {
    "args": {
        "padding": "integer"
    },
    "kwargs": {},
    "inner": {
        "args": {
            "input": "tensor",
            "other": "tensor"
        },
        "kwargs": {}
    }
}
signatures["torch.nn.ReflectionPad1d_2"] = {
    "args": {
        "padding": "tuple"
    },
    "kwargs": {},
    "inner": {
        "args": {
            "input": "tensor",
            "other": "tensor"
        },
        "kwargs": {}
    }
}
```


- Only provide the code, skip any other text. Do not include verbose comments inside code other than short comments about confusion. Do not make any system calls within the code. Do not break any dependencies.


HTTP Request: POST http://127.0.0.1:8080/v1/chat/completions "HTTP/1.1 200 OK"
[Response]

signatures["torch.median_1"] = {
    "args": {
        "input": "tensor"
    },
    "kwargs": {},
    "inner": {}
}

signatures["torch.median_2"] = {
    "args": {
        "input": "tensor",
        "dim": "integer"
    },
    "kwargs": {
        "keepdim": "boolean",
        "out": "tuple"
    },
    "inner": {}
}


[Usage]

Token usage: input=2331, output=95, total=2426


[Prompt]

This is the documentation for the function torch.positive:

"torch.positive#
torch.positive(input)  Tensor#
Returns input. Throws a runtime error if input is a bool tensor. Parameters input (Tensor)  the input tensor. Example: >>> t = torch.randn(5) >>> t tensor([ 0.0090, -0.2262, -0.0682, -0.2866, 0.3940]) >>> torch.positive(t) tensor([ 0.0090, -0.2262, -0.0682, -0.2866, 0.3940])
Returns input. Throws a runtime error if input is a bool tensor.
input
Parameters
input (Tensor)  the input tensor.
Example:
>>> t = torch.randn(5) >>> t tensor([ 0.0090, -0.2262, -0.0682, -0.2866, 0.3940]) >>> torch.positive(t) tensor([ 0.0090, -0.2262, -0.0682, -0.2866, 0.3940])"

For the api torch.positive, provide a signature of the api as a dictionary. Here are the specifications:
- The dictionary should have three keys: 
    - `args` for positional arguments (parameters). The value should be a dictionary with names of the parameters as the key (e.g. "input"). The values should be the type of argument it accepts.
    - `kwargs` for keyword arguments. The value should be a dictinary similar to the one above.
    - `inner` for apis that are callable modules i.e. they return a function that can be called with more parameters. This will contain the signature required to call the function returned by the api. This value should be another dictionary with `args` and `kwargs` if the api is a callable module. Otherwise, keep this dictionary empty (i.e. do not include the `args` or `kwargs` keys). This api likely does not return a function, check if that is true. If so, `inner` should be empty. Otherwise add the signature for the inner call.
- **IMPORTANT** The types of each parameter can only be (strictly) one of the following options:
    - "tensor"
    - "tensor_list"
    - "integer"
    - "float"
    - "boolean"
    - "string"
    - "dtype"
    - "list"
    - "tuple"
- Choose the value that most closely matches with the argument type. For example, change IntTensor or FloatTensor type arguments to "tensor", change "Numbers" to "float" etc.
- If you are confused about a type, choose the best one and add a small comment on what you think should have been there instead.
- Do not add the argument "device".
- If a parameter name starts with an underscore `_` and/or the document does not describe the parameter (i.e. internal parameters), skip including the parameter in the signature.
- If the api has multiple signatures, add both with a prefix to the dictionary key enumerating the count (e.g. `"torch.positive_1"`, `"torch.positive_2"` etc). Same goes for argument types, if an argument can be of multiple types (e.g. tuples and integers), create new signatures for each possible type with same prefixes as mentioned before.
- **IMPORTANT** Assume I already have a dictionary called `signatures` (you don't have to initialize it). Provide the output as assigning the signature to the entry of the `signatures` dictionary. 

Examples:

```python
signatures["torch.scatter_add"] = {
    "args": {
        "input": "tensor",
        "dim": "integer",
        "index": "tensor",
        "src": "tensor"
    },
    "kwargs": {},
    "inner": {},
}
signatures["torch.add"] = {
    "args": {
        "input": "tensor",
        "other": "tensor"
    },
    "kwargs": {
        "alpha": "float",
        "out": "tensor"
    },
    "inner": {},
}
signatures["torch.nn.ReflectionPad1d_1"] = {
    "args": {
        "padding": "integer"
    },
    "kwargs": {},
    "inner": {
        "args": {
            "input": "tensor",
            "other": "tensor"
        },
        "kwargs": {}
    }
}
signatures["torch.nn.ReflectionPad1d_2"] = {
    "args": {
        "padding": "tuple"
    },
    "kwargs": {},
    "inner": {
        "args": {
            "input": "tensor",
            "other": "tensor"
        },
        "kwargs": {}
    }
}
```


- Only provide the code, skip any other text. Do not include verbose comments inside code other than short comments about confusion. Do not make any system calls within the code. Do not break any dependencies.


HTTP Request: POST http://127.0.0.1:8080/v1/chat/completions "HTTP/1.1 200 OK"
[Response]

signatures["torch.positive_1"] = {
    "args": {
        "input": "tensor"
    },
    "kwargs": {},
    "inner": {}
}


[Usage]

Token usage: input=1096, output=37, total=1133


[Prompt]

For the api torch.empty_like, provide a signature of the api as a dictionary. Here are the specifications:
- The dictionary should have three keys: 
    - `args` for positional arguments (parameters). The value should be a dictionary with names of the parameters as the key (e.g. "input"). The values should be the type of argument it accepts.
    - `kwargs` for keyword arguments. The value should be a dictinary similar to the one above.
    - `inner` for apis that are callable modules i.e. they return a function that can be called with more parameters. This will contain the signature required to call the function returned by the api. This value should be another dictionary with `args` and `kwargs` if the api is a callable module. Otherwise, keep this dictionary empty (i.e. do not include the `args` or `kwargs` keys). This api likely does not return a function, check if that is true. If so, `inner` should be empty. Otherwise add the signature for the inner call.
- **IMPORTANT** The types of each parameter can only be (strictly) one of the following options:
    - "tensor"
    - "tensor_list"
    - "integer"
    - "float"
    - "boolean"
    - "string"
    - "dtype"
    - "list"
    - "tuple"
- Choose the value that most closely matches with the argument type. For example, change IntTensor or FloatTensor type arguments to "tensor", change "Numbers" to "float" etc.
- If you are confused about a type, choose the best one and add a small comment on what you think should have been there instead.
- Do not add the argument "device".
- If a parameter name starts with an underscore `_` and/or the document does not describe the parameter (i.e. internal parameters), skip including the parameter in the signature.
- If the api has multiple signatures, add both with a prefix to the dictionary key enumerating the count (e.g. `"torch.empty_like_1"`, `"torch.empty_like_2"` etc). Same goes for argument types, if an argument can be of multiple types (e.g. tuples and integers), create new signatures for each possible type with same prefixes as mentioned before.
- **IMPORTANT** Assume I already have a dictionary called `signatures` (you don't have to initialize it). Provide the output as assigning the signature to the entry of the `signatures` dictionary. 

Examples:

```python
signatures["torch.scatter_add"] = {
    "args": {
        "input": "tensor",
        "dim": "integer",
        "index": "tensor",
        "src": "tensor"
    },
    "kwargs": {},
    "inner": {},
}
signatures["torch.add"] = {
    "args": {
        "input": "tensor",
        "other": "tensor"
    },
    "kwargs": {
        "alpha": "float",
        "out": "tensor"
    },
    "inner": {},
}
signatures["torch.nn.ReflectionPad1d_1"] = {
    "args": {
        "padding": "integer"
    },
    "kwargs": {},
    "inner": {
        "args": {
            "input": "tensor",
            "other": "tensor"
        },
        "kwargs": {}
    }
}
signatures["torch.nn.ReflectionPad1d_2"] = {
    "args": {
        "padding": "tuple"
    },
    "kwargs": {},
    "inner": {
        "args": {
            "input": "tensor",
            "other": "tensor"
        },
        "kwargs": {}
    }
}
```


- Only provide the code, skip any other text. Do not include verbose comments inside code other than short comments about confusion. Do not make any system calls within the code. Do not break any dependencies.


HTTP Request: POST http://127.0.0.1:8080/v1/chat/completions "HTTP/1.1 200 OK"
[Response]

signatures["torch.empty_like"] = {
    "args": {
        "input": "tensor"
    },
    "kwargs": {
        "dtype": "dtype",
        "layout": "string",
        "device": "string",
        "requires_grad": "boolean"
    },
    "inner": {},
}


[Usage]

Token usage: input=816, output=66, total=882


[Prompt]

This is the documentation for the function torch.nn.functional.hardswish:

"torch.nn.functional.hardswish#
torch.nn.functional.hardswish(input, inplace=False)[source]#
Apply hardswish function, element-wise. Follows implementation as described in the paper: Searching for MobileNetV3. Hardswish(x)={0if x3,xif x+3,x(x+3)/6otherwise\text{Hardswish}(x) = \begin{cases} 0 & \text{if~} x \le -3, \\ x & \text{if~} x \ge +3, \\ x \cdot (x + 3) /6 & \text{otherwise} \end{cases} Hardswish(x)=0xx(x+3)/6if x3,if x+3,otherwiseSee Hardswish for more details. Return type Tensor
Apply hardswish function, element-wise.
Follows implementation as described in the paper: Searching for MobileNetV3.
See Hardswish for more details.
Hardswish
Return type
Tensor"

For the api torch.nn.functional.hardswish, provide a signature of the api as a dictionary. Here are the specifications:
- The dictionary should have three keys: 
    - `args` for positional arguments (parameters). The value should be a dictionary with names of the parameters as the key (e.g. "input"). The values should be the type of argument it accepts.
    - `kwargs` for keyword arguments. The value should be a dictinary similar to the one above.
    - `inner` for apis that are callable modules i.e. they return a function that can be called with more parameters. This will contain the signature required to call the function returned by the api. This value should be another dictionary with `args` and `kwargs` if the api is a callable module. Otherwise, keep this dictionary empty (i.e. do not include the `args` or `kwargs` keys). This api likely does not return a function, check if that is true. If so, `inner` should be empty. Otherwise add the signature for the inner call.
- **IMPORTANT** The types of each parameter can only be (strictly) one of the following options:
    - "tensor"
    - "tensor_list"
    - "integer"
    - "float"
    - "boolean"
    - "string"
    - "dtype"
    - "list"
    - "tuple"
- Choose the value that most closely matches with the argument type. For example, change IntTensor or FloatTensor type arguments to "tensor", change "Numbers" to "float" etc.
- If you are confused about a type, choose the best one and add a small comment on what you think should have been there instead.
- Do not add the argument "device".
- If a parameter name starts with an underscore `_` and/or the document does not describe the parameter (i.e. internal parameters), skip including the parameter in the signature.
- If the api has multiple signatures, add both with a prefix to the dictionary key enumerating the count (e.g. `"torch.nn.functional.hardswish_1"`, `"torch.nn.functional.hardswish_2"` etc). Same goes for argument types, if an argument can be of multiple types (e.g. tuples and integers), create new signatures for each possible type with same prefixes as mentioned before.
- **IMPORTANT** Assume I already have a dictionary called `signatures` (you don't have to initialize it). Provide the output as assigning the signature to the entry of the `signatures` dictionary. 

Examples:

```python
signatures["torch.scatter_add"] = {
    "args": {
        "input": "tensor",
        "dim": "integer",
        "index": "tensor",
        "src": "tensor"
    },
    "kwargs": {},
    "inner": {},
}
signatures["torch.add"] = {
    "args": {
        "input": "tensor",
        "other": "tensor"
    },
    "kwargs": {
        "alpha": "float",
        "out": "tensor"
    },
    "inner": {},
}
signatures["torch.nn.ReflectionPad1d_1"] = {
    "args": {
        "padding": "integer"
    },
    "kwargs": {},
    "inner": {
        "args": {
            "input": "tensor",
            "other": "tensor"
        },
        "kwargs": {}
    }
}
signatures["torch.nn.ReflectionPad1d_2"] = {
    "args": {
        "padding": "tuple"
    },
    "kwargs": {},
    "inner": {
        "args": {
            "input": "tensor",
            "other": "tensor"
        },
        "kwargs": {}
    }
}
```


- Only provide the code, skip any other text. Do not include verbose comments inside code other than short comments about confusion. Do not make any system calls within the code. Do not break any dependencies.


HTTP Request: POST http://127.0.0.1:8080/v1/chat/completions "HTTP/1.1 200 OK"
[Response]

signatures["torch.nn.functional.hardswish"] = {
    "args": {
        "input": "tensor"
    },
    "kwargs": {
        "inplace": "boolean"
    },
    "inner": {}
}


[Usage]

Token usage: input=1058, output=49, total=1107


